record_id,student_id,term,fee_type,amount_due,scholarship_discount,amount_paid,balance,payment_status,payment_date
FIN000990,STU00484,Fall 2023,Lab Fee,100.78,0.0,100.78,0.0,Paid,2024-11-08
FIN000325,STU00158,Fall 2023,Library Fee,30.99,0.0,30.99,0.0,Paid,2023-09-23
FIN000840,STU00416,Fall 2025,Meal Plan,637.08,63.71,573.37,0.0,Paid,2023-10-14
FIN001228,STU00602,Spring 2025,Extracurricular Fee,55.68,55.68,0,0.0,Paid,
FIN000555,STU-00276,Fall 2024,Lab Fee,86.1,0.0,86.1,0.0,Paid,
FIN001827,STU00893,Spring  2025,Library Fee,41.25,0.0,41.25,0.0,Paid,2024-08-09
FIN001877,STU00915,Fall 2023,Extracurricular Fee,41.38,41.38,0,0.0,PAID,
FIN000352,STU00174,Spring 2024,Tuition,3568.36,0.0,3568.36,0.0,Paid,2025-10-26
FIN001435,STU00699,Spring 2024,Library Fee,21.95,2.19,19.76,-0.0,Paid,2024-12-03
FIN000170,STU00083,Spring 2025,Transportation,,0.0,356.7,0.0,Paid,2024-07-05
FIN000034,stu00015,Fall 2025,,4037.32,403.73,3633.59,0.0,Paid,2024-07-25
FIN000871,STU00430,Spring 2025,Meal Plan,624.59,0.0,624.59,0.0,Paid,2024-06-09
FIN002020,STU00981,,Extracurricular Fee,81.78,0.0,0,81.78,Unpaid,
FIN001807,STU882,Spring 2025,Library Fee,58.22,58.22,0,0.0,Paid,
FIN001051,STU00517,Spring 2024,Tuition,4047.33,0.0,4047.33,0.0,Paid,"August 21, 2025"
FIN000118,STU00058,Fall 2025,Library Fee,51.03,0.0,51.03,0.0,Paid,2023-10-22
FIN001831,STU00895,Spring  2024,Transportation,257.58,0.0,257.58,0.0,Paid  ,2023-12-13
FIN000450,STU00224,spring 2024,Lab Fee,81.77,,0,0.0,Paid,
FIN000196,STU00095,Spring 2024,Meal Plan,530.34,53.03,477.31,0.0,Paid,2025-11-09
FIN000218,STU00107,  Spring 2025,Meal Plan,797.34,797.34,0,0.0,Paid,
FIN000762,STU00381,Spring 2024,Transportation,394.32,0.0,394.32,0.0,Paid,2025-09-26
FIN001124,STU00552,Spring 2024,Tuition,4968.44,0.0,4968.44,0.0,Paid,9/28/2024
FIN000613,STU00304,Fall 2023,EXTRACURRICULAR FEE,56.35,0.0,56.35,0.0,Paid,1/25/2025
FIN001043,STU00512,Fall 2024,Lab Fee,103.17,10.32,2.99,89.86,Partial,2023-08-04
FIN000039,STU00017,Fall 2024,Lab Fee,68.6,17.15,51.45,-0.0,Paid,2024-06-03
FIN000923,453,Spring 2024,Lab Fee,81.65,20.41,61.24,0.0,Paid,2023-12-07
FIN000852,STU00422,Spring 2025,Lab Fee,68.03,17.01,51.02,-0.0,,2025-07-20
FIN001137,STU00559,Fall 2024,Meal Plan,630.68,157.67,449.9,23.11,Partial,2024-10-30
FIN002031,STU00987,Spring 2025,Meal Plan,651.71,0.0,651.71,0.0,Paid,2024-08-27
FIN000172,STU00084,Fall  2025,Library Fee,29.48,0.0,0,29.48,Unpaid,
FIN000346,STU00170,Fall 2023,Tuition,4968.78,0.0,,79.03,Partial,2025-11-12
FIN000577,STU00286,Fall 2024,Library Fee,39.75,19.88,19.87,0.0,Paid,2023-08-14
FIN000412,STU00205,Spring 2025,Extracurricular Fee,103.29,0.0,103.29,0.0,Paid,2025-04-18
FIN000396,STU00195,Spring 2024,Transportation,252.95,0.0,122.75,130.2,Partial,2024-09-30
FIN000027,STU00013,Fall 2024,Meal Plan,318.75,31.88,,0.0,Paid,2025-01-27
FIN000643,STU00319,Spring 2024,Transportation,394.97,0.0,297.63,97.34,partial,2025-05-08
FIN000564,STU00280,Fall 2025,Transportation,375.27,0.0,375.27,0.0,Paid,2025-02-12
FIN001189,STU00583,Spring 2024,Lab Fee,75.28,75.28,0,0.0,Paid,
FIN000585,290,Fall 2023,Lab Fee,106.94,0.0,106.94,0.0,Paid,4/5/2025
FIN000951,STU00465,  Fall 2024,Lab Fee,83.44,0.0,83.44,0.0,Paid,2025-04-06
FIN000488,STU00241,Fall 2023,Transportation,203.5,50.88,152.62,0.0,Paid,2024-06-09
FIN001453,stu00707,Spring 2024,Lab Fee,105.08,26.27,78.81,0.0,Paid,2023-11-12
FIN001540,STU00751,Fall 2025,Lab Fee,99.26,49.63,0,,Unpaid,
FIN000591,STU00292,Fall 2023,Meal Plan,338.24,0.0,338.24,0.0,,2024-08-08
FIN000507,STU00253,Fall 2024,Transportation,226.87,0.0,226.87,0.0,Paid,16/12/2024
FIN001751,STU00855,Spring 2024,Lab Fee,56.45,0.0,0,56.45,Unpaid,
FIN000296,STU00146,Spring 2024,Extracurricular Fee  ,63.72,0.0,0,63.72,Unpaid,
FIN001483,STU00722,Fall 2025,Library Fee,,0.0,24.6,0.0,Paid,2025-08-22
FIN001741,STU00850,Spring 2025,Extracurricular Fee,116.65,0.0,116.65,0.0,Paid,2023-09-30
,STU00454,Fall 2024,Tuition,3891.19,972.8,2918.39,0.0,Paid,2025-03-07
FIN000504,STU00252,Spring 2025,Lab Fee,146.42,14.64,94.64,37.14,Partial,2025-04-17
FIN000656,STU00325,Spring 2025,Meal Plan,603.91,0.0,603.91,0.0,Paid,"February 21, 2025"
FIN000596,STU00294,Fall 2024,Transportation,277.03,0.0,228.53,48.5,Partial,"May 03, 2024"
FIN001246,STU00610,Spring 2024,Library Fee,48.97,12.24,36.73,0.0,Paid,2025-05-30
FIN001449,S0705,Spring  2025,Transportation,167.11,0.0,167.11,0.0,Paid,2025-01-22
FIN000168,STU00083,Spring 2024,Extracurricular Fee,55.77,0.0,55.77,0.0,Paid,2025-09-05
FIN001789,STU00874,  Spring 2024,Meal Plan,305.69,0.0,305.69,0.0,Paid,2024-08-31
FIN000153,STU00075,Fall 2025,Transportation,384.07,38.41,345.66,-0.0,Paid,2024-10-05
FIN000406,STU00203,Spring 2025,Lab Fee,91.41,9.14,82.27,0.0,paid,"January 30, 2024"
FIN000403,STU00201,Fall 2025,Lab Fee,69.07,0.0,69.07,0.0,Paid,2025-07-22
FIN001775,STU00868,Spring  2024,Meal Plan,758.48,75.85,682.63,0.0,Paid,2025-11-14
FIN001331,S0651,Fall 2025,Tuition,2520.93,252.09,2268.84,-0.0,,2023-10-17
FIN000886,S0436,Fall 2023,Meal Plan,685.24,0.0,685.24,0.0,Paid,9/6/2023
FIN000031,STU00014,Fall 2024,,351.43,87.86,263.57,0.0,Paid,2025-02-02
FIN001220,STU00598,Spring 2024,Tuition,3082.44,0.0,3082.44,0.0,Paid,2025-10-20
FIN001654,STU00805,Spring 2024,Transportation,303.89,30.39,273.5,0.0,Paid,2023-10-02
FIN000373,STU00182,Fall 2023,library fee,41.22,4.12,37.1,0.0,Paid,2025-08-18
FIN001352,STU00663,Spring 2025,Meal Plan,323.39,0.0,323.39,0.0,Paid,2025-05-05
FIN001680,STU00821,Spring 2024,Tuition,2120.04,530.01,1590.03,0.0,Paid,2025-03-28
FIN000067,S0032,,Meal Plan,521.49,0.0,454.46,67.03,Partial,2024-05-29
FIN001752,STU00856,Spring 2024,Meal Plan,533.03,0.0,533.03,0.0,Paid,2024-11-28
FIN001974,STU959,Fall 2025,Transportation,247.36,0.0,247.36,0.0,Paid,2024-03-03
FIN001012,STU496,Fall 2023,Meal Plan,461.88,,461.88,0.0,Paid,2024-12-03
FIN001521,STU00741,Spring 2024,Extracurricular Fee,65.44,0.0,65.44,0.0,Paid,2023-11-24
FIN000289,STU00144,Fall 2025,MEAL PLAN,471.08,47.11,423.97,-0.0,Paid,24-Aug-2023
FIN000132,STU00065,Fall 2023,Library Fee  ,51.67,51.67,0,0.0,Paid,
FIN000454,STU226,Fall 2025,Tuition,2737.28,1368.64,1368.64,0.0,Paid,2025-06-26
FIN002053,STU01000,Fall 2023,Extracurricular Fee,63.62,0.0,63.62,0.0,Paid,2025-03-14
FIN001507,STU00734,Spring  2025,Meal Plan,757.98,0.0,757.98,0.0,Paid,2024-09-19
FIN001643,STU00801,Spring 2024,Tuition,2642.08,,2642.08,0.0,,2024-07-09
FIN000062,29,Fall 2023,Extracurricular Fee,105.09,52.55,52.54,0.0,Paid,2/6/2025
FIN000868,STU00429,Spring 2024,Tuition,4437.51,0.0,4421.0,16.51,Partial,2/16/2025
FIN001688,STU00824,Fall 2024,Library Fee,20.88,0.0,20.88,0.0,Paid,2025-05-13
FIN000562,STU00280,Spring 2024,Extracurricular Fee,81.51,0.0,17.99,63.52,partial,2024-04-28
FIN000732,STU00363,Spring 2024,Lab Fee,129.31,12.93,116.38,0.0,Paid,2024-03-27
FIN000415,STU00206,Fall 2024,Tuition,2871.61,1435.81,1263.89,171.91,Partial,2025-06-02
FIN001245,STU00610,Spring 2025,,243.9,24.39,,135.4,Partial,2025-05-24
FIN002047,STU00996,Fall 2023,Library Fee,39.05,19.52,19.53,-0.0,Paid,2024-03-24
FIN001899,STU00924,Fall 2025,Extracurricular Fee,70.99,35.49,0,35.5,Unpaid,
FIN001055,STU00518,,Meal Plan,323.2,0.0,323.2,0.0,Paid,2023-10-20
FIN001595,STU00778,Fall 2025,Transportation,263.78,0.0,263.78,0.0,Paid,2025-05-26
FIN000494,STU00244,Spring 2025,Lab Fee,66.52,0.0,0,66.52,Unpaid,
FIN001021,STU00500,Fall 2023,Lab Fee,113.88,0.0,113.88,0.0,Paid,2024-12-30
FIN000075,STU-00036,Spring 2024,Transportation  ,320.77,,157.71,163.06,Partial,2025-05-27
FIN001618,STU00790,Spring 2025,Meal Plan,430.5,0.0,430.5,0.0,Paid,2024-03-14
FIN001078,STU00530,Spring 2024,Lab Fee,92.59,46.3,0,46.29,Unpaid,
FIN001038,STU00509,Fall 2025,Tuition,4724.56,1181.14,3543.42,0.0,,2024-11-26
FIN001191,S0584,Fall 2025,Lab Fee,54.38,54.38,0,0.0,Paid,
FIN001372,STU00671,Fall 2025,Lab Fee,78.32,0.0,78.32,0.0,Paid,2024-10-25
FIN000928,STU00455,Fall 2023,Transportation,260.9,26.09,234.81,-0.0,Paid,2024-09-10
FIN000800,S0397,Fall 2025,Transportation,217.72,0.0,217.72,0.0,Paid,9/17/2023
FIN000299,STU00147,Fall 2024,Library Fee,52.06,13.02,39.04,0.0,Paid,2023-10-26
FIN001668,STU00814,Fall 2025,Transportation,228.16,0.0,200.15,28.01,Partial,2025-01-23
FIN001691,STU00825,Spring 2025,Meal Plan,531.46,132.87,398.59,0.0,Paid,2025-10-06
FIN000838,STU00415,Spring 2024,Tuition,4388.05,0.0,4208.2,,Partial,
FIN000808,STU00401,Fall 2024  ,Transportation,233.57,0.0,233.57,0.0,Paid,2025-05-14
FIN001528,STU00744,Spring 2025,Tuition,4506.59,450.66,4055.93,0.0,Paid,11/28/2024
FIN001079,stu00531,Fall 2025,Library Fee,32.4,3.24,29.16,-0.0,Paid,2024-02-21
FIN000716,STU00354,Fall 2025,,3717.9,0.0,3680.82,37.08,Partial,2025-11-22
FIN000314,STU00153,Spring 2024,Extracurricular Fee,68.66,68.66,0,0.0,Paid,
FIN000995,STU00487,Spring 2025,Lab Fee,62.98,15.74,47.24,-0.0,Paid,"July 20, 2024"
FIN000141,STU00069,Spring 2025,Library Fee,53.0,0.0,53.0,0.0,Paid,2024-03-22
FIN000205,STU00100,Fall 2025,Library Fee,40.96,0.0,40.96,0.0,Paid,2025-07-17
FIN001667,STU00813,Spring 2025,Lab Fee,102.89,102.89,0,0.0,Paid,
FIN001347,STU00660,Fall 2025,Lab Fee,77.81,0.0,0,77.81,Unpaid,
FIN001940,STU00942,Fall 2025,Lab Fee,130.93,130.93,0,0.0,Paid,
FIN001420,STU00692,Fall 2024,,190.32,0.0,190.32,0.0,Paid,2025-05-20
FIN001509,STU00735,Spring 2025,Transportation,206.0,0.0,206.0,0.0,Paid,45696
FIN000407,STU00203,Fall 2025,Meal Plan,760.81,190.2,570.61,-0.0,Paid,2024-02-12
FIN001624,STU00792,Fall 2025,,95.55,47.77,47.78,-0.0,Paid,2024-12-09
FIN000715,STU00354,Fall 2025,Lab Fee,77.18,7.72,69.46,0.0,Paid,2024-04-17
FIN000129,STU00063,Spring 2025,Lab Fee,101.79,10.18,91.61,0.0,Paid,10/8/2025
FIN001616,S0789,Fall 2024,Lab Fee,129.75,12.97,116.78,0.0,Paid,2023-12-20
FIN000279,STU00140,Fall 2025,Library Fee,50.35,0.0,31.99,18.36,PARTIAL,2024-04-24
FIN001763,STU00863,Fall 2025,Library Fee,56.42,0.0,56.42,0.0,Paid,5/7/2025
FIN001544,STU00753,Fall 2023,Lab Fee,,0.0,112.96,,Paid,2025-03-28
FIN002040,STU00993,Spring 2024,Tuition,2358.57,0.0,2193.5,165.07,Partial,2023-12-01
FIN000109,STU00053,Fall 2025,Extracurricular Fee,76.08,0.0,76.08,0.0,Paid,19-Jun-2025
FIN000102,STU00049,Fall 2025,Transportation,230.4,,207.36,0.0,Paid,2024-01-13
,STU00526,Spring 2024  ,Library Fee,26.1,0.0,26.1,0.0,Paid,2025-02-01
FIN001683,STU00822,Fall 2025,Library Fee,59.21,29.61,0,29.6,Unpaid,
FIN001524,STU00742,Fall 2023,Extracurricular Fee,75.29,18.82,56.47,0.0,Paid,2024-11-19
FIN000101,STU00048,Fall 2025,Library Fee,52.3,0.0,52.3,,Paid,2024-12-11
,STU00975,,Lab Fee,84.65,,84.65,0.0,Paid,2025-08-03
FIN000809,STU00401,Fall 2024,LAB FEE,107.89,0.0,0,107.89,Unpaid,
FIN000952,STU00465,FALL 2025,Tuition,3964.47,0.0,3964.47,0.0,Paid,2023-12-27
FIN001766,STU00864,Spring 2024,Meal Plan,742.42,0.0,725.74,16.68,Partial,2023-09-12
FIN001603,STU00781,Spring 2024,Tuition,2580.81,258.08,2322.73,0.0,Paid,2023-08-14
FIN000917,STU00451,Spring 2024,Library Fee,52.48,0.0,52.48,0.0,Paid,2025-05-04
FIN001380,STU00675,Spring 2025,Meal Plan,535.03,0.0,535.03,0.0,Paid,2023-09-29
FIN001342,STU00656,Fall 2023,Transportation,329.68,32.97,158.54,138.17,Partial,2024-06-20
FIN000879,STU00433,Spring 2025,lab fee,64.15,0.0,0,64.15,Unpaid,
FIN001280,STU00628,Spring 2024,Meal Plan,540.54,0.0,540.54,0.0,Paid,2025-07-13
FIN001892,STU00921,Fall 2024,Transportation,288.8,0.0,288.8,0.0,Paid,2024-03-03
FIN000731,STU363,Spring 2024,Extracurricular Fee,36.91,0.0,36.91,0.0,Paid,3/1/2024
FIN001600,STU00780,Spring 2024,Transportation,395.31,0.0,257.48,137.83,Partial,2024-06-29
FIN000037,STU00017,Fall  2025,Meal Plan,331.75,33.17,298.58,0.0,Paid,7/1/2024
FIN001401,STU00683,Spring 2024,Library Fee,21.89,0.0,21.89,0.0,Paid,5/12/2023
FIN000470,STU00233,Spring 2024,Extracurricular Fee,68.55,0.0,68.55,0.0,Paid,2024-05-30
FIN000443,STU00220,Fall 2025,Library Fee,35.81,8.95,26.86,0.0,Paid,2024-03-14
FIN000781,STU00387,Spring 2025,Transportation,311.53,77.88,233.65,-0.0,Paid,2025-01-10
FIN000419,STU00208,Spring 2025,Tuition,2864.15,,2864.15,0.0,Paid,2025-05-15
FIN001705,STU00832,Spring 2024,Meal Plan,702.75,0.0,702.75,0.0,Paid,2023-12-30
FIN000707,STU00350,Spring  2024,Lab Fee,149.56,0.0,149.56,0.0,Paid,2025-06-29
FIN000358,STU00176,Spring 2024,Transportation,164.3,0.0,164.3,0.0,Paid,2025-02-04
FIN000818,STU404,Fall 2024,Meal Plan,605.63,0.0,605.63,0.0,Paid,2025-09-16
FIN000889,STU00437,Fall 2023,Tuition,2785.14,278.51,2337.48,169.15,Partial,2023-12-24
,STU00571,Fall 2024,Library Fee,35.62,8.9,26.72,0.0,Paid,2023-12-25
FIN001593,STU00777,Spring 2025,Tuition,3833.08,1916.54,1916.54,0.0,Paid,2025-10-15
FIN001543,STU00752,Fall 2024,Extracurricular Fee,80.44,0.0,13.07,67.37,Partial,
FIN000724,STU00359,Spring 2025,Extracurricular Fee,89.04,22.26,66.78,0.0,Paid,
FIN000939,STU00460,Fall 2024,Lab Fee,50.62,0.0,50.62,0.0,Paid,
FIN000768,STU00383,Fall 2024,Library Fee,48.24,12.06,0,36.18,Unpaid,
FIN001522,STU00741,Fall 2024,Library Fee,28.79,0.0,28.79,0.0,Paid,2025-05-25
FIN001270,STU00624,Spring 2024,Transportation,174.97,0.0,,0.0,Paid,
FIN001640,STU00800,Fall 2023,Transportation,270.92,0.0,270.92,0.0,Paid,"August 16, 2025"
FIN001739,STU00848,Fall  2024,Transportation,154.89,0.0,154.89,0.0,Paid,2025-03-05
FIN000399,STU00197,Fall 2024,Transportation,293.47,0.0,293.47,0.0,Paid,2024-08-21
FIN001046,STU00513,Fall 2023,Transportation,286.4,0.0,286.4,0.0,Paid,2025-06-23
FIN001442,STU00702,Spring 2024,Lab Fee,91.64,0.0,91.64,0.0,Paid,2024-05-06
FIN000417,STU00208,Fall 2023,Library Fee,49.17,0.0,49.17,0.0,Paid,2025-02-10
FIN001986,STU963,Fall 2023,Extracurricular Fee,60.16,0.0,60.16,0.0,Paid,2025-02-04
FIN000349,172,Fall 2023,Tuition,4210.45,421.05,3789.4,-0.0,Paid,2023-12-24
FIN001911,STU00928,Spring 2025,  Lab Fee,51.99,0.0,51.99,0.0,Paid,2024-04-25
,STU00924,Fall 2024,Transportation,223.2,0.0,223.2,0.0,Paid,2025-04-06
FIN001663,STU00810,Fall 2024,Extracurricular Fee  ,104.76,0.0,104.76,0.0,Paid,6/4/2025
FIN000830,STU00411,Fall 2024,Lab Fee,61.97,0.0,61.97,0.0,Paid,2025-01-26
,STU00883,Fall 2023,Lab Fee,90.25,0.0,22.93,67.32,Partial,2024-08-16
FIN001364,STU00668,,Tuition,4531.05,,4531.05,0.0,Paid,2025-11-16
FIN001283,STU00629,Spring 2025,,40.06,0.0,40.06,0.0,Paid,2024-06-19
FIN000626,STU00310,Spring 2024,Library Fee,20.68,2.07,18.61,0.0,Paid,2023-08-14
FIN001209,STU00594,Spring  2025,Lab Fee,130.94,65.47,65.47,0.0,Paid,2023-08-24
FIN001716,STU00838,Fall 2023,Lab Fee,71.03,0.0,11.07,59.96,Partial,2025-08-25
FIN001019,STU00500,Fall 2024,Extracurricular Fee,76.91,76.91,0,0.0,Paid,
FIN001284,STU00630,Fall 2024,Tuition,3368.41,336.84,3031.57,-0.0,Paid,2025-08-21
FIN001714,STU00837,Fall 2023,,4411.13,0.0,4411.13,0.0,Paid,2024-04-20
FIN000944,STU00462,Fall 2025,Library Fee,21.2,0.0,21.2,0.0,Paid,2023-08-03
FIN000565,STU00281,Spring 2025,Lab Fee,72.59,0.0,0,72.59,Unpaid,
FIN001535,STU00747,Fall 2025,Tuition,2943.17,2943.17,0,0.0,Paid,
FIN001774,STU00868,Fall 2025,Transportation,189.17,47.29,12.89,128.99,Partial,2025-01-09
,STU00144,Spring 2025,Transportation,198.33,49.58,148.75,0.0,Paid,2025-07-05
FIN001545,STU00753,Spring 2024,Extracurricular Fee,50.94,0.0,50.94,0.0,Paid,2024-07-08
FIN001998,STU00970,Fall 2025,Transportation,231.05,0.0,37.39,193.66,Partial,2024-12-12
FIN001085,STU00533,Fall 2023,Tuition,3528.32,0.0,3528.32,0.0,Paid,2025-03-03
FIN001925,STU00936,Spring 2024,Lab Fee,98.2,0.0,98.2,0.0,Paid,2024-05-17
FIN001553,757,Spring 2025,,132.79,0.0,132.79,0.0,Paid,2024-10-08
FIN000010,6,Spring 2024,,36.31,18.16,18.15,0.0,Paid,2025-07-12
FIN001508,STU00734,Fall 2023,Transportation,335.72,0.0,335.72,0.0,Paid,2024-04-21
,STU00220,  Spring 2024,,50.07,0.0,50.07,0.0,Paid,2025-10-23
FIN001076,STU00530,Fall 2023,,2399.09,0.0,2215.17,183.92,Partial,2025-09-01
FIN000793,STU00395,Spring 2025,Lab Fee,63.7,0.0,63.7,0.0,Paid,2025-02-01
FIN001874,STU00914,Spring 2024,Transportation,154.36,38.59,96.04,19.73,Partial,2025-02-28
FIN001423,STU00694,Spring 2024,Extracurricular Fee,75.73,7.57,68.16,0.0,Paid,2025-06-23
FIN001071,STU00527,Spring 2025,Meal Plan,604.27,151.07,453.2,0.0,Paid,2023-12-13
FIN000489,STU00241,,Extracurricular Fee,113.71,0.0,113.71,0.0,Paid,2024-05-10
FIN001443,STU00702,Fall 2023,Tuition,2032.27,508.07,1524.2,0.0,Paid,2024-06-16
FIN000420,STU00209,,Transportation,194.47,48.62,145.85,0.0,,2024-03-17
FIN000078,STU37,,Library Fee,39.36,0.0,0,39.36,Unpaid,
FIN000877,STU00433,Fall 2023,Library Fee,32.2,0.0,32.2,0.0,Paid,2023-09-30
FIN001768,STU00865,Spring 2025,Extracurricular Fee,99.99,10.0,0,89.99,Unpaid,
FIN002017,STU00980,Spring 2024,Meal Plan,672.12,0.0,672.12,0.0,Paid,17-Apr-2025
FIN000999,STU00489,Spring 2024,Meal Plan,737.93,737.93,0,0.0,Paid,
FIN000266,STU00134,Spring 2025  ,Transportation,172.24,0.0,120.94,51.3,Partial,2025-04-11
FIN000226,stu00112,Fall 2023,MEAL PLAN,707.17,0.0,707.17,0.0,Paid,2024-07-21
FIN001849,STU00903,Fall 2025,Extracurricular Fee,93.16,46.58,46.58,0.0,Paid,2025-02-05
,STU00288,Fall 2025,Extracurricular Fee,39.25,39.25,0,0.0,Paid,
FIN002006,STU00974,Spring 2025,Meal Plan,334.93,0.0,334.93,0.0,Paid,45151
FIN001930,stu00938,Spring 2024,Tuition,2697.98,0.0,2677.66,20.32,Partial,2023-11-06
FIN001129,STU00555,Spring 2024,,4788.57,2394.28,2394.29,-0.0,Paid,2024-03-25
FIN000072,STU00034,Fall 2025,Transportation,332.2,0.0,242.35,89.85,Partial,21-Oct-2023
FIN001964,S0953,Fall 2023,Library Fee,38.8,0.0,38.8,0.0,paid,45170
FIN000215,STU00106,Spring 2025,,,42.91,,-0.0,Paid,26/6/2025
FIN000064,STU00030,Fall 2023,Transportation,334.33,0.0,285.36,48.97,Partial,18-Sep-2023
FIN000162,STU00080,Fall 2025,Tuition,3690.25,922.56,2756.19,11.5,PARTIAL,2024-11-24
FIN001861,STU00909,Fall 2023,Transportation,225.99,0.0,225.99,0.0,,2025-11-09
FIN000361,STU00177,Fall 2025,Lab Fee,56.96,0.0,56.96,0.0,Paid,2023-12-09
FIN001453,stu00707,Spring 2024,Lab Fee,105.08,26.27,78.81,0.0,Paid,2023-11-12
FIN000375,STU00183,Spring 2025,Tuition,4522.68,452.27,4070.41,0.0,Paid,9/1/2024
FIN001850,STU00903,Fall 2024,Transportation,226.7,0.0,,0.0,paid,2023-10-29
FIN001384,STU00676,Fall 2023,Tuition,3742.36,0.0,3742.36,0.0,Paid,2024-08-03
FIN000066,STU00031,Fall 2025,Extracurricular Fee,103.51,0.0,103.51,0.0,Paid,2025-07-26
FIN000801,STU00397,Fall 2025,Library Fee,20.52,0.0,20.52,0.0,Paid,2025-05-12
FIN001909,STU00928,Fall 2024,Meal Plan,740.56,0.0,740.56,0.0,Paid,2025-04-30
FIN000181,stu00089,Fall 2024,Lab Fee,139.52,13.95,125.57,0.0,Paid,2024-06-25
FIN000527,STU00263,Spring 2024,Extracurricular Fee,71.45,,71.45,0.0,Paid,30/9/2025
FIN000435,STU00217,Spring 2024,Transportation,189.4,18.94,170.46,0.0,PAID,2025-04-09
FIN000825,STU00407,Spring 2025,Lab Fee,140.96,0.0,140.96,0.0,Paid,2023-09-22
FIN001993,STU00967,Fall 2024,Transportation,382.07,95.52,286.55,0.0,Paid,"September 19, 2024"
FIN001879,STU00916,Fall 2023,Lab Fee,146.24,,146.24,0.0,Paid,2025-02-14
FIN000404,stu00202,Spring 2025,Library Fee,23.1,0.0,23.1,0.0,Paid,2024-01-05
FIN000408,STU00204,Fall 2023,Transportation,,,204.53,-0.0,Paid,2025-06-21
FIN001302,STU00638,Fall 2024,Transportation,389.67,0.0,235.08,154.59,Partial,2025-10-02
FIN000159,STU00078,Fall 2025,Tuition,4735.95,0.0,4715.02,20.93,,2024-06-25
FIN001425,STU00694,Spring 2024,Library Fee,22.42,0.0,22.42,0.0,  Paid,2023-11-29
FIN000828,STU01332,fall 2023,Transportation,176.16,88.08,88.08,0.0,Paid,2023-09-19
FIN001806,STU00882,Fall 2023,Meal Plan,591.02,295.51,295.51,0.0,Paid,2024-02-09
FIN002046,STU00996,Fall 2024,Transportation,382.18,0.0,382.18,0.0,Paid,2025-02-08
FIN000580,STU00287,Fall 2023,Library Fee,54.12,0.0,54.12,0.0,Paid,"September 21, 2024"
FIN000846,STU00419,Spring 2025,Library Fee,56.42,,28.21,0.0,Paid,2024-08-22
FIN001293,STU00633,Fall 2023,Library Fee,55.83,0.0,55.83,0.0,Paid,2024-03-23
FIN000307,STU00150,Spring 2025,Meal Plan,688.93,0.0,688.93,0.0,,2024-10-19
FIN000804,STU00399,Fall 2025,Transportation,358.29,89.57,268.72,0.0,Paid,2025-03-05
FIN000945,STU00462,Spring 2025,Transportation,278.48,69.62,208.86,0.0,Paid,2025-05-29
FIN001498,STU00728,Spring 2025,Lab Fee,61.22,0.0,61.22,,  Paid,2024-09-23
FIN000269,STU00135,Fall 2024,Lab Fee,91.02,9.1,81.92,0.0,Paid,2025-09-04
FIN000179,STU00089,Spring 2024,Extracurricular Fee,36.52,36.52,0,0.0,Paid,
FIN001112,stu00547,Spring 2025,Transportation,236.91,0.0,236.91,0.0,Paid,2025-08-07
FIN001848,STU00903,Fall 2023,Meal Plan,582.88,0.0,582.88,0.0,Paid,2023-09-29
FIN001016,STU-00499,Spring 2024,Library Fee,26.25,6.56,19.69,0.0,Paid,"May 23, 2024"
FIN001139,STU00560,Fall 2024,Extracurricular Fee,64.09,16.02,48.07,0.0,Paid,2024-06-04
FIN000362,STU00178,Fall 2025,Tuition,3629.65,0.0,3629.65,0.0,Paid,2025-02-03
FIN001532,STU00746,Spring 2024,Lab Fee,135.32,0.0,125.16,10.16,Partial,2025-10-19
FIN000333,STU00163,Spring 2024,Extracurricular Fee,45.69,4.57,41.12,0.0,Paid,2025-08-02
FIN000076,STU00036,Spring 2025,Tuition,2965.95,0.0,2941.56,24.39,Partial,2023-11-05
FIN000662,STU-00328,Fall 2025,Lab Fee,52.66,0.0,0,52.66,,
FIN001417,STU00691,Fall 2023,Meal Plan,629.05,0.0,629.05,0.0,Paid,2024-10-21
FIN001935,STU00940,Fall 2024,Extracurricular Fee,88.58,0.0,88.58,0.0,Paid,2023-08-17
FIN001143,STU00561,  Fall 2024,Meal Plan,504.45,0.0,504.45,0.0,Paid,2024-04-09
FIN001206,STU00593,Fall 2024,Tuition,3054.45,0.0,3054.45,0.0,Paid,2025-07-23
FIN000827,STU00408,Spring 2025,LAB FEE,113.87,56.94,56.93,0.0,Paid,2025-11-12
FIN000550,STU01460,Fall 2024,Transportation,284.64,28.46,256.18,0.0,Paid,2024-03-05
FIN001098,S0540,fall 2023,Library Fee,20.07,2.01,18.06,0.0,Paid,2025-08-21
FIN000143,STU00071,Fall 2023,Meal Plan,564.57,0.0,564.57,0.0,Paid,2024-11-18
FIN001456,STU00708,Fall 2025,Extracurricular Fee,96.89,0.0,96.89,0.0,Paid,2025-10-03
FIN001201,STU00589,Fall 2023,Library Fee,40.85,10.21,0,,Unpaid,
FIN000372,STU00182,Fall 2025,Meal Plan,368.34,0.0,368.34,0.0,Paid,2024-04-17
FIN001863,stu00910,Spring 2025,Tuition,4471.23,447.12,4024.11,-0.0,Paid,45238
FIN001084,STU532,Fall 2023,Tuition,2393.0,1196.5,1196.5,0.0,Paid,15/9/2024
FIN000385,STU00188,Fall 2025,Library Fee,25.17,2.52,22.65,0.0,Paid,2023-08-20
FIN001644,STU00801,Spring 2025,Library  Fee,27.58,0.0,27.58,0.0,Paid,2025-02-03
FIN000622,STU-00309,Fall 2024  ,Meal Plan,705.32,70.53,634.79,0.0,Paid,2025-06-26
FIN001660,STU00808,Spring 2025,Meal Plan,612.13,0.0,612.13,0.0,Paid,2024-07-20
FIN001259,STU01465,Spring 2024,Meal Plan,609.95,0.0,419.38,190.57,Partial,"March 23, 2025"
FIN000540,STU00270,Spring 2025,Meal Plan,692.78,0.0,692.78,0.0,Paid,2025-05-03
FIN000587,STU-00290,Fall 2025,MEAL PLAN,785.39,392.69,222.5,170.2,Partial,16-Jul-2025
FIN000389,STU190,Fall 2024,Tuition,3184.27,796.07,2388.2,0.0,Paid,2025-03-22
FIN001118,STU00549,Fall 2023,Library Fee,51.27,0.0,18.69,32.58,Partial,2024-12-04
FIN000317,STU154,Spring 2025,Library Fee,49.05,0.0,49.05,0.0,Paid,2025-09-26
FIN001744,STU00851,,Tuition,3119.25,0.0,3119.25,0.0,Paid,45310
FIN000371,STU00181,Spring 2024,Transportation,277.2,0.0,277.2,0.0,Paid,30-Jun-2025
,STU00646,Fall 2025,Transportation,341.76,34.18,193.61,113.97,Partial,2024-05-30
FIN000248,STU00124,Spring 2024,Extracurricular Fee,71.89,0.0,71.89,0.0,Paid,2025-04-18
FIN001894,STU00922,Fall 2023,Lab Fee,54.57,0.0,54.57,0.0,Paid,2023-08-07
FIN000545,STU00272,Spring 2024,Library Fee,40.65,0.0,40.65,0.0,Paid,2025-02-26
FIN001050,STU00516,Fall 2025,LIBRARY FEE,29.03,0.0,29.03,0.0,Paid,2024-04-25
FIN000402,STU00200,Fall 2023,Library Fee,28.11,7.03,21.08,0.0,,2025-08-11
FIN000199,STU00097,Spring 2024,Tuition,2931.72,0.0,2931.72,0.0,Paid,2024-11-22
FIN001801,STU00878,Spring 2024,Library Fee,57.88,57.88,0,0.0,Paid,
FIN001832,STU00896,Spring 2024,TRANSPORTATION,,0.0,258.01,75.66,Partial,2025-06-16
FIN001053,STU00518,Spring 2024,Transportation,251.92,0.0,80.0,171.92,,2025-12-01
FIN000144,STU-00071,,Extracurricular Fee,50.95,12.74,0,38.21,Unpaid,
FIN001914,stu00930,Spring 2025,Tuition,,0.0,4020.36,0.0,Paid,2025-10-30
FIN001712,STU00836,Fall 2023,Lab Fee,103.35,0.0,0,103.35,Unpaid  ,
FIN000661,STU00327,Fall 2024,Library Fee,51.71,5.17,46.54,0.0,Paid,2023-10-16
FIN001969,STU00957,Fall 2025,Extracurricular Fee,101.33,101.33,0,0.0,Paid,
FIN000698,STU00345,SPRING 2024,Library Fee,31.19,15.6,15.59,0.0,Paid,2025-02-24
FIN000620,STU00308,Fall 2025,Lab Fee,54.23,0.0,18.29,35.94,Partial,16/4/2024
FIN001560,STU00761,Fall 2023,Meal Plan,383.45,383.45,0,0.0,Paid,
,STU00202,Spring 2025,EXTRACURRICULAR FEE,48.01,4.8,43.21,0.0,Paid,2024-09-09
FIN000474,STU00234,Fall 2023,Lab Fee,137.06,0.0,137.06,0.0,Paid,2024-05-17
FIN000945,STU00462,Spring 2025,Transportation,278.48,69.62,208.86,0.0,Paid,2025-05-29
FIN001968,STU00956,Spring 2024,Tuition,4276.35,1069.09,3207.26,0.0,Paid,2024-02-12
FIN001647,802,Fall 2025,Transportation,368.02,0.0,368.02,,Paid,2023-12-13
FIN001755,STU00857,Spring 2025,Extracurricular Fee,35.37,0.0,35.37,0.0,Paid,2025-01-30
FIN001929,stu00938,Fall 2023,Transportation,394.9,197.45,161.77,35.68,Partial,2024-10-03
FIN000026,STU00013,Spring 2025,Transportation,326.14,0.0,326.14,0.0,Paid,2024-03-17
FIN000948,STU00464,spring 2025,Extracurricular Fee,79.75,19.94,59.81,0.0,Paid,"July 07, 2025"
FIN001141,STU00561,Fall 2025,Transportation,236.73,23.67,213.06,0.0,Paid,
FIN000155,STU00076,Fall 2023,Meal Plan,609.0,60.9,548.1,0.0,Paid,26/6/2025
FIN000665,STU00329,Spring 2024,Tuition,2291.37,572.84,1718.53,-0.0,PAID,2025-06-08
FIN000083,STU00040,Spring 2025,Transportation,229.44,,206.5,0.0,Paid,2025-09-11
FIN001704,STU00832,Fall 2025,Lab Fee,91.81,0.0,91.81,0.0,Paid,12/28/2024
FIN001797,STU00877,Fall 2024,extracurricular fee,78.54,0.0,78.54,0.0,,2023-11-12
FIN001367,STU00670,fall 2023,Extracurricular Fee,45.52,0.0,45.52,0.0,Paid,2024-09-28
FIN000166,STU00082,,Tuition,2398.41,0.0,2398.41,0.0,Paid,"July 26, 2024"
FIN000823,STU00406,Spring 2024,Lab Fee,86.59,0.0,0,86.59,Unpaid,
FIN001623,S0791,Fall 2023,,57.0,0.0,57.0,0.0,Paid,07-Jun-2025
FIN000666,STU00330,Fall 2023  ,TUITION,2499.94,249.99,2153.05,96.9,Partial,2023-12-03
FIN001985,STU00963,Fall 2025,Meal Plan,389.99,0.0,389.99,0.0,Paid,20-Nov-2023
FIN000954,STU00466,Fall 2025,Transportation,386.96,96.74,290.22,-0.0,Paid,45355
FIN001469,STU00714,Fall 2025,Lab Fee,125.22,0.0,63.17,62.05,Partial,2024-05-17
FIN001621,STU00791,Fall 2025,Transportation,339.02,339.02,0,0.0,Paid,
FIN001108,STU00546,Fall 2024,Meal Plan,713.29,178.32,534.97,0.0,Paid,2025-06-07
FIN000617,STU-00306,Fall 2024,Meal Plan,367.96,36.8,331.16,-0.0,Paid,5/30/2024
FIN002013,STU-00979,,Tuition,3064.84,0.0,3064.84,,Paid,11/15/2025
FIN001125,STU00552,Fall 2023,Transportation,330.26,330.26,0,0.0,Paid,
FIN000322,STU00157,Spring 2025,Meal Plan,367.88,91.97,275.91,-0.0,Paid,2024-06-15
FIN001422,STU00693,,,214.43,21.44,192.99,0.0,Paid,45520
FIN000888,STU00437,Spring 2024,Library Fee,35.36,0.0,35.36,0.0,paid,2025-03-24
FIN002014,STU00979,Fall 2025,Library Fee,27.74,0.0,0,27.74,Unpaid,
FIN000876,STU00432,Fall 2025,Tuition,3008.58,0.0,3008.58,0.0,Paid,23-Sep-2024
FIN001353,STU00663,Spring 2024,Extracurricular Fee,60.33,0.0,0,60.33,Unpaid,
FIN000203,STU00099,Fall 2024,Extracurricular  Fee,61.67,15.42,46.25,0.0,Paid,2024-02-18
FIN001729,STU00843,Fall 2023,Library Fee,,5.58,26.72,23.55,Partial,2025-05-28
FIN001719,STU01051,Fall 2023,Meal Plan,509.12,254.56,254.56,0.0,Paid,2025-04-15
FIN001738,STU00848,Fall 2025,Library Fee,23.16,0.0,8.88,14.28,Partial,2023-09-09
FIN001452,STU00707,Spring 2025,Library Fee,53.8,26.9,26.9,0.0,Paid,2023-09-27
FIN001693,STU00827,Fall 2023,Meal Plan,448.48,112.12,336.36,0.0,Paid,2024-04-20
FIN000985,STU00481,Fall 2025,Lab Fee,102.47,102.47,0,0.0,Paid,
FIN001203,STU00590,Fall 2024  ,Lab Fee,134.43,33.61,58.45,42.37,Partial,45270
FIN000810,STU00401,Fall 2023,,4002.86,0.0,4002.86,,Paid,2025-10-24
FIN000214,STU00105,Fall 2024,Transportation,168.92,0.0,0,168.92,Unpaid,
FIN001119,STU00550,Fall 2024,Library Fee,49.05,4.91,44.14,0.0,Paid,2025-09-10
FIN001296,STU00635,Spring 2024,Tuition,2907.35,290.74,2616.61,-0.0,Paid,8/1/2024
FIN001066,STU00523,,Tuition,4969.43,0.0,4969.43,0.0,Paid,2025-06-04
FIN001723,840,Fall 2023,Meal Plan,399.72,0.0,399.72,0.0,Paid,2024-11-24
FIN000998,STU-00489,Fall 2025,Library Fee,,0.0,45.1,0.0,Paid,2024-08-19
FIN000515,STU00257,Spring 2025,Library Fee,52.73,,39.96,12.77,Partial,2024-10-08
FIN000466,STU00231,Fall 2024,Extracurricular Fee,54.5,0.0,,0.0,Paid,2025-10-25
FIN001114,STU00548,Fall 2024,Extracurricular Fee,77.71,7.77,6.16,63.78,Partial,2023-12-14
FIN001198,STU00588,Spring 2025,Tuition,2969.11,0.0,2969.11,0.0,Paid,2023-12-24
FIN001306,STU00640,Fall 2023  ,Meal Plan,318.01,0.0,252.82,65.19,Partial,2024-02-25
FIN001677,stu00819,Fall 2025,Transportation,210.75,21.07,189.68,0.0,Paid,2024-08-22
FIN000598,STU00296,Fall 2023,Lab Fee,141.09,70.55,70.54,0.0,Paid,2024-10-31
FIN000465,STU00231,Fall 2023,Tuition,3133.71,313.37,2820.34,0.0,Paid,2025-09-03
FIN000898,STU00441,Spring 2025,Library Fee,41.98,0.0,41.98,0.0,Paid,2023-10-25
FIN000799,STU397,Fall 2025,Tuition,4434.15,0.0,4434.15,0.0,Paid,2025-01-18
FIN000442,STU00220,FALL 2025,Lab Fee,148.62,37.16,111.46,0.0,Paid,2025-07-09
FIN001689,STU00825,Spring 2025,Extracurricular Fee,42.83,0.0,42.83,0.0,Paid,2024-06-16
FIN000671,STU00333,Fall 2024,lab fee,88.89,,44.44,0.0,Paid,2025-03-13
FIN001916,STU00931,Fall  2025,Extracurricular Fee,105.2,52.6,52.6,0.0,  Paid,2024-02-18
FIN000213,STU00104,Spring 2024,Transportation,288.27,72.07,65.29,150.91,Partial,29/10/2023
FIN000245,STU00123,,Tuition,3896.7,,2922.53,-0.0,Paid,2024-02-11
FIN000074,STU00035,Fall 2023  ,extracurricular fee,66.39,0.0,66.39,0.0,Paid,2023-10-10
FIN001077,STU00530,Fall 2024,Library Fee,37.34,3.73,33.61,0.0,Paid,2025-04-07
FIN000123,STU00061,Fall 2025,  Transportation,175.38,43.84,131.54,0.0,Paid,2024-03-25
FIN000681,STU00337,Fall 2024,Transportation,224.62,0.0,182.3,42.32,Partial,2025-07-19
FIN000025,STU00012,Spring 2024,Lab Fee,69.53,0.0,0,69.53,Unpaid,
FIN000803,STU00398,Fall 2023,Library Fee,43.35,0.0,43.35,0.0,Paid,08-Jun-2024
FIN000815,STU00403,Spring 2024,Transportation,300.87,0.0,274.2,26.67,,2025-07-02
FIN000771,STU00384,Spring 2025,Lab Fee,129.07,0.0,129.07,0.0,Paid  ,2024-09-11
FIN000469,STU00232,Fall 2023,Lab Fee,62.47,0.0,62.47,0.0,Paid,2025-05-26
FIN000177,STU00087,Spring 2025,Library Fee,38.4,0.0,38.4,0.0,Paid,2025-08-13
FIN000252,STU00126,Fall 2025,Tuition,2130.91,532.73,1598.18,-0.0,Paid,16-Sep-2025
FIN000298,STU00147,Spring 2025,Extracurricular Fee,38.33,0.0,0,38.33,Unpaid,
FIN001344,STU00657,Spring 2025,Library  Fee,38.11,3.81,0,34.3,Unpaid,
FIN001613,STU00786,Fall 2023,Meal Plan,770.45,385.23,385.22,0.0,Paid,2024-07-28
FIN001157,STU00567,Fall 2025,Lab Fee,107.46,0.0,0,107.46,Unpaid,
FIN001318,STU00645,Spring 2025,Extracurricular Fee,98.55,0.0,98.55,0.0,Paid,2025-05-13
FIN000931,STU00457,Fall 2023  ,Extracurricular Fee,84.15,0.0,84.15,0.0,Paid,2023-08-28
FIN001840,STU00898,Fall 2025,Tuition,4575.49,0.0,4575.49,0.0,Paid,2025-10-01
FIN001167,STU00572,Spring 2025,Lab Fee,106.19,26.55,,0.0,Paid,2025-09-22
,STU00958,Spring 2024,Transportation,392.14,0.0,392.14,0.0,Paid,"February 24, 2025"
FIN000863,STU00426,Spring 2025,Transportation,203.34,,0,0.0,Paid,
FIN000518,stu00258,Fall 2025,Extracurricular Fee,53.7,5.37,0,48.33,Unpaid,
FIN001426,695,Fall 2025,Meal Plan,465.83,0.0,408.34,57.49,Partial,5/20/2024
FIN000354,STU00174,,Meal Plan,686.03,0.0,686.03,0.0,,2025-08-22
FIN001980,STU00961,Fall 2023,Library Fee,40.09,0.0,40.09,0.0,Paid,2024-01-17
FIN001386,STU00678,Fall 2023,Library Fee,52.37,0.0,0,52.37,Unpaid,
FIN001303,638,Fall 2025,Extracurricular Fee,53.08,0.0,53.08,0.0,Paid,2025-05-06
FIN001164,STU00570,Spring 2024,Lab Fee,61.64,0.0,61.64,0.0,Paid,2025-10-31
,STU00160,Spring 2025,Meal Plan,476.66,0.0,353.61,123.05,Partial,2023-11-02
FIN000411,STU00205,Fall 2025,Lab Fee,121.96,0.0,121.96,0.0,Paid,2023-09-10
FIN000733,STU00364,Spring 2024,MEAL PLAN,597.24,0.0,597.24,0.0,Paid,2023-11-18
FIN001773,STU00868,Fall 2023,Library Fee,48.11,0.0,48.11,0.0,Paid,7/4/2025
FIN000397,STU00195,Fall 2025,Tuition,4114.38,0.0,4114.38,0.0,Paid,2024-02-25
FIN001798,STU00877,Fall 2024,Lab Fee,85.56,0.0,85.56,0.0,PAID,2024-06-29
FIN001518,STU00740,Fall 2025,Transportation,265.47,66.37,53.19,145.91,Partial,2024-04-26
FIN000359,STU00176,Spring 2025,Tuition,4669.7,0.0,4669.7,0.0,Paid,03-Aug-2025
FIN001301,STU00638,Spring 2025,Lab Fee,116.08,0.0,18.0,98.08,Partial,2023-08-31
,STU00539,,Meal Plan,325.72,81.43,244.29,0.0,Paid,2023-11-09
FIN001226,STU00601,Spring 2024,Extracurricular Fee,113.17,56.59,56.58,0.0,Paid,2024-03-20
FIN001610,STU00785,Fall 2025  ,Meal Plan,334.67,33.47,105.64,195.56,Partial,2023-09-17
FIN000463,STU00230,Spring 2024,Tuition,4801.24,480.12,4321.12,0.0,,2023-12-24
FIN001178,STU00578,Spring 2025,Extracurricular Fee,54.77,0.0,54.77,0.0,Paid,2025-02-09
FIN001441,STU00701,Fall 2024,Tuition,3713.12,0.0,3713.12,0.0,Paid,2025-08-17
FIN000742,STU00370,Fall 2025,Meal Plan,561.01,0.0,561.01,0.0,Paid,2024-05-11
FIN000932,STU00457,Spring 2024,Library Fee,37.94,0.0,37.94,0.0,Paid,2023-11-08
FIN001424,STU00694,Spring 2025,Transportation,193.49,19.35,174.14,0.0,Paid,2025-10-10
FIN000726,STU00360,Spring 2025,Transportation,374.56,0.0,374.56,0.0,Paid,2024-04-06
,S0519,Fall 2023,  Meal Plan,362.94,,326.65,0.0,Paid,2025-08-03
FIN000355,STU00175,Spring 2024,Tuition,2081.96,0.0,2081.96,0.0,Paid,2023-09-23
FIN000250,STU00125,Spring 2025,Transportation,213.33,53.33,0,160.0,Unpaid,
FIN001782,STU00871,Fall 2025,Meal Plan,783.43,78.34,705.09,-0.0,Paid,2024-03-01
FIN001101,STU00542,Fall 2025,,372.43,0.0,,0.0,Paid,2024-09-18
FIN000589,STU00291,Fall 2025,Lab Fee,81.85,,61.39,-0.0,Paid,26/6/2024
FIN000578,S0287,Fall 2023,Meal Plan,682.18,0.0,571.43,110.75,Partial,2025-04-06
FIN001252,STU00613,Fall 2023,,128.87,0.0,0,128.87,Unpaid,
FIN001912,STU-00929,Spring 2025,Library Fee,54.41,0.0,54.41,0.0,Paid,2024-09-17
FIN001229,STU00602,  Spring 2025,LAB FEE,80.17,0.0,80.17,0.0,Paid,2025-01-23
FIN000546,STU00273,Spring 2025,Tuition,4405.64,0.0,4338.07,67.57,Partial,2024-07-19
FIN001511,STU00736,Fall 2025,Tuition,4073.06,0.0,4073.06,0.0,Paid,2023-10-04
FIN001182,STU00580,Spring 2024,,110.76,0.0,110.76,0.0,Paid,2025-04-24
FIN001090,STU00534,Spring 2024,Extracurricular Fee,35.33,0.0,35.33,0.0,,2024-10-24
FIN000689,STU00342,Fall 2024,Tuition,2972.32,0.0,2972.32,0.0,Paid,2025-09-19
FIN000283,stu00141,Fall 2025,Tuition,4822.65,0.0,4822.65,0.0,Paid,2024-06-09
FIN000148,STU00073,Fall 2025,extracurricular fee,76.95,7.7,69.25,0.0,,45214
FIN000688,STU00341,Spring 2025,Meal Plan,,34.06,306.58,,Paid,45469
FIN001145,STU00562,Fall 2025,Library Fee,23.48,2.35,0,21.13,Unpaid,
FIN001727,STU00842,Spring 2024,Lab Fee,124.69,31.17,0,93.52,Unpaid,
FIN001003,STU00491,Fall 2025,  Transportation,251.04,0.0,135.21,115.83,Partial,28-Jul-2024
FIN001232,STU00604,Fall 2025,Transportation,264.57,26.46,238.11,-0.0,PAID,2024-09-11
FIN000983,STU01375,Spring 2024,Extracurricular Fee,108.07,10.81,0.48,96.78,Partial,2024-11-25
FIN000086,STU00041,Fall 2025,Transportation,183.68,45.92,137.76,0.0,paid,2025-09-02
FIN000623,STU00309,Spring 2025,Extracurricular Fee,117.43,0.0,117.43,0.0,Paid,2023-08-20
FIN000032,STU00015,Fall 2025,Lab Fee,138.14,13.81,0,124.33,Unpaid,
FIN001661,STU00809,Fall 2023,Tuition,3403.54,0.0,3403.54,0.0,Paid,2024-09-04
FIN000593,STU00293,Spring 2024,Tuition,3398.99,,3331.07,67.92,Partial,2023-09-02
FIN001934,STU00940,Spring 2024,Tuition,3809.37,1904.68,1904.69,-0.0,Paid,2023-11-25
FIN000295,STU00146,Spring 2025,Tuition,2210.49,0.0,2147.66,62.83,Partial,2023-11-20
FIN000634,STU01373,Fall 2025,Meal Plan,711.63,0.0,711.63,0.0,Paid  ,2025-10-09
FIN001243,STU00609,Fall 2023,Transportation,351.76,87.94,263.82,0.0,  Paid,2024-01-26
FIN000194,STU00095,fall 2023,Lab Fee,84.58,0.0,84.58,0.0,Paid,2025-02-22
FIN000481,STU00238,  Spring 2024,Library Fee,20.99,0.0,20.99,0.0,Paid,2025-02-19
FIN000882,STU00434,Spring 2024,Lab  Fee,120.72,0.0,120.72,0.0,Paid,2025-06-26
FIN001583,STU00772,Spring 2024,Meal Plan,675.32,337.66,337.66,0.0,Paid,2025-07-15
FIN000653,STU00324,Fall 2023,Transportation,192.9,19.29,173.61,0.0,Paid,2024-07-14
FIN001034,STU508,Spring 2024  ,Lab Fee,96.54,0.0,96.54,0.0,,2025-01-30
FIN001760,STU00860,Fall 2024,Meal Plan,431.8,107.95,323.85,0.0,Paid,2025-04-08
FIN001327,STU00649,Fall 2023,Extracurricular Fee,96.91,0.0,96.91,0.0,Paid,2023-12-17
,STU00796,Fall 2023,Lab Fee,121.85,0.0,121.85,0.0,Paid,22/8/2024
FIN000535,STU00268,Fall 2025,Meal Plan,723.89,0.0,583.39,140.5,Partial,2024-05-31
FIN001282,STU-00629,Spring 2024,LAB FEE,138.27,0.0,65.54,72.73,Partial,5/19/2025
FIN000674,STU00334,Spring  2025,Lab Fee,127.26,0.0,127.26,0.0,Paid,2024-04-06
FIN000263,STU-00133,Fall 2025,Tuition,2813.93,0.0,2813.93,0.0,PAID,2023-12-07
FIN000699,STU00346,Fall 2023,Extracurricular Fee,115.14,0.0,115.14,0.0,Paid,2023-10-04
FIN001487,STU00724,Spring 2025,Tuition,3428.55,0.0,3428.55,0.0,Paid,2024-04-17
FIN000030,STU00014,Fall 2025,Meal Plan,451.61,0.0,451.61,0.0,Paid,2024-12-04
FIN001926,STU00936,Fall 2024,Meal Plan,320.72,0.0,320.72,0.0,Paid,2024-06-01
FIN001724,STU00841,Fall 2024,Transportation,224.44,22.44,202.0,0.0,Paid,2025-01-08
FIN000873,STU00431,Fall 2024,,55.39,0.0,15.22,40.17,Partial,2025-03-22
FIN000200,STU00097,Spring 2025,Transportation,358.26,89.56,125.58,143.12,Partial,2023-11-10
FIN001120,STU00550,Spring 2024,Tuition,3593.77,898.44,2695.33,0.0,Paid,2024-03-02
FIN001809,S0883,Fall 2025,Meal Plan,747.23,0.0,747.23,0.0,Paid,01-May-2025
,STU00526,Spring 2024  ,Library Fee,26.1,0.0,26.1,0.0,Paid,2025-02-01
FIN002034,STU989,Spring 2025,Library Fee,21.25,2.12,19.13,0.0,Paid,2024-08-04
FIN001278,STU00627,Fall 2024,Transportation,381.69,38.17,343.52,0.0,,2024-02-02
FIN000594,STU00294,Spring 2025,  Tuition,2993.51,299.35,2694.16,0.0,Paid,2025-02-07
FIN000843,417,Fall 2023,Tuition,4296.79,429.68,3803.67,63.44,Partial,"November 11, 2023"
FIN000586,STU00290,Spring 2024,Extracurricular Fee,63.91,63.91,0,0.0,Paid,
FIN001345,STU00658,Spring 2025,Tuition,4313.91,0.0,4313.91,0.0,Paid,2024-05-25
FIN000525,262,Spring 2025,Extracurricular Fee,78.12,0.0,78.12,0.0,,2025-05-08
FIN001961,stu00951,,Tuition,4505.66,0.0,4505.66,0.0,Paid,2025-08-17
FIN000421,STU00210,Spring 2024  ,Meal Plan,543.82,54.38,308.0,181.44,Partial,2025-02-27
FIN000949,STU00464,Fall 2024,Lab Fee,54.03,5.4,48.63,0.0,Paid,2025-11-17
FIN001805,STU00881,Fall 2025,Extracurricular Fee,76.99,0.0,,53.75,Partial,2024-04-04
FIN001926,STU00936,Fall 2024,Meal Plan,320.72,0.0,320.72,0.0,Paid,2024-06-01
,STU00304,Spring 2025,Tuition,3255.15,0.0,3255.15,0.0,Paid,2025-11-11
FIN001790,STU00875,Fall 2024,Meal Plan,560.84,0.0,560.84,0.0,,2024-11-24
FIN000908,STU00447,Spring 2025,Tuition,3720.58,0.0,3559.85,160.73,Partial,2025-08-21
FIN001428,STU00696,Fall 2023,Extracurricular Fee,59.26,0.0,59.26,0.0,Paid,2025-04-18
FIN001207,STU00593,Fall 2024,Lab Fee,119.5,0.0,119.5,0.0,Paid,2025-01-18
FIN000885,STU00435,Spring  2024,,,0.0,24.56,0.0,Paid,2024-05-12
FIN001571,STU00767,Spring 2024,Tuition,4193.02,0.0,,178.91,Partial,2025-04-22
FIN001391,STU00680,Fall 2025,Transportation,223.29,223.29,0,0.0,Paid,
FIN001431,STU00697,Fall 2025,Lab Fee  ,,0.0,123.44,0.0,Paid,2024-02-23
FIN000707,STU00350,Spring  2024,Lab Fee,149.56,0.0,149.56,0.0,Paid,2025-06-29
FIN000348,STU00172,Spring 2024,TRANSPORTATION,355.94,0.0,355.94,0.0,,4/12/2024
FIN000308,STU00150,spring 2025,Library Fee,34.11,17.05,0,17.06,Unpaid,
,STU00084,Fall 2023,Extracurricular Fee,43.02,0.0,43.02,0.0,Paid,2025-11-29
FIN001702,STU00831,Fall 2024,Extracurricular Fee,86.69,0.0,86.69,0.0,Paid,45218
FIN000743,STU00370,Spring 2025,Lab Fee,115.15,0.0,115.15,0.0,Paid,
FIN001599,STU00779,Spring 2025,Transportation,172.66,0.0,172.66,0.0,Paid,2023-10-02
FIN001253,STU00613,Fall 2025,Transportation,242.42,,0,0.0,Paid,
FIN000125,STU00061,Spring 2024,Extracurricular Fee,106.55,0.0,106.55,0.0,Paid,2023-11-24
,STU00675,Fall 2023,Tuition,3427.63,0.0,3427.63,0.0,Paid,2024-09-14
FIN001024,503,Spring 2024,Library Fee,58.44,29.22,0,29.22,Unpaid,
FIN000561,STU00279,Fall 2025,Extracurricular Fee,60.32,0.0,0,60.32,Unpaid,
FIN001537,STU00749,Spring 2025,Transportation,349.46,0.0,349.46,0.0,Paid,2024-03-27
FIN000479,STU237,,tuition,4199.6,0.0,4199.6,0.0,Paid,2024-11-15
FIN001719,STU00839,Fall 2023,Meal Plan,509.12,254.56,254.56,0.0,Paid,2025-04-15
FIN000351,STU00173,Spring 2024,Meal Plan,435.14,0.0,435.14,0.0,Paid,2025-09-18
FIN001235,STU00605,Fall 2024,Extracurricular Fee,50.72,0.0,50.72,,Paid,2024-09-07
FIN001951,STU00947,Fall 2024,Tuition,4843.33,484.33,4359.0,0.0,Paid,45323
FIN001570,stu00766,Fall 2025,Tuition,2787.98,697.0,1954.21,136.77,Partial,2025-06-17
FIN000374,STU00183,Spring 2024,Library Fee,34.89,0.0,34.89,0.0,Paid,2024-03-26
FIN001659,STU00807,Fall 2025,Lab Fee,142.37,0.0,0,142.37,Unpaid,
FIN001434,STU00698,Fall 2025,Extracurricular Fee,48.36,24.18,24.18,0.0,Paid,2024-01-12
FIN000498,STU00247,Spring 2025,Tuition,4731.94,1182.98,,-0.0,Paid,2025-07-06
FIN000391,STU00191,Fall 2025,Transportation,353.12,0.0,353.12,0.0,Paid,2024-05-26
FIN001406,STU00686,Spring 2025,Library Fee,47.83,11.96,35.87,0.0,Paid,"May 01, 2025"
FIN001438,STU00700,Spring 2025,Meal Plan,386.37,0.0,386.37,,Paid,2025-01-17
FIN000336,STU00165,Fall 2025,Lab Fee,81.75,0.0,81.75,0.0,Paid,2023-12-25
FIN001633,STU00797,Fall 2023,Meal Plan,708.42,0.0,708.42,0.0,Paid,2024-12-06
FIN000042,STU00018,Fall 2025,Extracurricular Fee,101.62,10.16,91.46,0.0,Paid,45675
FIN000041,STU00018,  Fall 2024,Meal Plan,328.94,0.0,213.45,115.49,Partial,"February 06, 2025"
FIN001086,STU00533,Spring 2025  ,library fee,38.92,9.73,15.49,13.7,Partial,2024-02-17
FIN000642,STU00318,,Tuition,2791.52,0.0,2791.52,0.0,Paid,2024-08-16
FIN001276,STU00626,Fall 2024,Lab Fee,83.62,0.0,83.62,0.0,Paid,2025-04-30
,STU00943,Fall 2025,Library Fee,25.8,12.9,12.9,0.0,Paid,
FIN000369,STU00180,Spring 2024,Meal Plan,560.48,0.0,452.37,108.11,Partial,2024-08-11
FIN001214,STU00596,Fall 2023,Tuition,4475.58,447.56,4028.02,0.0,Paid,2025-05-19
FIN001223,STU-00599,Spring 2024,Tuition,2800.53,,2800.53,0.0,Paid,16-Feb-2025
FIN001866,STU00911,Spring 2025,Lab Fee,91.76,0.0,91.76,0.0,Paid,45155
FIN001597,STU00779,Fall 2025,Tuition,,0.0,3368.91,,Paid,2023-11-24
FIN000896,STU00440,Fall 2024,Lab Fee,86.53,8.65,77.88,0.0,Paid,2025-05-15
FIN000100,STU00048,Spring 2024,Meal Plan,434.23,0.0,434.23,0.0,Paid,19-Nov-2024
FIN001030,STU00505,Fall 2024,Tuition,3370.78,337.08,3033.7,0.0,Paid,2025-11-19
FIN000452,STU00225,FALL 2025,Library Fee,53.28,13.32,39.96,0.0,Paid,2023-10-28
FIN001888,STU00919,Fall 2025,Transportation,,90.97,184.61,88.32,Partial,2025-05-31
FIN000007,STU00004,Spring 2025  ,Meal Plan,718.05,0.0,718.05,0.0,Paid,2024-07-21
FIN000514,STU00256,Fall 2023,Extracurricular Fee,78.94,19.73,59.21,-0.0,Paid,2024-04-10
FIN001620,STU00790,Fall 2025,Library Fee,43.74,0.0,0,43.74,Unpaid,
FIN000970,STU00474,Fall 2024  ,Lab Fee,128.32,0.0,,0.0,Paid,2025-10-16
FIN001585,stu00772,Spring 2024,Tuition,2357.9,0.0,2172.46,185.44,Partial,2024-05-23
FIN001082,STU00532,Fall 2024,Library Fee,47.69,0.0,47.69,0.0,Paid,2025-08-08
FIN000738,STU00367,Fall 2025,tuition,3647.74,0.0,3589.56,58.18,Partial,2024-09-24
FIN002025,STU00983,FALL 2024,Meal Plan,,146.49,410.04,29.42,Partial,2025-03-31
FIN000400,STU00198,Fall 2024,Lab Fee,74.94,7.49,67.45,0.0,,2024-06-20
FIN001656,STU00806,Spring 2025,Meal Plan,544.17,0.0,544.17,0.0,Paid,2025-04-08
FIN000334,STU00163,Fall 2023,Meal Plan,478.73,239.37,239.36,0.0,Paid,2025-08-08
FIN000384,S0187,Fall 2025,  Library Fee,29.92,14.96,14.96,0.0,Paid,2023-11-15
FIN000508,STU00254,Fall 2024,Meal Plan,,0.0,469.76,0.0,Paid,2023-11-13
FIN001248,STU00611,Fall 2024  ,Meal Plan,463.73,0.0,463.73,0.0,Paid,2023-11-07
FIN002005,STU00973,Fall 2025,Library Fee,58.56,0.0,58.56,0.0,Paid,2025-03-26
FIN001523,STU00741,Fall 2023,Lab Fee,76.48,38.24,0,38.24,Unpaid,
FIN000627,STU00311,Fall 2023,EXTRACURRICULAR FEE,83.88,8.39,75.49,0.0,Paid,2023-08-02
FIN001973,STU00959,Fall 2024,Extracurricular Fee,81.73,0.0,81.73,0.0,Paid,45320
FIN001261,STU00618,Fall 2025,Extracurricular Fee,92.09,0.0,92.09,0.0,,2024-05-22
FIN000959,470,Fall  2023,Extracurricular Fee,60.46,0.0,,0.0,Paid,2024-04-03
FIN001957,STU00949,Spring 2025,Extracurricular Fee,90.37,9.04,81.33,,Paid,2024-01-31
FIN000301,STU00148,Fall 2025,Library Fee,29.63,7.41,22.22,0.0,Paid,2024-05-02
FIN001533,STU747,Spring  2024,Meal Plan,491.85,245.93,182.36,63.56,Partial,2023-11-15
,STU00192,Fall 2025,Tuition,2680.27,2680.27,0,0.0,,
FIN000719,STU00355,Fall 2023,Extracurricular Fee,116.27,11.63,104.64,0.0,Paid,45963
,STU00815,Fall 2025,Extracurricular Fee,41.88,0.0,41.88,0.0,Paid,2024-06-21
FIN000478,STU00237,Spring 2025,Meal Plan,692.54,0.0,692.54,0.0,Paid,2025-11-22
FIN000395,STU00194,Spring 2024,Meal Plan,652.97,65.3,,0.0,Paid,2025-10-18
FIN001938,STU00941,Spring 2024,Meal Plan,611.88,0.0,455.82,156.06,Partial,2023-09-14
FIN000149,stu00073,Fall 2025,Tuition,3667.94,3667.94,0,0.0,Paid,
FIN000764,STU00382,,extracurricular fee,92.38,0.0,0,92.38,Unpaid,
FIN000009,STU00005,Fall 2024,Tuition,4981.33,2490.66,2490.67,0.0,Paid,2023-08-29
FIN001897,STU00923,Fall 2025,Tuition,3954.16,988.54,2890.25,75.37,Partial,
FIN001187,STU00582,Spring 2024,Library Fee,55.29,13.82,41.47,0.0,Paid,2024-03-26
FIN001994,STU00967,Fall 2024,Tuition,3440.44,860.11,2580.33,0.0,Paid,2024-09-22
FIN001415,STU00690,Fall 2024,Transportation,165.35,82.67,82.68,-0.0,Paid,2025-05-29
FIN001092,STU00536,Fall 2025,Lab Fee,54.65,0.0,54.65,0.0,Paid,2023-10-01
FIN000293,STU00145,Spring 2025,Meal Plan,605.8,0.0,605.8,0.0,Paid,2023-08-27
FIN000533,STU00266,Fall 2025,Lab Fee,122.93,30.73,92.2,0.0,Paid,2023-09-03
FIN001920,STU00933,Spring 2025,Tuition,3098.58,0.0,3098.58,0.0,Paid,4/10/2024
FIN001003,STU00491,Fall 2025,Transportation,251.04,0.0,135.21,115.83,Partial,2024-07-28
FIN000224,STU00111,Fall 2025,Meal Plan,636.86,,636.86,0.0,Paid  ,30-Sep-2025
FIN002038,STU00991,  Fall 2025,,50.79,0.0,50.79,0.0,Paid,2025-10-19
FIN001692,STU00826,Fall 2023,  Tuition,4143.23,0.0,4143.23,0.0,Paid,2025-07-10
FIN001418,691,Fall 2023,Tuition,4923.94,4923.94,0,0.0,Paid,
FIN000065,STU00031,Fall 2024,Library Fee,21.95,0.0,21.95,0.0,Paid,2024-11-17
FIN001236,STU00605,Spring 2025,Transportation,340.79,85.2,255.59,0.0,Paid,
FIN000741,STU00369,Fall 2025,Transportation,167.31,83.66,83.65,0.0,Paid,2023-11-06
FIN001411,STU00689,Fall 2023,Extracurricular Fee,88.75,0.0,88.75,0.0,Paid,9/6/2023
FIN000004,STU00002,Spring 2025,Tuition,3266.91,326.69,2940.22,0.0,Paid,2024-09-11
FIN001444,STU00702,Fall 2023,Meal Plan,422.15,42.22,379.93,-0.0,Paid,1/7/2025
FIN000409,STU00204,Spring 2024,Extracurricular Fee,110.69,27.67,0,83.02,Unpaid,
FIN001205,STU00592,Spring 2024,Extracurricular Fee,104.09,52.05,52.04,0.0,Paid,2025-04-30
FIN001858,STU00907,Fall 2025,Transportation,249.78,249.78,0,0.0,Paid,
FIN000495,STU00245,Fall 2024,Library Fee,29.74,2.97,0,26.77,Unpaid,
FIN000079,STU00037,Spring 2024,Lab Fee,146.33,0.0,146.33,0.0,Paid,2024-10-06
FIN001273,S0625,Spring 2024,Library Fee,44.42,0.0,0,44.42,Unpaid,
FIN000676,STU00335,Spring 2025,Transportation,268.84,0.0,268.84,0.0,Paid,2025-06-16
FIN001706,STU00833,Fall 2023,Library Fee,,14.46,43.36,0.0,Paid,2025-03-16
FIN000058,STU00027,Spring 2024,Meal Plan,427.0,0.0,427.0,0.0,Paid,2024-08-26
FIN000956,STU00468,Spring 2025,Transportation,178.98,44.74,0,134.24,Unpaid,
FIN000576,STU00285,Spring 2024,Transportation,306.08,30.61,275.47,-0.0,Paid,2024-08-06
FIN001592,STU00776,Fall 2024,Transportation,164.84,16.48,148.36,0.0,Paid,2023-09-23
FIN001936,STU00941,Fall 2023,Transportation,297.59,0.0,297.59,0.0,Paid,2024-09-18
FIN001041,STU00511,Fall 2023,Library Fee,50.58,0.0,50.58,0.0,Paid,2023-08-10
FIN000519,STU00258,Spring 2024,Transportation,389.48,97.37,292.11,0.0,Paid,2023-11-08
FIN000494,STU00244,Spring 2025,LAB FEE,66.52,0.0,0,66.52,Unpaid,
FIN001022,STU00501,Fall 2024,Library Fee,59.77,0.0,59.77,,Paid,2025-11-29
,STU00779,Fall 2024,Extracurricular Fee,54.99,0.0,54.99,0.0,Paid,
FIN002051,STU00998,Spring 2024,Transportation,159.92,0.0,159.92,0.0,Paid,2024-01-22
FIN000955,STU00467,Spring 2025,Extracurricular Fee,106.72,10.67,3.02,93.03,Partial,24/3/2024
FIN001412,STU00689,Fall 2025,Transportation,317.15,79.29,145.02,92.84,Partial,2023-10-29
FIN001602,STU00780,Fall 2024,Meal Plan,501.85,250.93,250.92,0.0,Paid,2024-02-16
FIN000673,STU00334,Spring 2024,Library Fee,28.94,0.0,0,28.94,Unpaid,
FIN001625,STU00792,Fall 2024,Meal Plan,533.21,533.21,0,0.0,Paid,
FIN001326,STU00648,Spring 2024,Extracurricular Fee,58.13,0.0,0,58.13,Unpaid,
FIN000549,STU00274,Spring 2024,Library Fee,35.94,0.0,35.94,0.0,Paid,2023-08-23
FIN001575,STU00768,Fall 2024,Tuition,4116.28,0.0,4116.28,0.0,,8/27/2023
FIN000005,STU00003,Fall 2024,Tuition,2044.1,0.0,2044.1,0.0,Paid,45476
FIN001144,STU00562,Spring 2025,Meal Plan,416.22,104.06,312.16,0.0,Paid,2023-11-13
FIN000817,STU00404,Fall 2024,Lab Fee,137.33,0.0,137.33,0.0,Paid,13-Feb-2024
FIN001004,STU00491,Spring 2024,Tuition,4321.21,4321.21,0,0.0,Paid,
FIN000089,STU00043,Spring 2024,Meal Plan,329.58,32.96,296.62,0.0,Paid,2025-07-18
FIN000647,STU00321,Fall 2023,Extracurricular Fee,119.23,0.0,119.23,0.0,Paid,2025-05-24
FIN000315,S0153,Fall 2025,LAB FEE,60.68,30.34,30.34,0.0,Paid,2023-12-30
FIN001494,STU00727,Fall 2023,,309.64,77.41,232.23,0.0,Paid,
FIN000124,STU00061,Fall 2023,Tuition,3798.24,1899.12,,0.0,Paid,2024-03-14
FIN000332,STU00162,Spring 2024,Meal Plan,706.75,706.75,0,0.0,Paid,
FIN001162,STU00570,Spring 2024,Transportation,338.03,33.8,304.23,-0.0,,2024-05-09
FIN000188,STU00093,Spring 2025,Extracurricular Fee,77.6,0.0,77.6,0.0,Paid,2025-07-03
FIN000822,STU00406,Spring 2025,Meal Plan,741.12,0.0,741.12,0.0,Paid,2025-09-24
FIN001769,STU00865,Fall 2024,Transportation,197.94,0.0,197.94,0.0,Paid,2023-10-31
FIN001917,STU00932,FALL 2025,Extracurricular Fee,105.95,0.0,105.95,0.0,Paid,12/30/2023
FIN000785,STU00389,Fall  2024,meal plan,779.2,0.0,662.56,116.64,Partial,45880
FIN001796,STU00877,Fall 2023,Meal Plan,656.2,65.62,590.58,0.0,Paid,2023-08-15
FIN000091,STU00044,Fall 2024,tuition,4039.73,0.0,4039.73,0.0,PAID,2025-01-15
FIN001473,STU00717,Fall 2025,Lab Fee,98.34,0.0,,0.0,Paid,"July 21, 2025"
FIN000054,STU26,Fall 2023,Transportation  ,,30.12,271.06,0.0,Paid,2024-08-13
FIN001619,STU00790,,Extracurricular Fee,101.97,10.2,91.77,0.0,Paid,2024-11-11
FIN001905,STU00926,Fall 2024,,2811.66,702.91,2108.75,0.0,Paid,2023-08-07
FIN001083,STU00532,Spring 2025,Extracurricular Fee,,26.97,0,,Unpaid,
FIN000017,STU00009,Spring 2025,Extracurricular Fee,87.48,0.0,50.28,37.2,Partial,2024-08-18
,STU00878,Fall 2024,Lab Fee,65.38,0.0,65.38,0.0,  Paid,2023-12-31
FIN000560,S0279,Spring 2025,Transportation,,0.0,364.58,0.0,Paid,2025-11-05
FIN001889,STU00920,Spring 2024,Library Fee,52.85,0.0,52.85,0.0,Paid,2024-10-25
FIN000338,S0166,Spring 2024,,380.46,0.0,380.46,0.0,Paid,23-May-2025
FIN000302,STU00148,Spring 2025,Lab Fee,85.21,0.0,85.21,0.0,Paid,11/6/2025
FIN001966,STU01425,Fall 2024,Transportation,177.75,17.77,159.98,,Paid,2024-05-12
FIN001750,STU00854,Fall 2023,meal plan,397.97,39.8,358.17,0.0,  Paid,17-Mar-2025
FIN001194,STU00586,,Meal Plan,339.37,,339.37,0.0,Paid,2025-06-22
FIN000997,STU00488,Fall 2025,Meal Plan,660.55,330.27,330.28,0.0,Paid,2024-11-14
FIN000063,STU00030,Spring 2024,Extracurricular Fee,59.35,0.0,59.35,0.0,Paid,2025-03-06
FIN002016,STU00980,Spring 2024,Extracurricular Fee,91.97,0.0,91.97,0.0,Paid,2025-07-14
FIN001049,STU00516,Fall 2025,Meal Plan,505.36,0.0,505.36,0.0,Paid,2024-02-07
FIN000244,STU00122,Fall 2023,Library Fee,46.96,0.0,1.53,45.43,Partial,2025-10-19
FIN000445,STU01374,Fall 2023,Lab Fee,66.74,66.74,0,0.0,Paid,
FIN001332,STU00652,  Spring 2024,Meal Plan,364.72,36.47,328.25,0.0,Paid,2025-03-14
FIN001089,STU00534,SPRING 2025,Tuition,2752.56,0.0,2752.56,0.0,Paid,2024-01-02
FIN001921,STU00933,Spring 2025,Lab Fee,110.02,0.0,20.82,89.2,Partial,2024-12-16
FIN000092,STU00044,Fall 2025,Meal Plan,790.61,0.0,790.61,0.0,Paid,2025-11-13
FIN001606,STU00782,Fall  2023,Tuition,2022.14,0.0,1992.17,29.97,Partial,45856
FIN000788,STU00392,Fall 2025,transportation,307.32,76.83,230.49,0.0,Paid,2024-11-08
FIN001462,STU00711,Spring 2024,Lab Fee,70.0,0.0,70.0,0.0,Paid,2024-08-01
FIN001409,687,Spring 2024,Library Fee,59.13,5.91,53.22,0.0,Paid,2025-09-20
FIN000836,STU00414,Spring 2025,Library Fee,41.74,0.0,41.74,0.0,Paid,12/11/2024
FIN000935,STU00458,Fall 2023,Meal Plan,759.57,0.0,759.57,0.0,Paid,2024-04-20
FIN001403,STU00685,Fall 2023,Transportation,167.29,41.82,125.47,0.0,Paid,2025-05-06
FIN000282,STU00141,Fall 2024,Extracurricular Fee,47.38,23.69,23.69,0.0,  Paid,2025-03-11
FIN001756,STU00858,,Library Fee,35.65,0.0,35.65,0.0,Paid,2023-12-17
FIN002007,STU00974,Spring 2024,  Library Fee,54.97,54.97,0,0.0,Paid,
FIN000774,STU00385,Spring 2024,LAB FEE,95.39,0.0,0,95.39,Unpaid,
FIN000449,STU00223,Fall 2024,Meal Plan,522.42,0.0,329.03,193.39,Partial,2024-03-06
FIN001127,STU00554,Fall 2024,Meal Plan,442.69,0.0,323.56,119.13,Partial,2024-04-26
FIN001512,STU00736,Spring 2024,Extracurricular Fee,32.59,0.0,32.59,0.0,Paid,2023-12-22
FIN000468,STU00232,Fall 2023,Meal Plan,610.73,0.0,610.73,0.0,Paid,2024-04-12
FIN001669,STU00814,Fall 2024,Lab Fee,70.96,0.0,0,70.96,Unpaid,
FIN001314,STU00644,Fall 2025,Tuition,4579.64,1144.91,3434.73,0.0,Paid,2024-01-21
FIN001122,STU00551,Spring 2024,Library Fee,52.15,13.04,39.11,0.0,Paid,20-Oct-2023
FIN000120,STU00058,Spring 2025,Tuition,2522.7,0.0,2522.7,,Paid,45357
FIN001983,STU00962,Spring 2025,Library Fee,30.25,,30.25,0.0,,2024-02-02
FIN000599,STU00296,,Tuition,2505.88,626.47,1879.41,0.0,Paid,5/12/2024
FIN000605,STU00300,Spring 2025,Meal Plan,719.42,0.0,719.42,0.0,Paid,45745
FIN000460,STU00228,Spring 2025,LAB FEE,65.18,65.18,0,0.0,Paid,
FIN000893,STU00438,Spring 2024,Meal Plan,340.37,340.37,0,0.0,Paid,
FIN000094,STU45,Spring 2025,  Lab Fee,50.9,0.0,50.9,0.0,Paid,2024-05-30
FIN000217,STU00107,Fall 2024,Lab Fee,134.7,33.67,101.03,-0.0,Paid,2025-02-25
FIN001722,stu00840,Fall 2024  ,Extracurricular Fee,66.86,0.0,66.86,0.0,Paid,45861
FIN001146,STU00562,  Fall 2024,Transportation,201.95,0.0,201.95,0.0,Paid,29-Apr-2025
FIN001363,STU00668,Fall 2023,Extracurricular Fee,65.54,0.0,65.54,0.0,Paid,2025-06-25
FIN001247,STU00611,Spring 2025,Tuition,2196.97,219.7,1977.27,-0.0,Paid,2025-06-30
FIN000839,STU00415,Fall 2023,Meal Plan,312.94,0.0,,0.0,Paid,6/20/2024
FIN001577,STU00770,Spring 2025,Library Fee,41.06,20.53,20.53,0.0,Paid,11/17/2023
FIN001464,STU00712,Fall 2023,Meal Plan,683.57,0.0,533.24,150.33,Partial,2025-08-27
FIN000164,STU00081,Fall 2023,Library Fee,59.28,0.0,59.28,0.0,Paid,3/10/2024
FIN000330,STU00162,Fall 2023,Lab Fee,65.28,65.28,0,0.0,Paid,
,STU00161,Spring 2025,Extracurricular Fee,35.38,0.0,35.38,0.0,Paid,2024-04-23
FIN001967,STU00956,Fall 2023,Lab Fee  ,111.26,55.63,55.63,0.0,Paid,"September 02, 2024"
FIN001177,STU00577,Fall 2025,Lab Fee,128.41,32.1,96.31,0.0,Paid,2025-06-13
FIN001895,STU00922,Spring 2024,Library Fee,26.98,13.49,13.49,0.0,Paid,2025-08-20
FIN000464,STU00231,,Lab Fee,79.51,79.51,0,0.0,Paid,
FIN000767,STU00383,spring 2025,Meal Plan,333.53,0.0,333.53,0.0,Paid,2024-04-29
FIN001458,STU00709,Fall 2025,Library Fee,45.31,0.0,0,45.31,Unpaid,
FIN000484,STU00239,Spring 2024,Lab Fee,138.74,0.0,138.74,0.0,Paid,2023-12-30
FIN001151,STU00565,Spring 2025,Lab Fee,136.39,0.0,29.92,106.47,Partial,2025-06-25
FIN000603,STU299,Fall 2023,Lab Fee,113.61,113.61,0,0.0,Paid,
FIN001065,STU523,Spring 2024,Meal Plan,799.0,79.9,719.1,0.0,Paid,2025-03-15
FIN001628,STU00793,SPRING 2024,Tuition,2726.9,2726.9,,0.0,Paid,
FIN000602,STU-00298,fall 2023,Library  Fee,48.73,0.0,0,48.73,Unpaid,
FIN001405,STU00686,Spring 2024,Transportation,212.06,0.0,212.06,0.0,Paid,2025-11-21
FIN001635,STU00798,Fall 2024,Extracurricular Fee,112.42,0.0,112.42,0.0,Paid,2024-04-07
FIN000115,STU00056,Spring 2024,Transportation,220.78,0.0,34.77,186.01,Partial,2024-05-12
FIN001215,STU00596,Spring 2024,Meal Plan,577.95,0.0,441.27,136.68,Partial,2023-12-14
FIN001480,STU00720,Fall 2024,Lab Fee,88.34,,79.51,0.0,Paid,45480
FIN001376,STU00674,fall 2023,Tuition,4765.8,476.58,4289.22,0.0,Paid,2025-10-04
FIN001781,STU00871,FALL 2024,Transportation,320.36,320.36,0,0.0,Paid,
FIN001307,STU00640,Spring 2024,Extracurricular Fee,45.32,11.33,33.99,0.0,Paid,2025-02-09
FIN000273,STU00137,Fall 2024,Tuition,4337.32,433.73,3903.59,-0.0,Paid,2024-04-11
FIN001227,STU00602,Fall 2024,Meal Plan  ,525.52,131.38,230.89,163.25,Partial,29-May-2025
FIN000942,STU00461,Spring 2025,Lab Fee  ,138.17,0.0,138.17,0.0,Paid,2023-09-05
FIN000020,STU00010,Fall 2024,Library Fee,26.73,0.0,26.73,0.0,Paid,2023-08-22
FIN001260,STU00618,FALL 2025,Tuition,2260.65,0.0,2260.65,0.0,Paid,10-May-2025
FIN000137,STU00068,Spring 2024,Meal Plan,530.06,53.01,477.05,-0.0,Paid,2024-10-19
FIN001977,STU00960,  Spring 2024,Extracurricular Fee,68.43,34.22,34.21,0.0,,2023-11-20
FIN001193,STU00586,Fall 2025  ,Library Fee,31.72,7.93,,23.79,Unpaid,
FIN001825,STU00892,Spring 2025,Library Fee,30.57,0.0,0,30.57,Unpaid,
FIN000937,STU00460,Fall 2023,,39.72,9.93,29.79,0.0,Paid,2023-12-17
FIN001135,STU00557,Spring 2024,Lab Fee,133.31,66.66,66.65,0.0,Paid,2025-01-27
FIN001269,STU00623,Spring 2025,Library Fee,22.03,0.0,0,22.03,Unpaid,
FIN000660,S0327,Spring 2024,,108.29,0.0,108.29,0.0,Paid,
,STU00729,  Fall 2024,Extracurricular Fee,83.11,0.0,83.11,0.0,Paid,45681
FIN001584,STU00772,Spring 2025,Lab Fee,132.64,13.26,119.38,-0.0,Paid,2025-04-03
FIN001176,STU00577,Fall 2024,Tuition,3120.61,0.0,,0.0,Paid,10/8/2023
FIN000639,316,Spring 2024,Meal Plan,464.77,0.0,464.77,0.0,Paid,"August 03, 2023"
FIN001334,STU00652,Fall 2024,Transportation,275.18,0.0,275.18,0.0,Paid,2023-08-26
FIN000079,STU00037,Spring 2024,Lab Fee,146.33,0.0,146.33,0.0,Paid,2024-10-06
FIN001333,STU00652,Spring 2024,LAB FEE,72.04,0.0,72.04,0.0,Paid,22-Sep-2023
FIN001822,S0890,Spring 2025,Library Fee,27.22,2.72,24.5,0.0,  Paid,2024-04-23
FIN001742,STU00850,Spring 2024,Meal Plan,762.23,0.0,762.23,0.0,Paid,2024-12-03
FIN000730,STU00363,Fall 2025,Library Fee,50.94,0.0,50.94,0.0,Paid,
FIN000694,STU-00344,Fall 2023,Meal Plan,502.59,0.0,456.47,46.12,Partial,2025-08-25
FIN001919,STU00933,Spring 2024,Transportation,,0.0,310.32,26.03,Partial,2024-09-29
FIN000672,S0333,Fall 2025,Extracurricular Fee,43.23,21.61,21.62,-0.0,Paid,2024-05-17
FIN001398,STU00682,Fall 2025,Tuition,3404.24,0.0,3404.24,0.0,Paid,2024-05-08
FIN001448,STU00705,Fall 2023,Lab Fee,78.51,0.0,78.51,0.0,Paid,2024-01-12
FIN002049,STU00998,Fall 2023,Meal Plan,519.69,,519.69,0.0,Paid,"September 14, 2024"
FIN000807,STU00400,Fall 2023,Tuition,3188.72,1594.36,1570.92,23.44,PARTIAL,2024-02-18
FIN000138,STU00068,Fall 2024,Extracurricular Fee,53.62,0.0,53.62,0.0,Paid,23-Mar-2025
FIN001274,S0625,Fall 2024,Lab Fee  ,91.61,0.0,91.61,0.0,Paid,2023-10-14
,STU00453,Spring 2024,Library Fee,33.66,0.0,33.66,0.0,Paid,2024-01-05
FIN001810,STU00884,Spring 2025,Lab Fee,142.39,0.0,2.92,139.47,partial,"March 08, 2024"
,STU00691,Spring 2024,Library Fee,29.07,7.27,21.8,0.0,Paid,2025-12-01
FIN001289,STU00631,Fall 2023,Transportation,264.68,26.47,154.45,83.76,Partial,5/21/2025
FIN000048,STU00021,Fall 2025  ,  Tuition,3284.91,0.0,3284.91,0.0,Paid,2024-04-20
FIN001954,STU00948,Fall 2024,Library Fee,39.72,0.0,39.72,0.0,Paid,
FIN001131,STU00555,Fall 2025,Meal Plan,666.83,66.68,600.15,0.0,PAID,2025-01-12
FIN001991,STU00966,Spring 2025,Library Fee,28.24,2.82,25.42,-0.0,Paid,2025-01-20
FIN000270,STU00136,Spring 2024,Library Fee,20.15,0.0,20.15,0.0,,20/8/2023
FIN000227,STU00113,Fall 2024,,372.92,0.0,372.92,0.0,Paid,2025-01-29
FIN000710,STU00351,Fall 2025,LAB FEE,64.56,0.0,,0.0,Paid,24/1/2024
FIN002019,STU00981,,Meal Plan,644.35,0.0,644.35,0.0,Paid,2024-12-11
FIN001915,STU00931,Spring 2025,Tuition,3140.54,0.0,2957.19,183.35,Partial,2023-11-11
FIN000253,STU-00127,Spring 2025,Meal Plan,,39.04,351.35,-0.0,Paid,2024-11-20
FIN000471,STU00233,Spring 2024,Transportation,,0.0,330.86,0.0,Paid,2023-08-19
FIN001349,STU00661,Spring 2025,Tuition,2861.49,0.0,2861.49,0.0,,
FIN000294,STU00145,Fall 2025,Lab Fee,92.82,0.0,92.82,0.0,Paid,2025-11-04
FIN000423,STU00211,Spring 2025,Extracurricular Fee,92.69,0.0,,0.0,Paid,2025-02-22
FIN000204,STU00100,Spring 2024,Transportation  ,296.76,0.0,117.03,179.73,  Partial,2025-02-22
FIN001595,STU00778,Fall 2025,transportation,263.78,0.0,263.78,0.0,Paid,45803
FIN000853,STU00423,Fall 2023,  Meal Plan,439.08,0.0,439.08,0.0,Paid,2/14/2024
FIN000370,STU00180,Spring 2025,EXTRACURRICULAR FEE,99.04,0.0,99.04,0.0,Paid,19-Jan-2024
FIN001002,STU00491,Fall 2024,Library Fee,59.67,0.0,59.67,0.0,Paid,2024-01-22
FIN000579,STU00287,Fall 2023,Tuition,3029.13,302.91,2726.22,0.0,Paid,2025-01-18
FIN001407,STU00687,Fall 2024,Extracurricular Fee,76.21,19.05,57.16,0.0,Paid,2024-05-24
FIN000287,STU00143,Fall 2023,Meal Plan,693.28,0.0,693.28,0.0,,3/29/2025
FIN000006,STU00004,Spring 2025,Extracurricular Fee,31.3,,31.3,0.0,Paid,2025-05-25
FIN000028,STU00013,Spring 2025,Tuition,4737.73,1184.43,3499.64,53.66,Partial,2025-09-25
FIN000050,STU00023,  Fall 2025,extracurricular fee,43.98,0.0,43.98,0.0,Paid,2024-05-16
FIN001262,STU00619,Fall 2024,Tuition,4178.09,0.0,4178.09,0.0,Paid,2025-08-25
FIN000087,STU00042,Spring 2025,,79.73,7.97,71.76,0.0,Paid,2025-05-09
FIN001466,STU00713,Fall 2025,Lab Fee,66.81,6.68,0,60.13,Unpaid,
FIN001173,STU00576,Fall 2024,Transportation,336.68,0.0,336.68,0.0,Paid,2024-10-13
FIN000636,STU00315,Spring 2024,Transportation,269.97,67.49,202.48,0.0,Paid,2024-11-15
FIN001605,STU00781,Fall 2024,Library Fee,59.27,5.93,53.34,0.0,paid,2023-12-01
FIN001123,STU00552,Fall 2024,Extracurricular Fee,112.26,28.07,84.19,0.0,Paid,2025-06-16
FIN000187,STU00092,Spring 2024,Extracurricular Fee,80.37,20.09,0,60.28,Unpaid,
FIN001138,STU00559,Fall 2025,Lab Fee,77.52,38.76,38.76,0.0,Paid,2023-11-26
FIN001313,STU-00643,Fall 2025,Tuition,3176.89,0.0,3063.08,113.81,Partial,2023-09-09
FIN001558,STU00760,FALL 2023,Lab Fee,120.37,0.0,0,120.37,Unpaid,
FIN000024,STU00011,Fall 2025,Transportation,272.27,0.0,143.3,128.97,Partial,2023-09-14
FIN001381,STU00675,Fall 2023,Extracurricular Fee,41.39,0.0,41.39,0.0,Paid,8/2/2025
FIN001757,STU00859,Fall 2023,Meal Plan,429.61,0.0,429.61,0.0,Paid,2024-02-04
FIN001608,STU00784,Spring 2025,Transportation,240.69,0.0,240.69,0.0,Paid,2025-03-24
FIN001783,stu00872,Fall 2023,Lab  Fee,,19.39,58.17,0.0,Paid,6/27/2024
FIN000907,STU00447,Fall 2024,Extracurricular Fee,38.22,0.0,38.22,0.0,Paid,2025-05-16
FIN001679,STU00820,Fall 2024,Lab Fee,103.03,25.76,77.27,0.0,Paid,2025-11-17
FIN001316,STU00644,Fall 2023,Meal Plan,526.23,263.12,97.7,165.41,Partial,2024-05-26
FIN001708,S0835,Fall 2025,Extracurricular Fee,71.81,0.0,71.81,0.0,Paid,5/17/2025
FIN000571,STU00283,,Lab Fee,70.12,17.53,0,52.59,Unpaid,
FIN000165,STU00082,Fall 2023,Transportation,366.8,0.0,366.8,0.0,Paid,
FIN001281,STU00629,Spring 2025,Tuition,2694.49,0.0,2562.47,132.02,Partial,2023-11-26
FIN001321,STU00646,Fall 2023,Library Fee,24.71,0.0,0,24.71,Unpaid,
FIN001439,STU00700,Spring 2024,Transportation,347.09,0.0,217.65,129.44,Partial,2024-03-10
FIN001103,STU00544,Spring 2025,Transportation,292.36,0.0,292.36,0.0,Paid,2024-11-19
FIN001170,STU00574,Fall 2025,Extracurricular Fee,42.1,10.53,31.57,0.0,Paid,2025-05-22
FIN000297,STU00146,Spring 2025,Lab Fee,136.8,0.0,76.35,60.45,Partial,2024-02-08
FIN000772,STU00384,Fall 2025,Tuition,4785.44,0.0,4699.22,86.22,Partial,2025-01-11
FIN000112,STU00054,Fall 2023,Lab Fee,85.08,0.0,85.08,0.0,Paid,2024-12-29
FIN000865,STU00428,Fall 2023,Meal Plan,686.53,68.65,617.88,0.0,Paid,11/9/2025
FIN000557,STU00277,Spring 2025,Meal Plan,760.93,0.0,760.93,0.0,Paid,45493
FIN000439,STU219,Fall 2024,Library Fee,55.35,0.0,55.35,0.0,Paid,2025-07-09
FIN001515,STU00738,Spring 2025,Library Fee,40.51,40.51,0,0.0,Paid,
FIN000531,STU00265,Fall 2025,Tuition,2794.3,0.0,2698.58,95.72,Partial,2024-10-29
FIN001241,STU00608,Spring  2024,Tuition,2073.6,0.0,2073.6,0.0,Paid,2/7/2024
FIN001183,STU00580,Fall 2023,Tuition,4521.59,0.0,4504.4,17.19,Partial,2024-06-10
FIN001906,STU00927,Fall 2025,Lab Fee,57.8,0.0,,0.0,,2024-02-02
FIN000267,STU00134,Spring 2025,Lab Fee  ,,19.37,58.12,-0.0,Paid,2025-06-09
FIN000556,STU00276,Fall 2025,Meal Plan,689.87,0.0,689.87,0.0,Paid,
FIN000685,STU00339,Fall 2024,Meal Plan,690.85,0.0,690.85,0.0,  Paid,2025-07-28
FIN001116,STU00549,Spring 2025,Tuition,2205.08,0.0,2205.08,0.0,Paid,2025-08-06
FIN001829,STU00894,Fall 2023,Tuition,3611.15,0.0,3611.15,0.0,Paid,2023-12-02
FIN001989,STU00965,Fall 2024,Library Fee,27.58,27.58,0,0.0,Paid,
FIN001682,STU00822,Fall 2023,Transportation,278.72,0.0,106.07,172.65,Partial,2024-01-09
FIN001370,STU00671,Spring 2024,Library Fee,26.19,0.0,0,26.19,Unpaid,
FIN001812,STU885,Fall 2025,Extracurricular Fee,58.3,0.0,58.3,0.0,Paid,2025-08-16
FIN000490,242,Fall 2024,Transportation,183.02,0.0,183.02,0.0,Paid,2023-11-09
FIN000820,STU00405,Fall 2025,Extracurricular Fee,102.62,0.0,102.62,0.0,Paid,2025-04-08
FIN000057,STU00027,Spring 2025,Extracurricular Fee,57.31,57.31,0,0.0,Paid,
FIN000216,STU106,Fall 2023,Extracurricular Fee,74.99,0.0,74.99,0.0,Paid,2025-03-20
FIN001601,STU00780,Spring 2025,Lab Fee,94.92,0.0,94.92,0.0,Paid,1/9/2024
FIN000451,STU00225,Fall 2024,Tuition,2175.11,0.0,2175.11,,Paid,5/1/2025
FIN001811,STU00884,Spring 2025,Tuition,4762.99,0.0,4762.99,0.0,Paid,2023-11-23
FIN001554,STU00758,Fall 2024,Meal Plan,649.5,0.0,598.27,51.23,Partial,2025-09-20
FIN000554,STU00275,Spring 2024,Library Fee,27.4,0.0,0,27.4,Unpaid,
FIN000486,STU00240,Fall 2025,Lab Fee,84.29,,84.29,0.0,Paid,2024-03-22
FIN001958,STU00950,Spring 2024,Tuition,3956.39,0.0,3956.39,0.0,  Paid,2025-09-07
FIN001200,STU-00589,Fall 2025,Transportation,191.61,0.0,191.61,0.0,Paid,2025-05-08
FIN000228,STU00113,Fall 2025,Meal Plan,717.81,0.0,642.79,75.02,PARTIAL,2023-09-21
FIN000303,STU00148,Fall 2025,Tuition,2698.16,0.0,2698.16,0.0,Paid,2024-12-01
,STU00511,Fall 2023,Transportation,288.83,0.0,288.83,0.0,Paid,2025-10-03
FIN001514,stu00737,spring 2025,Tuition,3173.06,317.31,2855.75,0.0,Paid,2025-11-12
FIN001952,STU00948,Fall 2024,Extracurricular Fee,117.5,0.0,117.5,,Paid,2025-04-20
FIN000051,STU00023,,Transportation,356.56,0.0,356.56,0.0,Paid,2025-07-05
FIN000628,312,Fall 2024,Meal Plan,602.77,0.0,602.77,0.0,Paid,"November 07, 2024"
FIN001817,STU00888,Fall 2024,Extracurricular Fee,43.23,0.0,43.23,0.0,Paid,2023-10-15
FIN000887,STU00436,Fall 2025,Tuition,2463.07,0.0,2463.07,0.0,Paid,2024-07-23
FIN000167,STU00082,Spring 2025,Library Fee,49.38,0.0,0,49.38,Unpaid,
FIN001239,STU00607,Spring 2024,,133.73,0.0,133.73,0.0,Paid,2024-04-01
FIN001192,STU00585,spring 2024,Extracurricular Fee,86.39,0.0,86.39,0.0,Paid,2025-02-27
FIN001665,STU00811,Fall 2025,Extracurricular Fee,105.02,10.5,94.52,0.0,Paid,2023-09-17
FIN000967,STU00473,Fall 2025,Transportation,324.22,324.22,0,0.0,Paid,
FIN001294,S0634,Fall 2025,Tuition,2044.87,0.0,2044.87,0.0,Paid,2023-12-22
FIN001711,STU00836,Spring 2024,Meal Plan,358.63,35.86,159.24,163.53,Partial,2024-06-07
FIN000960,STU00470,Spring 2025,Transportation,213.74,0.0,213.74,0.0,Paid,5/23/2025
FIN001288,STU00631,Fall 2023,Tuition,3317.32,829.33,2487.99,0.0,Paid,2024-11-02
FIN001148,STU00563,Fall 2023,Library Fee,25.37,2.54,0,22.83,Unpaid,
FIN000686,STU-00339,Fall 2024,Lab Fee,122.28,61.14,61.14,0.0,Paid,26-Sep-2024
FIN000901,STU00443,Fall 2023,Library Fee,34.63,0.0,23.82,10.81,Partial,2024-04-11
FIN000584,STU00289,Fall 2025,Transportation,297.11,297.11,,0.0,Paid,
FIN000248,STU00124,Spring 2024,Extracurricular Fee,71.89,0.0,71.89,0.0,Paid,2025-04-18
FIN001728,STU00842,,Transportation,286.48,0.0,271.79,14.69,Partial,2023-12-26
FIN001794,STU00876,Spring 2025,Tuition,4713.53,1178.38,3535.15,-0.0,Paid,2025-09-19
FIN001720,STU00839,Fall 2025,Tuition,3603.31,1801.65,,,Partial,2023-11-17
FIN000566,STU00282,Spring 2025,,614.38,0.0,614.38,0.0,Paid,20/2/2024
FIN000288,STU00143,spring 2025,  Transportation,205.28,20.53,170.23,14.52,Partial,2025-09-19
FIN001218,STU00597,,Extracurricular Fee,46.53,0.0,46.53,0.0,Paid,2024-03-24
FIN000763,STU00381,Spring 2024,Extracurricular Fee,47.83,0.0,47.83,0.0,Paid,2024-11-06
FIN001382,stu00676,Spring 2024,Library Fee,,0.0,29.55,0.0,Paid,2025-02-23
FIN000895,STU440,Spring 2024,Transportation,244.25,0.0,244.25,0.0,Paid,22/3/2024
FIN000758,STU00378,Fall 2023,Lab Fee,137.37,0.0,0,137.37,Unpaid,
FIN000038,STU00017,Spring 2024,Tuition,3212.69,0.0,3159.1,53.59,PARTIAL,2025-04-14
FIN001459,STU00710,Fall 2023,Meal Plan,604.43,302.21,302.22,-0.0,Paid,2025-01-26
FIN001933,STU00940,Fall 2023,Library Fee,49.4,12.35,10.26,26.79,PARTIAL,2024-03-11
FIN001389,STU00679,Fall 2025,Transportation  ,374.48,0.0,250.79,123.69,Partial,2025-06-20
FIN002028,STU00985,Spring 2025,Extracurricular Fee,71.26,0.0,71.26,0.0,Paid,2023-09-09
FIN001033,STU00507,Spring 2024,Meal Plan,470.81,0.0,353.24,117.57,Partial,2024-06-11
FIN001435,STU00699,Spring 2024,Library Fee,21.95,2.19,19.76,-0.0,Paid,2024-12-03
FIN000989,STU00484,Fall 2025,Tuition,3217.38,0.0,3217.38,0.0,,45412
FIN002018,S0980,Fall 2023,Lab Fee,104.72,10.47,0,94.25,Unpaid,
FIN000230,STU00114,Fall 2024,TRANSPORTATION,,26.88,241.87,0.0,Paid,2025-09-04
FIN000313,STU00153,FALL 2025,Tuition,2289.57,0.0,2289.57,0.0,Paid,2024-08-02
FIN000256,STU00129,Spring 2024,Meal Plan,394.21,0.0,394.21,0.0,Paid,2023-09-16
FIN000312,STU00152,Fall 2025,,2457.14,0.0,2276.4,180.74,Partial,3/17/2024
FIN000919,STU00451,Spring 2025,Extracurricular Fee,49.73,0.0,49.73,0.0,Paid,2025-11-17
FIN001814,STU-00886,Fall 2024,Tuition,2032.77,508.19,1524.58,0.0,Paid,2024-01-07
FIN000378,STU00184,Fall 2025,Tuition,2467.38,0.0,2304.23,163.15,Partial,2023-09-30
FIN000867,STU00428,Fall 2024,Library Fee,29.97,0.0,29.97,0.0,Paid,2024-02-03
FIN000208,STU00101,Fall 2024,Tuition,2408.17,0.0,2408.17,0.0,Paid,2024-09-20
FIN000446,STU00221,Spring 2025,Meal Plan,560.73,140.18,420.55,0.0,Paid,2023-09-27
FIN001821,STU00889,Spring 2024,Transportation,380.57,0.0,380.57,0.0,Paid,2024-12-05
,STU00166,Spring 2025,Lab Fee,63.37,6.34,57.03,0.0,Paid,2025-05-08
FIN001573,STU00767,Spring 2025,Transportation,293.8,0.0,293.8,0.0,Paid,2023-10-13
FIN000106,STU50,Fall 2024,Tuition,2993.37,0.0,2993.37,0.0,Paid,2025-03-19
FIN000547,STU00273,Spring 2025,Library Fee,29.47,2.95,26.52,0.0,Paid,2024-06-06
FIN001133,STU00556,FALL 2025,Transportation,199.66,0.0,92.11,107.55,Partial,2025-11-30
FIN001447,STU00704,Fall 2025,,45.68,0.0,45.68,0.0,,2025-03-16
FIN001860,STU00908,Fall 2024,Extracurricular Fee,97.67,9.77,87.9,0.0,Paid,2024-09-19
FIN000929,STU00455,Fall 2025,Library Fee,22.51,0.0,22.51,0.0,Paid,2024-11-28
FIN000268,STU-00135,Fall 2025,Extracurricular Fee,73.65,0.0,73.65,0.0,Paid,2023-09-01
FIN000480,STU00237,Spring 2025,Library Fee,35.13,0.0,0,35.13,  Unpaid,
FIN000136,STU-00067,Spring 2025,meal plan,564.15,0.0,471.34,92.81,Partial,2023-10-01
FIN001717,STU00838,Fall 2023,Transportation,262.36,0.0,262.36,0.0,Paid,
FIN001664,811,Spring 2024,Tuition,3663.95,915.99,2747.96,0.0,Paid,13/4/2024
FIN001728,STU00842,,TRANSPORTATION,286.48,0.0,271.79,14.69,Partial,"December 26, 2023"
FIN000014,STU00008,Spring 2025,Lab Fee,105.68,10.57,95.11,0.0,Paid,2024-07-05
FIN001928,STU00937,Fall 2023,Extracurricular Fee,59.34,0.0,59.34,0.0,,2025-08-24
FIN001357,STU00665,Spring 2025,Extracurricular Fee,103.24,10.32,0,92.92,Unpaid,
FIN001174,STU00576,Fall 2025,Lab Fee,100.79,0.0,68.93,31.86,Partial,2025-02-02
FIN001338,STU-00655,Fall 2023,Tuition,3102.17,0.0,3102.17,0.0,Paid,2025-08-09
FIN001734,STU00845,  Fall 2023,  Lab Fee,91.25,0.0,91.25,0.0,Paid,2025-08-25
FIN001576,769,Fall 2025,Meal Plan,358.0,0.0,358.0,0.0,Paid,2024-07-08
FIN001013,STU00497,Spring 2024,Extracurricular Fee,55.9,0.0,55.9,0.0,Paid,2023-09-26
FIN000424,STU00211,Fall 2024,Meal Plan,529.98,53.0,476.98,0.0,Paid,45797
FIN000729,stu00362,Fall 2023,Library Fee,48.95,24.48,0,24.47,Unpaid,
FIN001477,STU00718,Spring 2025,Lab Fee,,19.31,57.94,0.0,Paid,2023-11-10
FIN000897,STU00440,Fall 2023,Extracurricular Fee,90.66,0.0,90.66,0.0,Paid,2025-06-24
FIN001501,STU00730,Fall 2025,Transportation,313.09,31.31,281.78,0.0,Paid,2023-10-25
FIN001175,STU00577,Spring 2024,  Library Fee,51.05,5.11,45.94,0.0,Paid,6/16/2025
FIN000092,STU00044,Fall 2025,Meal Plan,790.61,0.0,790.61,0.0,Paid,2025-11-13
FIN001484,stu00722,Fall 2023,Tuition,2178.03,217.8,1960.23,0.0,Paid,07-Jan-2025
FIN002012,STU-00978,Fall 2023,Transportation,206.09,20.61,0,185.48,Unpaid,
FIN001813,STU00886,Spring 2025,Lab Fee,55.29,0.0,0,55.29,Unpaid,
FIN001557,STU00760,Fall 2024,Transportation,237.76,0.0,237.76,0.0,Paid,2025-07-20
FIN001305,STU00639,Spring 2025,Transportation,366.46,91.61,274.85,-0.0,Paid,8/11/2025
FIN000362,STU00178,Fall 2025,Tuition  ,3629.65,0.0,3629.65,0.0,Paid,3/2/2025
FIN001851,STU00904,Fall 2025,Tuition,3393.48,0.0,3393.48,0.0,PAID,24-Feb-2024
FIN000237,STU01084,FALL 2023,Transportation,181.02,0.0,181.02,0.0,Paid,2025-03-20
FIN000331,STU00162,Spring 2025,Transportation,284.38,0.0,284.38,0.0,Paid,2025-11-25
FIN000416,STU00207,Fall 2024,  Transportation,382.29,38.23,344.06,0.0,Paid,2024-10-24
FIN000530,STU00265,Fall 2025,Library Fee,35.22,0.0,35.22,0.0,Paid,2025-09-08
FIN001987,STU00964,Fall 2025,Transportation,353.31,0.0,353.31,0.0,Paid,2023-11-01
FIN000925,STU00454,Fall 2023,Lab Fee,141.5,0.0,,0.0,Paid,2025-09-04
FIN001586,STU00773,Fall 2023  ,Transportation,297.73,297.73,0,0.0,Paid,
FIN001786,STU00873,Fall 2024,Lab Fee,120.32,0.0,,44.99,Partial,2023-10-29
FIN001329,STU00650,Spring 2025,Transportation,395.94,197.97,197.97,0.0,Paid,2023-09-11
FIN001804,STU00880,Fall 2024,Extracurricular Fee,88.62,0.0,88.62,0.0,PAID,2024-04-25
FIN001271,STU00624,Spring 2025,MEAL PLAN,519.09,0.0,478.58,40.51,Partial,2024-12-08
FIN000909,STU00448,Fall 2024,Tuition,2499.55,0.0,2332.56,166.99,Partial,
FIN000202,STU-00098,Fall 2023,Extracurricular Fee,108.93,27.23,81.7,0.0,Paid,2023-08-04
FIN001258,STU00617,Fall 2023,Meal Plan,607.07,60.71,546.36,0.0,Paid,2024-10-22
FIN000432,STU00215,Fall 2025,Extracurricular Fee,37.62,9.4,0,28.22,Unpaid,
FIN000414,STU00206,Fall 2024,Extracurricular Fee,85.06,85.06,0,0.0,,
FIN002041,STU00993,Fall 2024,Library Fee  ,45.62,11.4,34.22,0.0,Paid,2024-06-29
FIN001298,STU00637,Spring 2025,Tuition,2018.74,0.0,2018.74,0.0,Paid,2024-08-03
FIN000802,STU398,Spring 2025,Tuition,4688.9,0.0,4688.9,0.0,Paid,"September 18, 2023"
FIN000683,STU00338,Fall 2023,Meal Plan,737.03,73.7,619.81,43.52,Partial,2024-06-14
FIN001430,STU00697,Spring  2025,Meal Plan,579.36,0.0,579.36,0.0,Paid,2024-06-17
FIN001979,STU00961,Fall 2024,Lab Fee,111.25,0.0,111.25,0.0,Paid,2024-05-01
FIN000592,STU00292,Spring 2025,Tuition,3989.47,0.0,3952.8,36.67,Partial,2024-10-08
FIN001746,stu00852,Spring 2024,Library Fee,25.98,0.0,,0.0,Paid,2024-03-29
FIN001649,STU00803,Fall 2024,Lab Fee,124.68,0.0,124.68,0.0,Paid,2025-09-11
FIN000320,STU00156,Spring 2024,Library  Fee,23.45,2.35,21.1,-0.0,Paid,45466
FIN001591,STU00775,Fall 2023,Extracurricular Fee,41.51,0.0,41.51,0.0,Paid,2024-11-20
FIN000675,STU00334,Fall 2023,Extracurricular Fee,92.43,23.11,69.32,0.0,  Paid,2023-12-27
FIN000629,STU00312,Fall  2023,Library Fee,30.56,0.0,0,30.56,Unpaid,
FIN000632,STU00314,Fall 2024,Transportation,373.91,0.0,373.91,0.0,Paid,2023-08-26
FIN002042,STU00994,Spring 2024,Lab Fee,121.87,0.0,121.87,0.0,Paid,2023-12-05
FIN000232,STU00114,Fall 2023,Lab Fee,97.09,0.0,0,97.09,Unpaid,
FIN001865,STU00910,Spring 2025,Meal Plan  ,704.18,70.42,633.76,0.0,Paid,2024-07-20
FIN000019,STU00010,Spring 2024,Meal Plan,610.94,610.94,0,0.0,Paid  ,
FIN000367,STU00179,Fall 2023,Extracurricular Fee,100.55,25.14,75.41,0.0,Paid,9/2/2025
FIN000053,STU00025,Fall 2023,Lab Fee,124.34,0.0,124.34,0.0,Paid,2023-11-13
,STU00960,Fall 2025,Meal Plan,774.4,0.0,597.85,176.55,Partial,2023-09-05
FIN000987,STU00482,Spring 2024,Lab Fee,55.29,13.82,41.47,0.0,Paid,2025-06-04
FIN000389,STU190,Fall 2024,Tuition,3184.27,796.07,2388.2,0.0,Paid,2025-03-22
FIN001490,STU00725,Fall 2023,Tuition,3285.78,0.0,3160.3,125.48,Partial,2024-08-08
FIN001113,STU00548,Fall 2025,Lab Fee,131.64,0.0,131.64,0.0,Paid,2024-02-10
FIN001547,STU00754,Fall 2025,Tuition,3199.85,0.0,3142.99,56.86,Partial,2024-07-19
FIN001568,STU00765,Spring 2025,Meal Plan,589.29,0.0,589.29,0.0,Paid,2023-12-02
FIN001392,STU00680,Fall  2023,Meal Plan,610.05,0.0,,0.0,Paid,2025-09-13
FIN000761,STU00380,fall 2024,Library Fee,28.26,14.13,,14.13,Unpaid,
FIN000831,STU00412,Fall 2024,Library Fee,24.01,0.0,24.01,0.0,Paid,2023-10-24
FIN000965,STU00472,Fall 2023,,65.06,0.0,65.06,0.0,Paid,2024-06-22
FIN000365,STU00179,Spring 2025,Meal Plan,599.31,59.93,539.38,0.0,Paid,2025-08-25
FIN001552,STU00756,,Tuition,4321.16,432.12,3889.04,0.0,Paid,2024-03-06
FIN002035,STU989,Spring 2024,Tuition,3414.5,853.62,2560.88,0.0,Paid,"March 13, 2025"
FIN001410,STU00688,Fall 2025,Library Fee,57.76,14.44,0,43.32,Unpaid,
FIN001885,STU00918,Fall 2024,Extracurricular Fee,77.46,7.75,69.71,0.0,  Paid,2025-03-23
FIN000059,STU00028,Fall 2025,Transportation,267.98,26.8,241.18,0.0,Paid,2024-10-08
FIN000964,STU00472,Fall 2023,Transportation,387.11,0.0,348.2,38.91,partial,2024-08-09
FIN001646,STU00802,Fall 2023,Tuition  ,2256.75,0.0,2202.14,54.61,Partial,19-Mar-2024
FIN000191,STU00094,Fall 2024,Meal Plan,765.7,0.0,765.7,0.0,Paid,2025-05-29
FIN001329,STU00650,Spring 2025,Transportation,395.94,197.97,197.97,0.0,Paid,2023-09-11
FIN001855,STU00906,Spring 2024,Extracurricular Fee,45.51,4.55,40.96,0.0,Paid,2024-07-26
FIN000543,STU00271,Fall 2024,Extracurricular Fee,42.49,0.0,0,42.49,Unpaid,
FIN001318,STU01177,Spring 2025,Extracurricular Fee,98.55,0.0,98.55,0.0,Paid,2025-05-13
FIN000500,STU00248,Fall 2023,Transportation,321.1,80.28,,0.0,Paid,2023-09-16
FIN001732,STU00845,Fall 2025,Tuition,2925.41,0.0,2925.41,0.0,Paid,2024-11-10
FIN001536,STU00748,Spring 2025,Library Fee,,0.0,29.01,0.0,paid,2024-03-15
FIN001249,STU00612,Fall 2025,Lab Fee,99.65,0.0,99.65,0.0,Paid,2025-04-14
FIN001150,STU00564,Fall 2025,Tuition,4632.03,463.2,3998.86,169.97,Partial,2023-09-21
FIN000425,STU00211,Fall 2024,tuition,3404.66,3404.66,0,0.0,Paid,
FIN000728,STU00362,Fall 2023,Meal Plan,662.12,165.53,496.59,0.0,Paid,2025-07-04
FIN001641,STU00800,Fall 2024,Extracurricular Fee,56.0,28.0,28.0,0.0,Paid,2025-10-27
FIN000646,STU00321,Spring 2024,Library Fee,47.09,0.0,47.09,0.0,Paid,2023-09-05
FIN000587,STU-00290,Fall 2025,Meal Plan,785.39,392.69,222.5,170.2,Partial,16-Jul-2025
FIN001312,STU00643,  Fall 2025,Library Fee,55.53,55.53,0,0.0,Paid,
FIN001632,STU00797,Spring 2024,Transportation,168.22,16.82,151.4,0.0,Paid,2025-07-09
FIN001341,STU00656,Spring 2025,Extracurricular Fee,118.41,0.0,118.41,0.0,Paid,2024-05-02
FIN001328,STU00650,Spring 2024,Lab Fee,100.15,0.0,,0.0,Paid,2024-07-04
FIN001437,STU00699,Spring 2025,Tuition,2827.94,0.0,2827.94,0.0,Paid,2024-05-03
FIN000383,STU00186,Spring 2025,Tuition,3523.27,1761.63,1761.64,-0.0,Paid,24/6/2024
FIN001759,STU00860,Spring 2025,Transportation,340.54,34.05,306.49,0.0,Paid,2025-04-06
FIN000921,STU00452,Spring 2025,Transportation,309.12,0.0,309.12,0.0,Paid,2025-11-17
FIN001948,STU00946,Spring 2025,Extracurricular Fee,63.32,0.0,44.75,18.57,Partial,2024-12-28
FIN001231,STU00603,fall 2024,Extracurricular Fee,,21.66,64.96,0.0,Paid,2024-12-22
FIN001472,STU00716,  Fall 2025,Library Fee,55.62,0.0,55.62,0.0,Paid,2025-07-08
FIN000300,STU00147,Fall 2024,Tuition,4944.72,2472.36,2472.36,0.0,Paid,2024-03-12
FIN000604,STU00300,Spring 2025,Extracurricular Fee,91.13,9.11,82.02,0.0,Paid,2025-10-09
FIN001953,STU00948,Fall 2025,Meal Plan,546.22,0.0,546.22,0.0,Paid,2024-02-12
FIN001981,STU00961,Spring 2024,Extracurricular Fee,67.73,0.0,67.73,0.0,Paid,2025-11-25
FIN000343,STU00169,Fall 2024,meal plan,319.37,0.0,319.37,0.0,Paid,2024-07-25
FIN000255,STU00129,Fall 2025,Library Fee,50.49,50.49,0,0.0,Paid,
FIN001901,STU00925,Fall 2023,Tuition,4275.61,0.0,4208.91,66.7,Partial,5/2/2024
FIN001230,STU00603,Spring 2024,Library Fee,21.27,0.0,21.27,0.0,Paid,2024-10-01
FIN000950,464,Spring 2025,Transportation,355.21,88.8,266.41,-0.0,Paid,2024-02-13
FIN000645,STU00320,Fall 2023,Meal Plan,585.46,58.55,526.91,0.0,Paid,2024-12-04
FIN000834,STU00413,Fall 2025,Lab Fee,58.91,14.73,44.18,-0.0,Paid,2023-11-27
FIN000499,STU00247,fall 2024,Lab Fee,94.85,47.42,47.43,-0.0,Paid,2024-12-02
FIN000220,STU00109,Spring 2024,Library Fee,32.2,3.22,28.98,0.0,Paid,31/10/2025
FIN000654,STU00324,Spring 2024,Meal Plan,379.64,0.0,313.05,66.59,Partial,2023-09-26
FIN001700,STU00830,Fall 2023,Tuition,3688.11,0.0,3533.81,154.3,Partial,2025-11-08
FIN000553,STU00275,Spring 2025,Transportation,366.36,0.0,366.36,0.0,Paid,2025-05-28
FIN001556,STU00759,Fall 2025,Lab Fee,73.29,18.32,18.9,36.07,Partial,2025-06-12
FIN000542,STU00271,Spring 2024,Tuition,4958.12,0.0,4958.12,0.0,Paid,2024-10-06
FIN000160,STU00079,Spring 2025,Tuition,4091.95,0.0,4091.95,0.0,Paid,2024-03-22
FIN000477,stu00236,Fall 2025,Tuition,4844.35,2422.18,2298.73,123.44,Partial,08-May-2024
FIN001277,STU00626,Fall 2023,Library Fee,30.8,0.0,30.8,0.0,Paid,2024-07-10
FIN000341,STU00168,Spring 2025,Tuition,4840.72,484.07,4356.65,0.0,Paid,2024-11-05
FIN001358,STU00665,Fall 2025,Transportation,265.15,0.0,265.15,,Paid,2025-11-06
FIN001047,STU00514,Fall 2025,  Extracurricular Fee,85.47,0.0,85.47,,Paid,2025-06-09
FIN000938,STU00460,Fall 2023,Meal  Plan,,,114.67,137.89,Partial,2025-03-28
FIN001538,STU00750,Fall 2024,Lab Fee,139.26,0.0,,0.0,Paid,8/25/2025
FIN001725,STU00841,Fall 2023,Meal Plan,765.44,0.0,765.44,0.0,Paid,2024-10-12
FIN000916,STU450,Fall 2025,Library Fee,22.89,11.45,11.44,0.0,Paid,2024-02-24
FIN000526,STU00262,Fall 2025,Transportation,281.37,0.0,205.37,76.0,Partial,2024-09-15
FIN001761,STU00861,Fall 2025,Extracurricular Fee,94.07,0.0,0,94.07,Unpaid,
FIN000794,STU395,Fall 2025,Meal Plan,579.37,0.0,579.37,0.0,Paid,2024-05-31
FIN000344,STU00170,,Transportation,155.08,0.0,155.08,0.0,Paid,2024-07-27
FIN000161,STU00080,Spring 2024,Lab Fee,67.32,0.0,0,67.32,Unpaid,
FIN000292,STU00145,Spring 2024,Extracurricular Fee,66.29,0.0,66.29,0.0,Paid,2025-02-28
FIN000209,STU00102,Fall 2025,Tuition,3878.7,0.0,3878.7,0.0,Paid,2024-05-03
FIN000311,STU00152,Fall 2025,Library Fee,47.13,0.0,13.23,33.9,Partial,2025-02-14
FIN000501,STU00249,Spring 2024,Transportation,303.89,0.0,303.89,0.0,Paid,29/10/2024
FIN001675,STU00818,Fall 2025,,582.18,0.0,448.57,133.61,Partial,2023-12-09
FIN000291,STU00144,Fall 2024,Extracurricular Fee,76.64,0.0,76.64,0.0,Paid,2024-10-27
FIN000184,STU00090,Fall 2023,,54.18,0.0,54.18,0.0,Paid,2024-11-11
FIN001502,STU00730,Spring 2025,Lab Fee,79.52,0.0,79.52,0.0,Paid,5/9/2023
FIN000207,stu00101,Spring 2025,Library Fee,46.0,0.0,0,46.0,Unpaid,
FIN000769,STU00383,Fall 2024,,248.03,0.0,248.03,0.0,Paid,2024-10-06
FIN001087,stu00533,Spring 2025  ,Transportation,168.92,0.0,41.9,127.02,Partial,2024-11-22
FIN001662,STU00809,Fall 2025,Meal Plan,308.58,0.0,108.74,199.84,Partial,2024-11-24
FIN000850,STU00421,Fall 2023,Lab Fee,87.67,8.77,78.9,0.0,Paid,28-Oct-2023
FIN000648,STU00322,Fall 2023,Library Fee,47.26,0.0,47.26,0.0,  Paid,2024-01-13
FIN000911,STU00448,spring 2024,Meal Plan,600.86,60.09,540.77,0.0,Paid,2024-05-23
FIN000523,STU00260,Fall 2024,Library Fee,52.97,26.48,26.49,0.0,Paid,2025-01-18
,STU00586,Spring  2025,Transportation,376.13,0.0,,0.0,Paid,2025-03-10
FIN001244,STU00609,,Library Fee,39.93,0.0,0,39.93,Unpaid,
FIN001399,STU00683,Spring 2025,Tuition,4674.97,1168.74,3490.2,16.03,Partial,2023-10-17
FIN000607,STU00302,Spring 2025,Lab Fee,80.76,0.0,80.76,0.0,Paid,4/17/2024
FIN000883,STU00435,Spring 2025,,107.79,0.0,107.79,0.0,Paid,2024-04-29
,STU00821,Spring 2024,Transportation,334.79,33.48,171.27,130.04,Partial,2025-07-08
FIN001856,S0906,Fall 2025,Library Fee,45.98,4.6,41.38,-0.0,Paid,3/11/2025
FIN000903,STU00444,Fall 2023,Meal Plan,338.21,0.0,298.18,40.03,Partial,45712
FIN001837,STU00897,Spring  2024,Extracurricular Fee,98.74,49.37,49.37,0.0,Paid,2024-09-15
FIN001266,STU00621,Spring 2025,Lab Fee,121.27,0.0,,121.27,Unpaid,
FIN001186,STU00581,,Transportation,197.03,98.52,98.51,,  Paid,"March 11, 2024"
FIN001292,STU00633,Fall 2025,TRANSPORTATION,157.63,0.0,97.38,60.25,Partial,2025-02-06
FIN000912,STU00449,Spring 2025,Tuition,4946.11,494.61,,0.0,Paid,"February 06, 2025"
FIN000918,STU00451,SPRING 2024,Tuition,4837.03,0.0,4824.61,12.42,Partial,2023-09-04
FIN000029,STU00014,,Extracurricular Fee,91.28,45.64,45.64,0.0,Paid,
FIN001184,STU00581,Spring 2025,Extracurricular Fee,72.03,7.2,64.83,0.0,Paid,2024-10-09
FIN000608,STU00302,Spring 2024,Tuition,4681.58,4681.58,0,0.0,Paid,
FIN000326,STU00159,Spring  2024,Extracurricular Fee,49.52,0.0,,0.0,Paid,
FIN001672,STU00816,Fall 2025,Lab Fee,92.88,92.88,0,0.0,Paid,
FIN001572,STU00767,Spring 2025,Lab Fee,70.03,0.0,70.03,0.0,Paid,12/8/2023
FIN000789,STU00393,Fall 2023,Lab Fee,116.51,0.0,116.51,0.0,Paid,2023-11-06
FIN001339,STU00655,Fall 2024,Transportation,246.19,24.62,83.47,138.1,Partial,11/13/2024
FIN001461,STU00710,Spring 2025,,106.52,,106.52,0.0,Paid,2025-03-26
FIN001433,STU00698,Fall 2024,Transportation,284.58,284.58,0,0.0,Paid,
FIN001322,STU00647,Spring 2025,Transportation,319.11,0.0,145.9,173.21,Partial,2024-04-26
FIN002000,STU00970,Spring 2025,Extracurricular Fee,32.3,0.0,0,32.3,Unpaid,
FIN000185,STU00091,Fall 2023,Meal Plan,482.47,482.47,0,0.0,Paid  ,
FIN000130,STU00064,Fall 2024,Extracurricular Fee,102.97,51.48,51.49,0.0,,1/21/2025
FIN000388,STU00190,Fall 2023,Library Fee,32.25,8.06,24.19,-0.0,Paid,2025-08-27
FIN000720,STU356,Fall 2025,Transportation,225.51,0.0,225.51,0.0,Paid,2024-04-04
FIN001354,663,Spring 2025,Lab Fee,92.89,0.0,92.89,0.0,Paid,2024-09-12
FIN001010,STU00496,Fall 2023,Tuition,2201.0,0.0,2201.0,,Paid,2024-01-11
FIN000382,STU00186,Fall 2023,Library Fee,35.27,8.82,26.45,0.0,Paid,"December 06, 2024"
FIN001001,STU00490,Fall 2023,Library Fee,56.89,,0,56.89,  Unpaid,
FIN000521,STU-00259,Spring  2024,Extracurricular Fee,84.05,8.4,75.65,-0.0,Paid,2023-12-21
FIN001361,STU00667,Fall 2024,Transportation,181.78,0.0,181.78,0.0,Paid,2025-02-12
FIN001791,STU00875,Fall 2023,Library Fee,32.77,8.19,0,24.58,Unpaid,
FIN001655,STU00806,Fall 2023,Transportation,239.03,0.0,239.03,0.0,Paid,2025-11-11
FIN000375,STU01037,Spring 2025,Tuition,4522.68,452.27,4070.41,0.0,Paid,2024-09-01
FIN001896,STU00923,Fall 2024,Lab Fee,83.34,0.0,83.34,0.0,paid,6/26/2024
FIN000991,STU00485,Spring 2025  ,,57.8,0.0,0,57.8,Unpaid,
FIN001886,STU918,Spring 2025,Lab Fee,97.05,97.05,0,0.0,Paid,
FIN000559,STU00278,Fall 2024,Lab Fee,101.01,25.25,0,75.76,Unpaid,
FIN000824,STU00407,Fall 2023,Transportation,328.55,0.0,328.55,0.0,Paid,12-Feb-2025
FIN000272,STU-00136,Spring 2024,Extracurricular Fee,79.49,0.0,0,79.49,Unpaid,
FIN001695,STU00827,Spring 2024,Tuition,,3195.68,0,0.0,Paid,
FIN000084,STU00040,Spring 2025,Library Fee,56.39,0.0,56.39,0.0,Paid,2025-06-09
FIN000485,STU00240,Spring 2024,Extracurricular Fee,68.3,0.0,68.3,0.0,  Paid,2023-09-25
FIN000721,STU00357,Fall 2023,Transportation,292.92,,,0.0,Paid,2025-06-30
FIN001140,STU00560,Fall 2023,Tuition,2482.43,248.24,2234.19,-0.0,Paid,2024-04-02
FIN001945,STU00944,Fall 2023,Transportation,185.41,0.0,185.41,0.0,Paid,10/28/2025
FIN001758,STU00860,Fall 2025,Lab Fee,130.45,0.0,130.45,0.0,Paid,2023-08-16
FIN001740,STU00849,Spring 2024,,58.7,0.0,0,58.7,Unpaid,
FIN001499,STU00729,Fall 2024,Library Fee,56.7,0.0,56.7,0.0,paid,2024-12-16
FIN001853,S0905,Fall 2025,Transportation,333.6,0.0,333.6,0.0,Paid,2024-05-29
FIN000111,STU00054,,Extracurricular Fee,83.99,21.0,62.99,-0.0,Paid,2024-08-08
FIN000324,stu00158,Fall 2024,Meal Plan,372.12,0.0,222.45,149.67,Partial,
FIN001875,STU00914,Fall 2024,Tuition,2908.27,1454.13,1454.14,-0.0,Paid,2024-02-27
FIN001308,STU01070,Fall 2025,Meal Plan,583.73,0.0,583.73,0.0,Paid,2024-03-02
FIN001852,STU00905,Fall 2025,Library Fee,43.1,4.31,38.79,0.0,Paid,28/9/2025
FIN002027,STU00984,Fall 2023,Meal Plan,488.62,48.86,439.76,0.0,Paid,11-Aug-2023
FIN000782,STU00388,Fall 2023,Lab Fee,,12.05,108.48,0.0,Paid,2025-08-01
FIN001958,STU00950,Spring 2024,Tuition,3956.39,0.0,3956.39,0.0,  Paid,2025-09-07
FIN001699,STU00830,Fall 2024,Lab Fee,59.39,5.94,53.45,0.0,Paid,31-May-2024
FIN000368,STU00180,Spring 2025,Transportation,359.69,0.0,194.51,165.18,Partial,2025-06-08
,STU00215,Spring 2025,Transportation,372.04,0.0,372.04,0.0,Paid,45662
FIN002030,STU00986,Fall 2023,Tuition,4659.94,0.0,4659.94,0.0,Paid,2025-03-20
FIN001504,STU00731,Fall 2023,Extracurricular Fee,70.45,0.0,70.45,0.0,Paid,2024-11-05
FIN000232,STU00114,Fall 2023,Lab Fee,97.09,0.0,0,97.09,Unpaid,
FIN000869,STU00429,Fall 2024,Library Fee,46.06,0.0,0,46.06,Unpaid,
FIN001096,STU00538,Fall 2024,Lab Fee,102.6,0.0,102.6,0.0,Paid,2025-07-12
FIN001836,STU00897,Spring 2024,Meal Plan,722.73,,650.46,0.0,Paid,2025-06-03
FIN000858,STU00424,  Spring 2025,,547.23,54.72,492.51,0.0,Paid,2023-12-02
FIN000651,STU00323,Spring 2024,Tuition,2988.68,298.87,2689.81,0.0,Paid,2025-01-13
FIN000927,STU00454,Spring 2024,Transportation,183.67,183.67,0,0.0,Paid,
FIN001250,STU00612,,meal plan,614.09,0.0,614.09,0.0,Paid,2025-10-17
FIN000690,STU00342,Spring 2024,Extracurricular Fee,66.07,,0,59.46,Unpaid,
FIN000280,STU00140,Fall 2025,Lab Fee,72.4,0.0,72.4,0.0,Paid,21/10/2025
FIN000816,STU00403,Fall 2025,Tuition,4877.21,1219.3,3657.91,0.0,Paid,2025-11-14
FIN000513,STU00256,Fall 2025,Meal Plan,572.74,0.0,572.74,0.0,  Paid,2025-05-14
FIN000180,STU00089,Spring 2025,Transportation,390.87,0.0,390.87,0.0,Paid,2023-12-20
FIN001093,STU00537,Spring 2025,Meal Plan,500.28,0.0,500.28,0.0,Paid,2023-12-24
FIN001436,STU00699,Fall 2023,Lab Fee,143.46,143.46,0,0.0,Paid,
FIN000906,STU00447,Spring 2025,Meal Plan,568.22,0.0,506.85,,Partial,2025-05-26
FIN001121,STU00551,Fall 2024,Tuition,2106.59,0.0,2106.59,,PAID,2024-06-22
FIN001800,STU00878,Spring 2025,Extracurricular Fee,81.72,0.0,81.72,0.0,Paid,2024-07-25
FIN000022,STU00011,Spring 2024,Extracurricular Fee,69.15,0.0,69.15,0.0,,2024-03-29
FIN000618,STU00306,Fall 2024,Lab Fee,61.46,30.73,30.73,0.0,Paid,2025-03-26
FIN001036,STU00509,Fall 2024,Library Fee,20.26,0.0,20.26,0.0,Paid,12/10/2024
FIN000609,STU00302,Spring 2025,Meal Plan,690.11,172.53,517.58,0.0,Paid,2025-03-02
FIN000122,STU00060,,Extracurricular Fee,87.67,0.0,87.67,0.0,paid,2025-03-28
FIN001864,STU00910,Fall 2024,Extracurricular Fee,,24.0,71.99,0.0,Paid,2025-07-03
FIN000739,STU00368,,Meal Plan,460.6,230.3,230.3,0.0,Paid,2025-04-03
FIN000375,STU00183,Spring 2025,Tuition,4522.68,452.27,4070.41,0.0,Paid,2024-09-01
FIN000107,STU00051,Fall 2025,Transportation,156.67,0.0,0,156.67,Unpaid,
FIN001199,STU00588,SPRING 2025,  Lab Fee,71.93,0.0,71.93,0.0,Paid,2025-02-12
FIN001491,STU00726,Fall 2025,Lab Fee,65.76,6.58,59.18,0.0,Paid,25/3/2024
FIN001462,STU00711,Spring 2024,Lab Fee,70.0,0.0,70.0,0.0,Paid,2024-08-01
FIN000441,STU00219,Spring 2025,Transportation,268.52,0.0,268.52,,Paid,2024-10-31
FIN000482,STU00238,Fall 2023,Transportation,382.19,0.0,382.19,0.0,Paid,2024-07-16
FIN000664,STU00329,Fall 2025,Meal Plan,643.24,0.0,548.76,94.48,Partial,2024-05-31
FIN000151,STU00074,Spring 2025,Lab Fee,114.89,0.0,114.89,0.0,Paid,2024-06-12
FIN000223,STU00111,Fall 2025,Transportation,215.51,0.0,215.51,0.0,Paid,2025-08-16
FIN000558,STU00277,Spring 2024,Tuition  ,3775.29,0.0,3775.29,0.0,Paid,2025-01-29
,STU740,Fall 2025,Extracurricular Fee,,0.0,34.91,0.0,Paid,2023-10-03
FIN000722,STU00358,Fall 2025,Extracurricular Fee,59.32,14.83,9.62,34.87,Partial,2024-11-18
FIN001956,STU00949,Fall 2023,Lab Fee,80.71,0.0,80.71,0.0,Paid,2024-11-21
FIN001017,STU-00499,Fall 2023,Extracurricular Fee,66.51,0.0,0,,Unpaid,
FIN000015,STU00008,Spring 2024,Transportation,340.42,0.0,229.83,110.59,partial,2024-06-03
FIN000667,STU00331,Spring 2024,Extracurricular Fee,41.82,10.46,31.36,0.0,Paid,2024-11-07
FIN001340,STU00655,Fall 2025,Extracurricular Fee,39.05,0.0,0,39.05,Unpaid,
FIN001503,STU00730,Spring 2024,Library Fee  ,34.1,0.0,0,34.1,  Unpaid,
FIN001132,STU00556,Fall 2023,Tuition,2474.19,618.55,1855.64,0.0,Paid,2024-03-23
,STU00461,Spring 2025,Transportation  ,253.89,0.0,253.89,0.0,Paid,2024-01-12
FIN001471,STU00715,Fall 2024,Transportation,397.46,0.0,353.02,44.44,Partial,2024-01-03
FIN000277,STU00138,Fall 2023,Lab Fee,143.2,0.0,143.2,0.0,,08-Feb-2024
FIN001826,STU01417,Spring 2025,Meal Plan,785.25,0.0,785.25,0.0,Paid,2024-01-14
FIN001793,STU00876,Spring 2024,Library Fee,23.86,2.39,21.47,0.0,Paid,2025-08-24
FIN000652,STU00323,Spring 2025,Transportation,344.4,86.1,64.48,193.82,Partial,2024-06-26
FIN000376,STU00183,Spring 2024  ,Extracurricular Fee,60.31,6.03,,0.0,Paid,2024-04-07
FIN000096,STU00046,Spring 2025,Meal Plan,389.85,0.0,201.21,188.64,partial,2024-12-28
FIN001105,STU00544,Fall 2023,Meal Plan,638.06,638.06,0,0.0,Paid,
FIN000127,STU00062,Fall 2024,Lab Fee,79.95,0.0,79.95,0.0,Paid,2025-05-19
FIN001715,STU00837,Fall 2024,Lab Fee,57.72,0.0,16.51,41.21,Partial,2025-05-03
FIN000802,STU398,Spring 2025,Tuition,4688.9,0.0,4688.9,0.0,Paid,"September 18, 2023"
FIN000650,STU00323,Fall 2023,Meal Plan,333.32,0.0,333.32,0.0,Paid,2025-04-23
FIN000193,STU00094,Fall 2025,Lab Fee,62.63,0.0,0,62.63,Unpaid,
FIN001963,STU01039,Spring 2025,Transportation,179.11,89.56,89.55,0.0,Paid,2025-06-25
FIN000614,STU00305,Fall 2024,Meal Plan,476.13,47.61,414.06,14.46,Partial,2025-11-09
FIN000262,STU00132,,Tuition,2765.21,0.0,2765.21,0.0,Paid,2025-09-30
FIN001492,STU00726,Fall 2024,Library  Fee,47.24,0.0,47.24,0.0,Paid,04-Feb-2025
FIN001820,STU00889,Fall 2024,Meal Plan,527.67,0.0,527.67,0.0,Paid,18-Sep-2025
FIN001857,STU00907,Spring 2024,Library Fee,29.79,0.0,29.79,0.0,Paid,2025-11-19
FIN000002,STU00001,Spring 2024,Tuition,2449.69,244.97,2204.72,0.0,  Paid,2023-08-23
FIN000751,STU00375,Fall 2024,Tuition,2490.81,0.0,2490.81,0.0,Paid,"February 26, 2024"
FIN000657,S0326,Fall 2025,Transportation,376.1,0.0,376.1,0.0,Paid,2025-09-18
FIN001054,STU-00518,Fall 2023,Lab Fee,122.8,12.28,110.52,0.0,Paid,2025-07-18
FIN001525,STU00742,Fall 2025,Lab Fee,132.73,0.0,132.73,0.0,Paid,7/12/2025
FIN001833,STU00896,,Extracurricular Fee,82.38,0.0,66.07,16.31,Partial,2025-01-23
FIN000727,STU00361,Spring 2024,Transportation,192.99,0.0,192.99,0.0,Paid,2023-12-15
FIN000634,STU00314,Fall 2025,Meal Plan,711.63,0.0,711.63,0.0,Paid  ,2025-10-09
FIN001566,STU00764,Fall 2023,,45.33,4.53,5.16,35.64,Partial,2023-11-05
FIN000455,STU00226,Fall 2024,Extracurricular Fee,116.87,11.69,105.18,0.0,Paid,45564
FIN001373,STU00672,Fall 2023,Lab Fee,103.64,0.0,103.64,0.0,Paid,2023-08-01
FIN000852,STU00422,Spring 2025,Lab Fee,68.03,17.01,51.02,-0.0,,2025-07-20
FIN001698,STU00829,Spring 2024,Tuition,2415.74,0.0,2415.74,0.0,Paid,2024-10-15
FIN001582,STU00771,Fall 2023,Meal Plan,504.71,504.71,0,0.0,Paid,
FIN000240,STU00119,  Fall 2024,Extracurricular Fee,101.47,0.0,101.47,0.0,Paid,2025-04-30
FIN000462,STU00230,Spring 2024,Library Fee,40.47,10.12,30.35,0.0,Paid,2025-01-17
FIN000584,STU00289,Fall 2025,Transportation,297.11,297.11,,0.0,Paid,
FIN000081,STU00039,Fall 2024,Transportation,365.06,0.0,365.06,0.0,Paid,2023-11-26
FIN001976,STU00960,Fall 2023,Lab Fee,,0.0,63.67,80.62,Partial,45382
FIN001960,STU00951,Spring 2025,Transportation,357.57,0.0,357.57,0.0,Paid,2023-12-20
FIN000682,STU00337,FALL 2024,Extracurricular Fee,94.95,23.74,71.21,0.0,Paid,2024-06-11
FIN001279,627,Fall 2023,Lab Fee,135.02,0.0,135.02,0.0,Paid,"August 14, 2024"
FIN000638,STU00316,Spring 2024,Tuition,4579.08,0.0,4579.08,0.0,Paid,8/3/2023
FIN000178,STU00088,Fall 2023,Transportation,258.42,129.21,129.21,0.0,Paid,7/17/2025
FIN000814,STU00403,Spring 2025,,74.67,7.47,67.2,0.0,Paid,2024-03-23
FIN001784,STU00873,Fall 2025,Extracurricular Fee,39.91,3.99,35.92,-0.0,Paid,2025-05-17
FIN000511,STU-00255,Fall 2023,Library Fee,33.46,0.0,33.46,0.0,Paid,2024-12-13
FIN001890,STU00920,Fall 2023,Extracurricular Fee,110.88,55.44,55.44,0.0,,2025-02-23
FIN001612,STU00785,Fall 2024,Transportation,391.25,0.0,391.25,0.0,Paid,2024-08-20
FIN000988,STU00483,Fall 2024,Extracurricular Fee,54.25,0.0,54.25,0.0,Paid,2024-05-02
FIN001531,STU00746,Spring 2024,Transportation,347.59,34.76,312.83,0.0,Paid,18/6/2024
FIN000894,STU00439,Fall 2024,Library Fee,59.06,0.0,59.06,0.0,Paid,2024-11-20
FIN000978,STU-00477,Fall 2024,Extracurricular Fee,63.07,0.0,63.07,0.0,Paid,2023-11-15
FIN000658,STU00326,Fall 2025,Tuition,4644.96,0.0,4644.96,0.0,Paid,2025-11-24
FIN000754,stu00376,Fall 2025,Meal Plan,,0.0,,47.49,Partial,2023-08-22
FIN001561,STU00761,FALL 2024,Transportation,346.15,0.0,280.03,66.12,Partial,2024-05-19
FIN000705,STU00349,Fall 2023,Tuition,4017.27,0.0,4017.27,0.0,Paid,2025-03-10
FIN000892,STU00438,Spring 2025,Extracurricular Fee,97.34,0.0,0,97.34,Unpaid,
FIN001359,STU00666,Fall 2024,Lab Fee,128.09,0.0,128.09,0.0,Paid,2025-03-01
FIN001240,STU-00608,Spring 2025,Library Fee,42.58,0.0,42.58,0.0,Paid,2024-10-17
FIN000915,STU00450,Fall 2023,Extracurricular Fee,112.05,28.01,84.04,-0.0,Paid,2025-05-30
,STU00977,Spring 2024,Tuition,3323.77,0.0,3129.97,193.8,Partial,2024-04-17
FIN001356,STU00664,,Meal Plan,473.39,118.35,355.04,-0.0,Paid,10/16/2023
FIN000139,STU00069,Fall 2024,Meal Plan,345.06,0.0,345.06,0.0,Paid,2025-08-08
FIN000847,STU00420,Spring 2025,Tuition,2215.41,553.85,1661.56,0.0,Paid,2025-08-06
FIN001237,STU00606,Spring 2025  ,Meal Plan,,65.88,592.96,0.0,Paid,2025-03-19
FIN000881,STU00434,Spring 2025,Extracurricular Fee,112.8,0.0,112.8,0.0,Paid,2023-10-13
FIN001846,STU00901,Spring 2024,Library Fee,39.14,3.91,35.23,0.0,Paid,2024-07-23
FIN001337,STU00654,Fall 2023,Tuition,3450.28,0.0,3450.28,0.0,Paid,2025-01-31
FIN000668,STU00331,Fall 2025,Transportation,378.21,94.55,283.66,-0.0,Paid,
FIN001255,STU-00615,Spring 2025,Tuition,2264.24,0.0,2246.77,17.47,Partial,2024-12-03
FIN001996,STU00968,Fall 2024,Extracurricular Fee,62.33,0.0,62.33,0.0,Paid,2023-11-09
FIN000979,STU00478,Fall 2025,  Transportation,384.37,384.37,0,0.0,Paid,
FIN001474,STU00717,Fall 2025,Meal Plan,405.4,0.0,393.27,12.13,Partial,18-Jul-2025
FIN001559,S0760,Spring 2025,Tuition,4033.57,0.0,4033.57,0.0,Paid,
FIN001310,STU00642,Spring 2024,  Transportation,245.76,0.0,245.76,0.0,Paid,2024-05-16
FIN000201,STU-00097,Fall 2025,Library Fee,25.09,0.0,0,25.09,Unpaid,
FIN001731,STU00844,Fall 2023,Extracurricular Fee,62.5,0.0,62.5,0.0,Paid,2025-09-24
FIN001588,STU00774,Fall 2023,Lab Fee,129.41,0.0,129.41,0.0,Paid,2023-08-13
FIN000597,STU00295,Fall 2024,Meal Plan,675.03,0.0,675.03,0.0,Paid,2023-10-17
FIN001234,STU-00605,Spring 2024,Lab Fee,109.83,27.46,56.04,26.33,Partial,26-Nov-2024
FIN001630,STU795,Fall 2023,Extracurricular Fee,46.05,46.05,0,0.0,Paid,
FIN001350,STU00662,Spring 2024,Extracurricular Fee,116.12,0.0,116.12,0.0,Paid,2025-04-08
FIN000195,STU00095,Spring 2024,Transportation,180.84,18.08,162.76,0.0,Paid,2023-11-02
FIN000099,STU00047,Fall 2023,  Extracurricular Fee,99.51,9.95,89.56,0.0,Paid,1/31/2025
FIN000749,STU00374,Spring 2025,Meal Plan,484.25,0.0,484.25,0.0,Paid,2024-09-27
FIN000894,STU00439,Fall 2024,Library Fee,59.06,0.0,59.06,0.0,Paid,2024-11-20
FIN001454,STU00707,Spring 2025,Meal Plan,512.51,0.0,512.51,0.0,Paid,"May 15, 2025"
FIN000670,STU00332,Spring 2024,Transportation,308.35,0.0,308.35,0.0,Paid,2025-09-01
FIN001898,STU00924,Fall 2025,Library Fee,36.64,18.32,18.32,0.0,Paid,2024-08-17
FIN001558,STU00760,FALL 2023,Lab Fee,120.37,0.0,0,120.37,Unpaid,
FIN000677,STU00335,Spring 2024,Extracurricular Fee,82.31,0.0,82.31,0.0,Paid,2025-09-17
FIN000361,STU00177,Fall 2025,lab fee,56.96,0.0,56.96,0.0,Paid,09-Dec-2023
FIN001844,STU00900,Fall 2023,Meal Plan,350.77,0.0,350.77,0.0,Paid,5/16/2025
FIN000725,STU00359,Fall 2023,Meal Plan,459.62,45.96,413.66,0.0,Paid,29/9/2024
FIN001618,STU00790,Spring 2025,MEAL PLAN,430.5,0.0,430.5,0.0,Paid,14-Mar-2024
FIN000364,STU00178,Fall 2023,Extracurricular Fee,74.24,37.12,37.12,0.0,Paid,2024-02-03
FIN000052,STU00024,Spring 2024,Extracurricular Fee,42.95,10.74,32.21,0.0,Paid,2023-12-31
FIN000953,STU00465,Spring 2024,Transportation,368.33,0.0,368.33,0.0,Paid,2024-10-18
FIN000524,STU00261,Fall 2024,Transportation,384.56,192.28,192.28,0.0,Paid,31/12/2024
FIN001181,STU00580,Fall 2025,Library Fee,54.05,0.0,54.05,0.0,Paid,2025-07-09
FIN001216,STU00596,FALL 2023,Lab Fee,114.96,0.0,114.96,0.0,Paid,2025-08-22
FIN000857,STU00424,Fall 2025,Library Fee,44.79,0.0,44.79,0.0,Paid,2024-03-09
FIN000103,STU00049,Spring 2024,Meal Plan,545.55,545.55,0,0.0,Paid,
FIN001770,STU00865,Fall 2024,Library Fee,40.15,40.15,0,0.0,Paid,
FIN001355,STU00664,Fall 2024,,39.49,0.0,13.49,26.0,partial,2024-10-22
FIN001867,STU00911,Fall 2023,Library Fee,44.69,0.0,44.69,0.0,Paid,45600
FIN000416,STU00207,Fall 2024,    Transportation,382.29,38.23,344.06,0.0,Paid,45589
FIN000520,STU00259,Spring 2024,Meal Plan,679.07,0.0,679.07,0.0,Paid,2024-08-29
FIN000957,stu00469,Fall 2025,Transportation,203.71,,183.34,0.0,Paid,2024-02-05
FIN000461,STU00229,Fall 2024,Extracurricular Fee,87.95,8.79,0,79.16,Unpaid,
FIN000274,STU00137,Spring 2024,Transportation,345.37,0.0,345.37,0.0,Paid,2024-02-07
FIN000536,STU00268,Fall 2024,Library Fee,26.67,0.0,26.67,0.0,Paid,15-Sep-2023
FIN001110,STU00546,Fall 2023,Extracurricular Fee,74.02,0.0,74.02,0.0,Paid,2024-01-19
FIN001666,STU00812,Fall 2024,Tuition,4622.49,0.0,4611.46,11.03,,2025-07-19
FIN000573,STU00284,Spring 2025,Meal Plan,348.97,174.49,19.87,154.61,Partial,12/22/2024
FIN000972,STU00475,Spring 2024,Lab Fee,98.43,0.0,98.43,0.0,Paid,2025-09-01
FIN001902,STU00925,Fall 2024,Extracurricular Fee,115.82,0.0,115.82,0.0,Paid,2025-01-08
FIN001937,STU00941,Fall  2023,Extracurricular Fee,,,69.05,0.0,Paid,2025-01-30
FIN000539,STU00270,Fall 2025,Library Fee,35.13,0.0,35.13,0.0,Paid,2025-02-23
FIN000829,STU00410,Fall 2025,Tuition,4298.38,0.0,4298.38,0.0,Paid,2024-02-26
FIN000163,STU00081,Spring 2025,Lab Fee,120.58,0.0,106.59,13.99,Partial,2025-02-15
FIN000069,STU00033,,Extracurricular Fee,103.56,0.0,0,103.56,Unpaid,
FIN001778,STU00869,Fall 2023,Extracurricular Fee,32.03,0.0,0,32.03,Unpaid,
FIN002023,STU00982,SPRING 2024,library fee,54.48,0.0,54.48,0.0,Paid,2023-11-26
FIN000709,STU00350,Fall 2023,Library Fee,49.78,12.45,0,,Unpaid,
FIN000992,STU00486,Spring 2025,TRANSPORTATION,187.11,18.71,168.4,,Paid,2024-03-08
,STU00513,Fall 2023,Tuition,3286.22,0.0,3286.22,0.0,Paid,10-Mar-2025
FIN001037,STU00509,Fall 2023,Meal Plan,374.04,93.51,280.53,0.0,,2023-10-22
FIN000061,STU00028,Fall 2023,Library Fee,22.98,22.98,0,0.0,Paid,
FIN000099,STU00047,Fall 2023,Extracurricular Fee,99.51,9.95,89.56,0.0,Paid,2025-01-31
FIN001527,STU00743,Fall 2025,TUITION,2665.9,0.0,2567.36,98.54,Partial,
FIN000755,STU00377,Fall 2025,,630.41,0.0,597.69,32.72,Partial,2025-06-19
FIN001749,STU00854,Fall 2023,Lab Fee,57.08,0.0,4.01,53.07,Partial,45409
FIN000246,STU00123,Fall 2023,transportation,161.49,16.15,145.34,0.0,PAID,2023-12-07
FIN000429,STU00214,Fall 2023,Lab Fee,122.6,12.26,110.34,-0.0,Paid,2024-11-15
FIN001721,STU00839,  Fall 2024,Library Fee,32.09,0.0,32.09,0.0,Paid,2024-06-05
FIN001106,STU00545,Fall 2025,Extracurricular Fee,86.36,0.0,86.36,0.0,Paid,2024-12-30
FIN001684,STU00822,Spring 2025,Extracurricular Fee,50.4,0.0,50.4,0.0,Paid,2023-09-01
FIN001058,STU00519,Spring 2025,Tuition,4166.74,416.67,3750.07,-0.0,Paid,2024-11-08
FIN000249,STU00125,Fall 2023,Meal Plan,632.21,0.0,620.42,11.79,Partial,2023-12-06
FIN001171,STU00575,  Fall 2025,,375.0,0.0,375.0,0.0,Paid,7/30/2024
FIN000363,STU00178,Fall 2024,Meal Plan,657.38,164.34,493.04,-0.0,Paid,23/12/2023
FIN002054,STU01000,Fall 2024,Transportation,239.65,23.96,,0.0,Paid,23/8/2023
FIN001943,STU00943,Fall 2024,Tuition,4108.14,0.0,4108.14,0.0,Paid,18-Aug-2025
FIN001590,STU00775,Fall 2025,Tuition,4940.59,1235.15,3705.44,0.0,Paid,2024-02-23
FIN000459,STU00228,Fall 2025,Transportation,154.32,38.58,0,115.74,Unpaid,
FIN001179,STU00578,Fall 2025,Meal Plan,407.27,407.27,0,0.0,Paid,
FIN000493,STU00243,Spring 2024,Meal Plan,476.42,238.21,238.21,0.0,Paid,2025-11-29
FIN000649,322,Spring 2025,Tuition,2361.21,0.0,2251.02,110.19,Partial,2025-08-03
FIN001737,STU00847,Fall 2025,Lab Fee,85.36,0.0,85.36,,Paid,2025-08-13
FIN000678,STU00335,Fall 2025,Lab Fee,96.66,24.16,0,72.5,Unpaid,
FIN001697,STU00828,Spring 2025,Extracurricular Fee,95.49,0.0,0,95.49,Unpaid,
FIN000113,STU00054,Fall 2024,Transportation,388.07,0.0,388.07,0.0,Paid,2025-02-17
FIN001922,STU00934,Fall 2025,Library Fee,56.5,28.25,0,28.25,Unpaid,
FIN000805,STU00400,Fall 2025,Transportation,157.47,157.47,0,0.0,Paid,
FIN001365,STU00669,Fall 2025,Extracurricular Fee,,0.0,0,111.62,Unpaid,
FIN001662,STU00809,Fall 2025,Meal Plan,308.58,0.0,108.74,199.84,Partial,2024-11-24
FIN000090,STU00044,Fall 2024,Extracurricular Fee,55.77,0.0,55.77,0.0,Paid,1/5/2024
FIN000434,STU00216,Fall 2025,meal plan,712.49,178.12,534.37,0.0,Paid,10/27/2023
FIN000849,STU00421,Spring 2024,Meal Plan,486.87,0.0,486.87,0.0,Paid,2023-11-26
FIN000221,STU00110,Spring 2024,Lab Fee,136.82,0.0,136.82,0.0,Paid,2023-11-01
FIN000475,STU00235,Fall 2024,Tuition,2485.03,248.5,2236.53,0.0,Paid,2024-06-03
FIN001819,STU00889,Spring 2025,Library Fee,24.28,0.0,0,24.28,Unpaid,
FIN001149,STU00563,Spring 2024,Meal Plan,608.07,0.0,608.07,0.0,Paid,2025-08-28
FIN001117,STU00549,Fall 2024,Meal Plan,789.29,0.0,789.29,0.0,Paid,2024-05-30
FIN000900,STU00443,Fall 2025,Extracurricular Fee,52.98,0.0,52.98,0.0,Paid,2024-11-01
FIN000068,STU00032,Spring 2025,Transportation,346.35,0.0,346.35,0.0,Paid,2025-09-10
FIN001992,STU00966,Fall 2023,Lab Fee,52.84,0.0,52.84,0.0,Paid,13/1/2024
FIN001163,STU00570,Spring 2024,Library Fee,29.43,0.0,29.43,0.0,Paid,2024-08-06
FIN000348,STU00172,Spring 2024,TRANSPORTATION,355.94,0.0,355.94,0.0,,2024-12-04
FIN000821,STU00406,Spring 2025,Tuition,2250.06,1125.03,1125.03,0.0,Paid,2024-12-25
FIN000736,STU00365,Fall 2025,Tuition,4827.07,0.0,4633.4,193.67,Partial,2023-10-26
FIN001421,STU00693,Fall 2023,Library Fee,58.31,29.16,0,29.15,Unpaid,
FIN001950,STU00947,Fall 2024,Transportation,193.98,48.49,49.16,96.33,Partial,2025-02-02
FIN001317,STU00645,Fall 2023,Lab Fee,146.58,0.0,135.31,11.27,Partial,2025-04-21
FIN000213,STU00104,Spring 2024,Transportation,288.27,72.07,65.29,150.91,Partial,2023-10-29
FIN000116,STU00056,Spring 2024,Extracurricular Fee,115.51,11.55,0,103.96,Unpaid,
FIN000045,STU00020,Fall 2024,Lab Fee,93.14,0.0,93.14,0.0,Paid,2025-07-25
FIN001563,STU00762,Spring 2024,TRANSPORTATION,315.78,31.58,284.2,0.0,Paid,2025-01-09
FIN000148,STU00073,Fall 2025,Extracurricular Fee,76.95,7.7,69.25,0.0,,45214
FIN002010,STU-00976,Spring 2024,Transportation,303.28,151.64,113.72,37.92,Partial,2025-06-05
FIN000110,STU00053,Fall 2023,Transportation,233.97,116.98,0,116.99,Unpaid,
FIN001830,STU00895,Fall 2023,Lab Fee,87.59,21.9,0,65.69,Unpaid,
FIN000169,STU00083,Fall 2023,Meal Plan,689.49,172.37,496.08,21.04,Partial,2024-10-07
FIN000981,STU00479,Fall 2023,Library Fee,27.6,0.0,27.6,0.0,Paid,2024-06-20
FIN000049,STU00022,Fall 2024,Tuition,2863.5,286.35,2519.37,57.78,Partial,2023-08-26
FIN001869,STU00912,  Fall 2023,Tuition,4591.58,0.0,4591.58,0.0,Paid,2024-10-06
FIN001208,STU00594,Fall 2024,tuition,2701.41,0.0,2701.41,0.0,Paid,2025-04-07
FIN000744,STU00370,Spring 2025,Extracurricular Fee,58.8,0.0,58.8,0.0,Paid,2025-11-29
FIN001883,917,Spring 2025,Tuition,3130.87,0.0,3130.87,0.0,  Paid,2024-01-14
FIN002033,S0989,Fall 2024,Lab Fee,125.87,31.47,94.4,0.0,Paid,2025-07-17
FIN001028,STU00505,Fall 2024,Meal Plan,479.01,0.0,479.01,0.0,Paid,45776
FIN001546,STU00753,Spring 2025,Tuition,3081.19,0.0,2925.43,155.76,Partial,27-Jan-2024
FIN001233,STU00604,spring 2024,library fee,41.52,0.0,0,41.52,Unpaid,
FIN000968,STU00473,Fall 2023,library fee,31.91,0.0,31.91,0.0,,2024-12-24
FIN001733,STU00845,Fall 2025,Extracurricular Fee,79.91,19.98,59.93,-0.0,Paid,2025-03-06
FIN000920,STU00452,Fall 2024,Extracurricular Fee,75.26,0.0,75.26,0.0,Paid,2025-03-24
FIN001287,STU00631,Fall 2023,LAB FEE,60.74,0.0,60.74,0.0,Paid,2025-08-29
FIN000413,STU206,Fall 2023,Transportation,167.34,0.0,167.34,0.0,Paid,2025-01-05
FIN000796,stu00396,Spring 2025,Tuition,4216.74,1054.18,3162.56,-0.0,Paid,2023-11-21
FIN001374,STU00673,Fall 2023,Lab Fee,123.14,0.0,123.14,,Paid,2024-03-14
FIN000121,STU00059,Fall 2025,Tuition,2617.66,0.0,2617.66,0.0,Paid,2025-09-22
FIN000544,STU00271,Fall 2024,Meal Plan,351.52,175.76,175.76,0.0,Paid,2024-06-27
FIN001517,S0739,Fall 2024,Tuition,3690.8,0.0,3690.8,0.0,Paid,2024-10-01
FIN001035,508,Fall 2024,  Tuition,3875.88,968.97,2906.91,0.0,Paid,2024-03-05
FIN001073,STU00528,Spring 2025,Transportation,223.5,55.88,5.52,162.1,Partial,45667
FIN001703,STU00832,Spring 2025,Extracurricular Fee,68.49,0.0,68.49,0.0,Paid,2024-05-15
FIN001687,STU00824,Fall 2025,Lab Fee,115.7,0.0,115.7,0.0,Paid,2025-09-22
FIN000386,STU00189,Spring 2025,Extracurricular Fee,108.42,0.0,108.42,0.0,,2024-05-30
FIN001694,STU00827,Spring  2025,Transportation,282.24,282.24,0,0.0,Paid,
FIN000969,STU00473,Fall 2025,Tuition,2175.03,217.5,1957.53,0.0,Paid,2023-11-25
FIN001496,STU00728,  Spring 2024,Transportation,261.31,0.0,188.29,73.02,Partial,2024-02-02
FIN001541,STU00752,Fall 2023,Lab Fee,107.19,26.8,80.39,0.0,Paid,2023-11-12
FIN001913,STU00930,Fall 2023,Transportation,214.65,0.0,214.65,0.0,Paid,8/10/2025
,STU00400,Spring 2024,Lab Fee,75.44,18.86,4.31,52.27,Partial,45922
FIN000570,STU00283,Fall 2024,Transportation,389.21,0.0,389.21,0.0,Paid,2025-10-20
FIN000440,STU00219,fall 2024,Tuition,3441.28,,3441.28,0.0,Paid,2024-12-18
FIN000310,STU00151,Spring 2024,Meal Plan,767.42,0.0,574.37,193.05,Partial,2025-08-23
FIN001539,STU00751,Fall 2024,Library Fee,36.8,0.0,36.8,0.0,Paid,2025-06-16
FIN001095,STU00538,Fall 2024,Meal Plan,605.46,0.0,590.93,14.53,PARTIAL,2024-03-05
FIN000381,S0186,Fall 2023,Extracurricular Fee,41.85,0.0,41.85,0.0,Paid,2023-10-23
,STU00388,SPRING 2024,Library Fee,48.44,0.0,48.44,0.0,Paid,2023-08-24
FIN001873,STU00913,Spring 2025,Lab Fee,132.3,13.23,0,119.07,Unpaid,
FIN000011,STU00007,Spring 2024,Lab Fee,146.54,0.0,121.68,24.86,Partial,2024-12-28
FIN001636,STU00798,Spring 2024,Meal Plan,557.81,139.45,418.36,-0.0,Paid,7/4/2024
FIN001754,STU00857,Spring 2024,Meal Plan,406.52,40.65,312.15,53.72,Partial,2023-09-14
FIN000097,STU00047,,Lab Fee,61.87,15.47,46.4,0.0,Paid,"July 26, 2025"
FIN000257,STU00129,Fall 2025,Extracurricular Fee,92.47,9.25,83.22,0.0,Paid,2025-07-06
FIN000641,STU00318,Spring 2024,Lab Fee,83.15,0.0,34.11,49.04,Partial,2023-11-18
FIN000013,STU00008,Fall 2023,Tuition,2304.53,0.0,2304.53,0.0,Paid,2025-10-11
FIN000318,STU00155,Spring 2024,Tuition,4108.62,0.0,4108.62,0.0,Paid,2025-09-13
FIN001323,STU00647,Fall 2023,Library Fee,24.36,0.0,24.36,0.0,Paid,2025-07-03
FIN001371,STU00671,Fall 2023,,111.35,0.0,85.4,25.95,Partial,2024-06-17
FIN000791,STU00393,Fall 2024,Extracurricular Fee,55.06,13.77,41.29,,Paid,2025-01-07
FIN000848,STU00421,fall 2023,Transportation,301.74,0.0,301.74,0.0,Paid,2024-03-08
FIN000708,STU00350,Spring 2024,Tuition,3670.11,917.53,2752.58,0.0,Paid,2024-08-31
FIN001949,STU00946,Fall 2024,Library Fee,48.75,0.0,48.75,0.0,Paid,2025-01-06
FIN001074,STU00529,Fall 2025,Transportation,393.0,0.0,393.0,0.0,Paid,2024-02-23
FIN001622,STU791,Fall 2024,Meal Plan,783.54,0.0,783.54,0.0,Paid,2025-05-30
FIN000236,STU00116,Fall 2024,Meal Plan,306.36,30.64,275.72,0.0,Paid,45497
FIN001343,STU00656,Fall 2024,Lab Fee,65.37,0.0,13.6,51.77,Partial,2025-02-02
FIN001764,STU00863,Spring 2024,Extracurricular Fee,116.82,0.0,116.82,0.0,Paid,2024-11-03
FIN001868,STU00911,Spring 2025,Extracurricular Fee,115.7,0.0,115.7,0.0,Paid,4/12/2023
FIN000977,STU00477,Spring 2025,Tuition,2978.79,2978.79,0,0.0,Paid,
FIN000305,STU00149,  Fall 2024,Library Fee,42.74,21.37,0,21.37,Unpaid,
FIN001842,STU00899,Fall 2025,Extracurricular Fee,98.28,0.0,98.28,0.0,Paid,2024-05-29
FIN001011,STU00496,Spring 2025,Library Fee,29.98,0.0,0,29.98,Unpaid,
FIN001222,STU00599,Fall 2023,  Transportation,153.96,0.0,153.96,0.0,Paid,2024-01-08
FIN001843,STU00900,  Fall 2025,Transportation,319.12,0.0,319.12,0.0,Paid,16-Dec-2023
FIN000235,STU00116,Spring 2024,LIBRARY FEE,35.34,0.0,35.34,0.0,Paid  ,2025-06-10
FIN001172,STU00576,Fall 2024,Meal Plan,450.97,225.49,,0.0,Paid,2023-11-21
FIN000128,STU00062,Fall 2025,Meal Plan,670.74,0.0,670.74,0.0,Paid,8/1/2024
FIN000260,STU00130,Fall 2023,Library Fee,59.21,29.61,29.6,0.0,Paid,2024-03-19
FIN000936,STU00459,Spring 2025,Lab Fee,117.58,0.0,117.58,0.0,Paid,10/14/2025
FIN000921,STU01115,Spring 2025,Transportation,309.12,0.0,309.12,0.0,Paid,2025-11-17
FIN000189,STU00093,Fall 2024,Meal Plan,446.52,0.0,446.52,0.0,Paid,05-May-2024
FIN000117,STU00057,Fall 2025,Tuition,2548.57,254.86,2293.71,0.0,Paid,45810
FIN001626,STU00792,Spring 2025,Extracurricular Fee,93.05,9.3,83.75,0.0,Paid,2023-08-22
FIN000910,STU00448,Spring 2025,Transportation,393.17,39.32,353.85,0.0,Paid,2024-06-03
FIN000875,STU00432,Spring 2025,library fee,47.01,0.0,47.01,0.0,Paid,04-Jun-2024
FIN001005,STU00492,Spring 2024,Tuition,3860.02,1930.01,1930.01,0.0,Paid,27-May-2025
FIN001537,STU00749,Spring 2025,  Transportation,349.46,0.0,349.46,0.0,Paid,"March 27, 2024"
FIN001064,STU00523,Fall 2025,Library Fee,35.13,0.0,0,35.13,Unpaid,
FIN001627,STU00793,Spring 2025,Library Fee,52.63,5.26,0,47.37,Unpaid,
FIN000225,STU00112,Spring 2024,Tuition,3214.46,803.62,2410.84,0.0,Paid,2025-08-24
FIN001072,STU00528,Spring 2025,Lab Fee,148.87,0.0,148.87,0.0,Paid,2025-04-26
FIN000284,S0142,,Library Fee,56.49,5.65,0,50.84,Unpaid,
FIN000433,STU216,Fall 2023,Lab Fee,96.36,24.09,0,72.27,Unpaid,
FIN000615,STU00305,Fall 2024  ,Library Fee,34.15,0.0,34.15,0.0,Paid,
FIN001263,STU00619,Spring 2025,Lab Fee,135.2,0.0,0,135.2,Unpaid,
FIN001159,STU-00568,Spring 2024,Transportation,350.81,0.0,350.81,0.0,Paid,"July 12, 2024"
FIN001530,STU00745,Fall 2024,LAB FEE,106.73,0.0,106.73,0.0,Paid,2024-06-07
FIN001224,STU00600,Spring 2025,,357.06,0.0,170.0,,Partial,2024-05-04
FIN001614,STU00787,Fall 2025,Extracurricular Fee,95.65,0.0,95.65,0.0,Paid,7/4/2025
FIN000476,STU00235,Spring 2024,Library Fee,53.41,13.35,40.06,-0.0,Paid,2024-06-30
FIN000795,STU00395,Spring 2024,Tuition,2690.55,0.0,2690.55,0.0,Paid,2024-11-30
FIN000390,STU00191,Spring 2024,Extracurricular Fee,55.21,0.0,55.21,0.0,Paid,
FIN001026,stu00504,Fall 2025,Lab Fee,95.37,0.0,0,95.37,Unpaid,
FIN001062,STU00521,Fall 2025,Meal Plan,391.64,,391.64,0.0,Paid,2023-10-23
FIN000392,STU00192,Spring 2025,Lab Fee,64.36,0.0,64.36,0.0,Paid,45484
FIN001059,STU00520,Fall 2024,Transportation,225.3,225.3,0,0.0,PAID,
FIN001551,STU00756,Spring 2025,Transportation,380.8,0.0,380.8,0.0,Paid,2025-02-20
FIN000472,STU00233,Fall 2023,Meal Plan,646.0,0.0,646.0,0.0,Paid,2024-04-14
FIN001965,STU00954,Fall 2023,Meal Plan,,0.0,783.45,0.0,Paid,2024-02-08
FIN001578,STU00770,Fall 2023,Tuition,2216.22,0.0,2216.22,0.0,Paid,2025-03-18
FIN001615,STU00788,Spring 2025,Tuition,4356.5,435.65,3920.85,0.0,Paid,"January 29, 2024"
FIN001397,STU00682,Fall 2024,  Extracurricular Fee,96.69,48.34,48.35,,Paid,
FIN001629,STU-00794,Fall 2024,Lab Fee,93.21,0.0,93.21,0.0,Paid,2023-11-24
FIN000198,STU96,Fall 2023,Tuition,3027.1,302.71,2724.39,0.0,Paid,2024-03-12
FIN001767,STU00864,Fall 2023,Tuition,3385.62,846.4,2539.22,0.0,Paid,2023-12-12
FIN001188,STU00583,Spring 2024,Meal Plan,389.48,97.37,292.11,0.0,Paid,2024-11-11
FIN001555,STU00758,Fall 2025,Tuition,3506.61,1753.31,,0.0,Paid,2025-04-14
FIN001404,STU00686,  Fall 2024,Lab Fee,75.78,0.0,75.78,0.0,Paid,2025-07-15
FIN001634,STU00798,Fall 2023,Tuition,4496.04,4496.04,0,0.0,Paid,
FIN000427,STU00213,Fall 2025,Lab Fee,108.97,54.48,54.49,0.0,Paid,2023-11-15
FIN000778,STU00386,Fall 2024,Lab Fee,120.61,30.15,90.46,0.0,Paid,2024-05-05
FIN001060,STU00521,Fall 2023,Lab Fee,98.38,0.0,98.38,0.0,Paid,2025-04-23
FIN001792,STU00875,Fall 2024,Extracurricular Fee,40.82,4.08,36.74,0.0,Paid,2025-09-06
FIN000750,STU00374,Fall 2025,Transportation,203.27,20.33,171.72,11.22,Partial,2025-02-08
FIN000008,STU00005,Fall 2023,Meal Plan,691.91,172.98,518.93,0.0,Paid,5/10/2025
FIN001652,STU00804,  Fall 2024,Library Fee,49.89,24.95,0,24.94,Unpaid,
FIN000135,STU00066,Fall 2024,Meal Plan,546.92,54.69,492.23,-0.0,Paid,45865
FIN000812,S0402,Fall 2024,Lab Fee,51.25,0.0,13.79,37.46,Partial,2023-11-08
FIN000438,STU00218,Fall 2023,Lab Fee,88.86,0.0,0,88.86,  Unpaid,
,STU00205,Fall 2025,Transportation,179.09,0.0,179.09,0.0,Paid,2024-08-28
FIN001324,STU00647,  Fall 2024,Lab Fee,60.36,0.0,60.36,0.0,Paid,
FIN000154,STU00076,Spring 2025,Transportation,,35.25,317.25,0.0,Paid,2024-08-20
FIN001924,stu00935,Fall 2025,Library Fee,43.6,0.0,43.6,0.0,  Paid,2024-04-21
FIN001542,STU00752,Fall 2024,Tuition,3702.25,0.0,3702.25,0.0,Paid,2025-04-24
FIN000222,STU00110,fall 2024,Extracurricular Fee,65.35,0.0,65.35,0.0,Paid,2023-10-16
FIN000746,STU00371,Spring 2025,Tuition,3694.53,0.0,3694.53,0.0,Paid,45822
FIN001548,STU00754,Fall 2025,Extracurricular Fee,72.98,0.0,72.98,0.0,Paid,2025-04-14
FIN001748,STU00853,Fall 2024,Meal Plan,652.98,0.0,652.98,0.0,Paid,2025-09-28
FIN000766,STU00382,Fall 2025,Meal Plan,734.12,0.0,734.12,0.0,Paid,10-Oct-2024
FIN000655,STU00324,Fall 2025  ,Library Fee,47.13,0.0,47.13,0.0,Paid,
FIN000080,STU00038,Fall 2025,Extracurricular Fee,33.43,0.0,,0.0,Paid,2025-09-18
FIN000082,STU00039,Fall 2025,Library Fee,32.95,0.0,32.95,0.0,Paid,2024-01-09
FIN001094,STU00538,,Extracurricular Fee,86.25,43.12,0,43.13,Unpaid,
FIN002015,STU00979,Spring 2024,Lab Fee,147.63,73.81,73.82,0.0,Paid,2025-02-10
FIN000047,STU00020,Fall 2024,Meal Plan,351.22,35.12,316.1,0.0,Paid,
FIN000418,STU00208,Fall 2025,Extracurricular Fee,50.46,5.05,0,45.41,Unpaid,
FIN000522,STU00260,Fall 2024,Transportation,383.49,95.87,287.62,0.0,Paid,2025-02-12
FIN001653,STU00805,Fall 2025,Lab Fee,104.14,0.0,104.14,0.0,Paid,2023-10-10
FIN000787,S0391,Fall 2024,Tuition,3782.38,0.0,3782.38,0.0,Paid,2025-01-05
FIN000176,STU00086,Fall 2025,Lab Fee,113.03,0.0,113.03,0.0,Paid,
FIN000278,STU00139,Fall 2024,Tuition,2516.1,0.0,2516.1,0.0,Paid,2025-08-12
FIN000714,STU00353,Fall 2024  ,Meal Plan,757.4,0.0,634.43,122.97,Partial,21-Dec-2023
FIN001286,STU00630,Fall 2023,Library Fee,21.9,0.0,21.9,0.0,Paid,2025-10-03
FIN001908,STU00927,Spring 2025,Library Fee,48.62,12.15,36.47,0.0,PAID,2025-04-16
FIN001048,STU00515,Fall 2024,Tuition,4892.72,,4238.7,164.75,partial,2025-07-23
FIN001455,STU00708,Spring 2025,Lab Fee,51.72,0.0,51.72,0.0,Paid,2023-09-13
FIN001168,STU00572,Fall 2023,Tuition,3208.31,0.0,3208.31,0.0,Paid,17/8/2024
FIN001395,STU00681,Fall 2025,Transportation,384.2,0.0,384.2,0.0,Paid,"August 16, 2025"
FIN000340,STU00167,Spring 2025,Library Fee,58.62,14.65,43.97,0.0,Paid,2025-05-15
FIN001432,STU00698,Fall  2023,Lab Fee  ,130.86,0.0,130.86,0.0,Paid,2/20/2025
FIN001075,STU00529,Spring 2025,Library Fee,27.51,2.75,0,24.76,Unpaid,
FIN000971,STU00475,Fall 2023,Extracurricular Fee,81.1,0.0,81.1,0.0,Paid,2023-10-19
FIN001878,STU00915,Fall 2023,Meal Plan,464.34,0.0,464.34,0.0,Paid,2024-09-18
FIN000684,STU00339,Spring 2024,  Extracurricular Fee,47.95,11.99,35.96,0.0,Paid,2024-01-01
FIN001111,STU00547,Fall 2025,Library Fee,28.35,0.0,28.35,0.0,Paid,2025-08-25
FIN001319,S0646,Spring 2024,Lab Fee,122.57,,0,91.93,Unpaid,
,STU00121,Spring 2025,Library Fee,51.72,0.0,51.72,0.0,Paid,2024-05-24
FIN000884,STU00435,Spring 2024,Transportation,234.25,0.0,234.25,0.0,PAID,2024-12-21
FIN001685,STU00823,,Library  Fee,21.18,2.12,19.06,0.0,Paid,2025-03-27
,STU00336,Fall 2023,Tuition,3834.3,0.0,3834.3,0.0,Paid,2023-12-16
FIN001165,STU00571,Fall 2023,Lab Fee,135.56,0.0,135.56,0.0,Paid,2024-06-26
FIN001291,STU00632,Spring 2024,Transportation,366.28,0.0,366.28,0.0,Paid,2025-06-08
FIN001931,STU00939,Spring 2025,Tuition,2476.39,0.0,2476.39,0.0,Paid,2024-02-17
FIN001489,STU00724,Spring 2025,Extracurricular Fee,53.12,5.31,47.81,-0.0,Paid,2025-09-09
FIN001025,STU00503,Fall 2024,Extracurricular Fee,83.32,20.83,62.49,-0.0,Paid,2025-06-10
FIN000734,STU00364,Fall 2025,Lab Fee,136.87,136.87,0,0.0,Paid,
FIN001068,STU00525,Fall 2025,Transportation,180.78,0.0,180.78,0.0,,2024-11-22
FIN000575,STU00285,Spring 2025,Meal Plan,771.05,77.11,693.94,-0.0,Paid,2023-10-03
FIN000913,STU00449,Fall 2025,Meal Plan,755.56,0.0,755.56,0.0,Paid,2025-05-25
FIN000975,S0476,Spring 2025,Extracurricular Fee,36.11,18.05,18.06,0.0,Paid,14/9/2024
FIN000271,STU00136,Fall 2023,Meal Plan,693.57,0.0,693.57,,Paid,2024-04-20
FIN001918,STU00932,Fall 2023,Tuition,2712.11,271.21,2243.05,197.85,Partial,2025-09-16
FIN000864,STU00427,Fall 2025,Library Fee,57.65,0.0,9.31,48.34,Partial,2025-10-18
FIN000737,STU00366,  Spring 2025,Library Fee,30.59,0.0,30.59,0.0,Paid,2025-01-24
FIN000316,STU00154,Spring 2024,Meal Plan,743.56,0.0,743.56,0.0,Paid,"March 16, 2025"
FIN001884,STU00917,Spring 2024,Lab Fee,77.2,0.0,77.2,0.0,Paid,2025-10-10
FIN001115,STU548,Spring 2024,  Library Fee,32.26,,29.03,-0.0,Paid,2025-09-27
FIN000595,STU00294,Spring 2025,Meal Plan,788.59,197.15,591.44,0.0,,"January 25, 2025"
FIN002026,STU00984,Fall 2025,Extracurricular Fee,59.52,0.0,59.52,0.0,Paid,2023-11-14
FIN000335,STU00164,Spring 2024,Library Fee,57.94,0.0,57.94,0.0,Paid,2023-08-27
FIN000958,STU00470,Fall 2024,Tuition,4604.07,2302.03,2302.04,-0.0,Paid,2024-08-09
FIN000206,STU00100,,Tuition,3757.23,0.0,3757.23,0.0,Paid,2025-05-07
FIN000797,STU00396,Spring 2025,Lab Fee,144.0,0.0,144.0,0.0,Paid,2025-04-27
FIN001185,STU00581,Fall 2024,Tuition,3755.98,1877.99,1695.98,182.01,,2023-10-09
FIN000229,STU00113,Fall 2023,Lab Fee,89.09,22.27,66.82,,Paid,2023-08-19
FIN001505,STU00732,Fall 2024,Lab Fee,138.65,0.0,138.65,0.0,Paid,2025-09-17
FIN000611,STU00304,Fall 2023,Library Fee,22.63,11.31,11.32,-0.0,Paid,45305
FIN000770,STU00384,FALL 2025,Meal Plan,419.67,0.0,419.67,0.0,Paid,2023-10-15
FIN001061,STU00521,Fall 2025  ,Tuition,2955.27,0.0,2763.88,191.39,Partial,2025-01-08
FIN000621,STU00309,Fall 2023,Library Fee,22.97,22.97,0,0.0,Paid,
FIN001335,STU00653,,Meal Plan,579.62,0.0,579.62,0.0,  Paid,2023-10-28
FIN000398,STU00196,Spring 2025,Transportation,319.78,0.0,319.78,0.0,Paid,2023-11-09
FIN001594,STU00777,Spring 2024,Transportation,212.51,0.0,212.51,0.0,Paid,2024-05-31
FIN001726,STU00841,Spring 2024,Tuition,3886.21,0.0,3886.21,0.0,Paid,2025-04-21
FIN000973,STU00476,Spring 2025,Meal Plan,615.57,0.0,615.57,0.0,Paid,"March 21, 2025"
FIN001942,STU00943,Spring 2025,,135.16,0.0,135.16,0.0,Paid,45179
FIN000717,STU00354,Spring 2025,Extracurricular Fee,84.3,21.07,25.43,37.8,Partial,2024-05-06
FIN001299,S0637,Spring 2024,Lab Fee,105.82,0.0,0,105.82,Unpaid,
FIN000095,STU00046,Fall 2023,Library Fee,57.11,5.71,51.4,0.0,Paid,"July 14, 2024"
FIN001056,STU00519,Fall 2025,Extracurricular Fee,48.72,0.0,0,48.72,Unpaid,
FIN001581,STU00771,,extracurricular fee,55.86,13.96,41.9,0.0,Paid,28-May-2024
FIN001378,STU00674,Fall 2024,Meal Plan,435.83,108.96,326.87,0.0,Paid,2024-09-18
FIN001015,STU00498,Fall 2024,Transportation,351.57,87.89,263.68,0.0,Paid,2024-02-06
FIN000247,STU00123,Fall 2023,Meal Plan,540.62,0.0,540.62,0.0,Paid,2024-12-20
FIN001159,STU01307,Spring 2024,Transportation,350.81,0.0,350.81,0.0,Paid,"July 12, 2024"
FIN000700,347,Fall 2025,Meal Plan,510.19,127.55,352.47,30.17,Partial,45664
FIN001147,stu00563,Spring 2025,Tuition,4678.62,0.0,4678.62,0.0,Paid,2025-11-28
FIN001311,STU00642,Fall 2024,Meal Plan,436.43,0.0,436.43,0.0,Paid,"October 19, 2023"
FIN001293,STU00633,Fall 2023,Library Fee,55.83,0.0,55.83,0.0,Paid,2024-03-23
FIN001516,STU00739,Spring 2024,Lab Fee,121.05,30.26,90.79,-0.0,,2024-12-14
FIN001297,STU00636,Spring 2025,Tuition,4357.03,2178.51,2070.0,108.52,  Partial,2024-08-31
FIN001467,STU00714,Spring 2025,Extracurricular Fee,39.64,0.0,0,39.64,Unpaid,
FIN000765,STU00382,Fall 2025,Transportation,298.04,0.0,298.04,0.0,Paid,24-Jan-2025
FIN000231,STU00114,Spring 2024,Meal  Plan,510.95,0.0,510.95,0.0,Paid,2023-08-11
FIN000219,STU00108,Fall 2024,Library Fee,49.23,0.0,0,49.23,Unpaid,
FIN001970,957,Spring 2025,Transportation,164.62,0.0,31.25,133.37,Partial,2025-10-02
FIN000353,STU00174,Fall 2025,Extracurricular Fee,104.47,0.0,104.47,0.0,  Paid,2025-04-04
FIN000631,STU00313,Fall 2024,  Extracurricular Fee,83.18,20.8,62.38,0.0,Paid,45174
FIN000502,STU00250,Fall 2023,Library Fee,58.69,0.0,0,58.69,Unpaid,
FIN000087,STU01455,Spring 2025,,79.73,7.97,71.76,0.0,Paid,2025-05-09
FIN001880,STU00916,Fall 2025,Extracurricular Fee,70.29,0.0,70.29,0.0,paid,2024-09-01
FIN001212,STU00595,Spring 2025,Tuition,2618.87,0.0,2618.87,0.0,Paid,2025-05-05
,STU00477,Fall 2023,Meal Plan,354.54,35.45,319.09,0.0,Paid,7/10/2024
FIN001493,STU00726,Spring 2024,Tuition,4445.67,1111.42,3228.23,106.02,Partial,2024-08-26
FIN000366,179,Fall 2025,Transportation,189.93,0.0,99.29,90.64,Partial,2024-07-25
,STU00718,Spring 2024,Tuition,3195.17,798.79,2396.38,0.0,,2024-11-20
,STU118,Fall 2023,Transportation,,0.0,336.34,0.0,Paid,2023-08-22
FIN000691,STU00342,Fall 2024,Meal Plan,504.61,0.0,504.61,0.0,Paid,2025-02-08
FIN000190,S0093,spring 2025,Transportation,171.68,17.17,154.51,0.0,Paid,2024-12-28
FIN001966,STU00955,Fall 2024,Transportation,177.75,17.77,159.98,,Paid,2024-05-12
FIN001690,STU00825,Fall 2024,Lab Fee,84.04,,84.04,0.0,Paid,2024-12-23
FIN001336,STU00653,Fall 2025,Lab Fee,78.43,7.84,70.59,0.0,Paid,2024-06-15
FIN001468,STU00714,Fall 2023,Tuition,3179.91,0.0,3045.71,134.2,Partial,25-May-2025
FIN001346,STU00659,Spring 2024,Meal Plan,,36.95,,116.3,Partial,2023-10-18
FIN000851,STU422,Fall 2023,Library Fee,57.86,0.0,57.86,0.0,PAID,2023-08-18
FIN001227,STU00602,Fall 2024,Meal Plan,525.52,131.38,230.89,163.25,Partial,2025-05-29
FIN000073,STU00035,Fall 2024,Tuition,2643.25,0.0,2561.42,81.83,Partial,"September 28, 2023"
FIN000711,STU00351,Fall 2025,Meal  Plan,744.45,0.0,744.45,0.0,Paid,2025-11-30
FIN001854,STU00905,Fall 2024,Tuition,4854.38,2427.19,2427.19,,  Paid,2023-09-21
FIN001111,STU00547,Fall 2025,Library Fee,28.35,0.0,28.35,0.0,Paid,2025-08-25
FIN000774,STU00385,Spring 2024,LAB FEE,95.39,0.0,0,95.39,Unpaid,
FIN000862,STU00426,Spring 2024,Library Fee,57.49,0.0,,0.0,Paid,2024-05-07
FIN000844,STU00418,Fall 2025,Lab Fee,84.29,0.0,84.29,0.0,Paid,2024-10-15
FIN001701,STU00831,Fall 2025,Tuition,3507.64,876.91,2606.27,24.46,Partial,2025-05-29
FIN000251,STU00125,  Fall 2024,Lab Fee,101.51,10.15,0,91.36,Unpaid,
FIN000448,STU00222,Spring 2024,Transportation,291.26,0.0,,0.0,Paid,2024-10-19
FIN000747,STU00372,Fall 2024,Extracurricular Fee,46.34,0.0,46.34,0.0,Paid,2025-10-15
FIN001686,STU00824,Fall 2025,Tuition,4081.71,0.0,4081.71,0.0,Paid,22-Jun-2024
FIN002048,STU00997,Fall 2023,Meal Plan,680.83,0.0,680.83,0.0,Paid,2024-12-21
FIN001779,STU00870,Spring 2024,Meal Plan,315.37,31.54,283.83,0.0,Paid,2025-08-02
FIN001766,STU00864,Spring 2024,Meal Plan,742.42,0.0,725.74,16.68,Partial,2023-09-12
FIN000370,STU00180,Spring 2025,Extracurricular Fee,99.04,0.0,99.04,0.0,Paid,2024-01-19
FIN000453,STU226,Fall 2025,Transportation,,0.0,329.68,0.0,  Paid,2024-08-09
FIN000697,STU00345,  Fall 2025,Meal Plan,458.97,0.0,458.97,0.0,Paid,2024-12-23
FIN001947,STU00945,Fall 2023,Tuition,,4658.84,0,0.0,Paid,
FIN000695,STU00344,SPRING 2025,Extracurricular Fee,44.63,0.0,44.63,0.0,Paid,2024-02-26
FIN000356,STU00175,  Fall 2024,Extracurricular Fee,93.67,0.0,93.67,0.0,,
,stu00568,Spring  2024,Library Fee,57.47,0.0,57.47,0.0,Paid,2024-08-10
FIN001401,STU00683,Spring 2024,Library Fee,21.89,0.0,21.89,0.0,Paid,5/12/2023
FIN000859,STU00425,Fall 2025,Meal Plan,304.65,30.46,104.3,169.89,Partial,5/10/2023
FIN000966,STU00472,Fall 2025,Library Fee,59.22,5.92,0,53.3,Unpaid,
FIN000924,STU453,Spring 2024,Tuition,4168.7,1042.17,3126.53,-0.0,Paid,2025-08-29
FIN001682,STU00822,Fall 2023,Transportation,278.72,0.0,106.07,172.65,Partial,2024-01-09
FIN000631,STU00313,Fall 2024,Extracurricular Fee,83.18,20.8,62.38,0.0,Paid,2023-09-05
FIN001081,STU00531,Spring 2025,Extracurricular Fee,48.74,0.0,0,48.74,Unpaid,
FIN000380,STU00185,,Transportation,289.45,0.0,289.45,0.0,Paid,"July 19, 2024"
FIN000606,STU00301,Fall 2023,Extracurricular Fee,85.2,8.52,76.68,0.0,Paid,2024-06-17
FIN001031,STU00506,Fall 2025,Transportation,246.06,0.0,246.06,0.0,Paid,2024-05-30
FIN000619,STU00307,Fall 2025,Library Fee,38.91,0.0,38.91,0.0,Paid,2023-09-08
FIN002002,STU00971,Fall 2023,Extracurricular Fee,84.53,0.0,,0.0,Paid,2025-02-12
FIN000845,STU00419,Spring 2024,Lab Fee,146.38,0.0,0,146.38,Unpaid,
FIN000018,STU00009,Fall 2024,Transportation,262.64,,217.42,45.22,Partial,2023-11-03
FIN000473,STU00234,Spring 2024,Transportation,333.11,0.0,163.55,169.56,Partial,2024-08-13
FIN001251,STU00613,Fall 2024,,92.3,0.0,40.14,52.16,Partial,2025-08-20
FIN001709,STU00835,Fall 2024,LIBRARY FEE,21.71,0.0,,0.0,Paid,2025-10-05
FIN000548,STU-00273,Fall 2023,MEAL PLAN,665.58,0.0,518.97,146.61,Partial,2025-05-06
FIN000582,STU00289,Fall 2025,Tuition,,681.37,2044.1,0.0,Paid,2024-12-30
FIN001032,STU00506,Spring 2025,Extracurricular  Fee,104.69,26.17,78.52,0.0,Paid,6/26/2025
FIN001393,STU00681,Spring 2025,Tuition,4931.01,493.1,4437.91,0.0,Paid,10/26/2023
FIN000567,STU00282,Spring 2024,Transportation,197.67,0.0,95.38,102.29,Partial,2025-04-05
FIN001971,STU00957,Fall 2023,Meal Plan,590.98,0.0,590.98,0.0,Paid,2024-11-16
FIN000360,STU00177,Fall 2023,Meal Plan,328.08,0.0,328.08,0.0,Paid,2023-12-29
FIN001069,STU00526,Fall 2023,Extracurricular Fee,42.74,4.27,38.47,0.0,Paid,2025-08-08
FIN001910,STU00928,Fall 2025,Tuition,3469.61,0.0,3469.61,0.0,Paid,7/29/2025
FIN001419,STU00692,Spring 2024,,2642.94,0.0,2642.94,0.0,Paid,2024-05-05
FIN001823,STU00890,Spring 2024,Transportation,153.26,15.33,137.93,-0.0,Paid,2025-03-12
FIN000563,STU00280,Spring 2025,Meal Plan,489.23,0.0,489.23,0.0,PAID,2024-09-21
FIN000904,STU00445,spring 2025,Meal Plan,513.33,,462.0,0.0,Paid,21-May-2024
FIN000108,STU00052,Fall 2024,EXTRACURRICULAR FEE,74.49,0.0,48.62,25.87,Partial,2/3/2025
FIN000237,STU00117,FALL 2023,Transportation,181.02,0.0,181.02,0.0,Paid,2025-03-20
FIN000947,STU00463,Spring 2024,Extracurricular Fee,73.63,0.0,73.63,0.0,Paid,2024-04-20
FIN001859,S0908,Fall 2025,Library Fee,37.97,0.0,37.97,0.0,Paid,2025-03-22
FIN000856,stu00424,Fall 2024,Extracurricular Fee,64.03,6.4,57.63,0.0,Paid,2024-11-29
FIN000044,STU19,,Transportation,384.96,38.5,346.46,0.0,Paid,
FIN000003,STU00002,Spring 2024,Meal Plan,406.93,406.93,0,0.0,Paid,
FIN001872,STU00913,Fall 2023,Meal Plan,306.62,0.0,212.39,94.23,Partial,2025-10-27
FIN000624,STU00310,Spring 2025,Tuition,3463.22,346.32,3116.9,-0.0,Paid,45754
FIN000088,STU00042,Fall 2025,Tuition,4387.13,0.0,4387.13,0.0,Paid,45774
FIN001152,STU00565,Fall 2024,Tuition,3146.91,1573.45,1573.46,-0.0,Paid,"November 23, 2023"
FIN000192,STU00094,Fall 2024,Extracurricular Fee,95.55,0.0,95.55,0.0,  Paid,2023-10-25
FIN002003,STU00972,Spring 2024,Extracurricular Fee,48.75,12.19,36.56,0.0,Paid,2025-10-31
,STU00130,Fall 2024,Meal Plan  ,340.21,0.0,340.21,0.0,Paid,2024-01-07
FIN001816,STU00887,Spring 2024,Tuition,2265.21,1132.61,1132.6,0.0,Paid,2023-08-04
FIN000601,STU00297,Spring 2024,Tuition,4711.82,471.18,4240.64,-0.0,Paid,14/1/2025
FIN001745,STU00851,Fall 2025,Lab Fee,67.52,16.88,50.64,0.0,Paid,2024-09-14
FIN001154,STU00566,Spring 2025,Tuition,4894.6,2447.3,2447.3,0.0,Paid,18-Apr-2024
FIN002045,STU00996,Spring 2024,Tuition,4287.14,1071.79,3215.35,0.0,Paid,2025-10-28
FIN000930,STU00456,Spring 2025,Transportation,165.84,16.58,97.41,51.85,Partial,2024-10-21
FIN000055,STU00026,Fall 2025,Library Fee,37.81,0.0,0,37.81,Unpaid,
FIN001402,STU00684,Fall 2025,Meal Plan,524.67,131.17,393.5,0.0,Paid,2024-06-22
FIN000866,STU00428,Fall 2023,Tuition,3059.34,305.93,2753.41,0.0,Paid,2025-03-04
FIN001485,STU00723,Fall 2023,Library Fee,55.37,13.84,41.53,0.0,Paid,2025-04-18
FIN001366,STU00669,Spring 2024,Library Fee,33.16,3.32,29.84,-0.0,Paid,2023-10-17
FIN000321,STU00156,Spring  2025,Lab Fee,133.62,13.36,0,120.26,Unpaid,
FIN001130,STU00555,  Fall 2023,Lab Fee,138.28,138.28,0,0.0,Paid,
FIN001044,STU513,Spring 2025,Meal Plan,756.05,756.05,0,0.0,Paid,
FIN001753,S0856,Spring 2024,Lab  Fee,63.92,63.92,0,0.0,Paid,
FIN001211,STU00595,Fall 2023,Lab Fee,146.07,0.0,146.07,0.0,Paid,2025-04-06
FIN000070,STU-00033,FALL 2024,Lab Fee,121.19,0.0,75.64,45.55,Partial,4/11/2024
FIN000891,STU00438,Fall 2024,Transportation,186.42,18.64,167.78,-0.0,Paid  ,12/23/2023
FIN000600,STU00297,Spring 2024,Library Fee,55.51,0.0,0,55.51,Unpaid,
FIN001939,STU00942,,Library Fee,50.6,25.3,25.3,0.0,Paid,2023-10-15
FIN001564,STU00762,Spring 2025,Lab Fee,98.83,24.71,74.12,0.0,Paid,"September 14, 2024"
FIN000350,STU00173,Spring 2024,Extracurricular Fee,30.89,7.72,23.17,0.0,Paid,2025-10-03
FIN000532,STU00266,Fall 2023,Tuition,3741.75,374.18,3367.57,0.0,Paid,2024-09-30
FIN001845,STU00901,Fall 2023,Transportation,365.55,0.0,348.71,16.84,Partial,2025-11-19
FIN000347,STU00171,Fall 2023,Extracurricular Fee,111.85,55.92,55.93,-0.0,Paid,2025-04-16
FIN001526,STU00742,Fall 2023  ,Tuition,2868.07,1434.04,1292.92,141.11,Partial,2024-12-30
FIN002050,STU00998,Fall 2024,Tuition,2994.2,2994.2,0,0.0,  Paid,
FIN001169,S0573,Fall 2024,Transportation,310.67,0.0,,0.0,Paid,2024-02-22
FIN002004,STU00972,Spring 2024,,3672.14,918.03,2754.11,-0.0,Paid,2024-01-13
FIN001882,STU00917,Fall 2023,Extracurricular Fee,43.85,21.93,21.92,0.0,Paid,2024-08-21
FIN002022,STU00982,Fall 2023,Meal Plan,688.0,172.0,516.0,0.0,Paid,2025-07-12
FIN001932,STU00939,Fall 2024,Transportation,217.94,108.97,108.97,0.0,Paid,16-Jul-2025
FIN001637,STU00799,Spring 2024,Lab Fee,,26.22,0,26.22,Unpaid,
FIN001160,STU00568,Fall 2025,Lab Fee,83.34,8.33,0,75.01,Unpaid,
FIN001534,STU00747,Spring 2024,Transportation,331.62,0.0,235.63,95.99,Partial,2024-06-16
FIN001959,STU00950,Fall 2023,Transportation,193.18,0.0,193.18,0.0,Paid,2024-01-05
FIN001887,STU00919,fall 2024,Extracurricular Fee,97.48,0.0,97.48,0.0,Paid,2024-08-08
FIN000962,STU00471,Fall 2025,Meal Plan,795.03,79.5,669.79,45.74,Partial,2025-07-19
FIN000798,STU00396,Fall 2025,Meal Plan  ,605.01,,605.01,0.0,Paid,2023-10-03
FIN001657,STU00807,Fall 2023,Transportation,253.28,25.33,227.95,0.0,Paid,2025-06-26
FIN001156,STU00567,Fall 2024,Transportation,162.94,0.0,162.94,0.0,Paid,2024-10-06
FIN001251,STU00613,Fall 2024,,92.3,0.0,40.14,52.16,Partial,20/8/2025
FIN001984,STU00962,,Transportation,346.23,0.0,346.23,0.0,Paid,2024-03-30
FIN000777,STU00386,Fall 2024,Tuition,3353.15,0.0,3256.98,96.17,Partial,2025-07-13
FIN000319,STU00155,,Meal Plan,327.62,0.0,304.38,23.24,Partial,2024-02-07
FIN001413,STU00689,Fall 2023,Meal Plan,347.54,86.89,260.65,0.0,Paid,
,STU00723,,Extracurricular Fee,37.17,0.0,37.17,0.0,Paid,2024-02-19
FIN000016,STU00009,Fall 2025,Meal Plan,695.47,0.0,593.99,101.48,Partial,2/23/2025
FIN001617,STU-00789,Fall 2025,Meal Plan,446.82,0.0,327.81,119.01,Partial,2025-05-01
FIN000150,STU00074,Spring 2025,Meal Plan,399.75,39.98,359.77,0.0,Paid,2024-11-05
FIN002036,STU00990,Spring 2024,,,0.0,82.78,0.0,Paid,2025-06-24
FIN001835,STU00897,Spring 2025,Tuition,4274.8,427.48,3757.94,89.38,,12/1/2024
FIN000456,STU00227,Spring 2025,,248.64,0.0,248.64,0.0,Paid,2025-06-05
FIN000142,STU00070,Fall 2024,Transportation,304.27,30.43,273.84,0.0,Paid,2024-01-22
,STU00835,Spring 2025,Transportation,190.45,0.0,190.45,0.0,Paid,2024-06-27
FIN001658,STU00807,Spring 2025,Library Fee,43.13,0.0,43.13,0.0,Paid,2025-01-17
FIN000104,STU00049,  Fall 2023,Library Fee,48.72,12.18,36.54,0.0,Paid,2025-11-23
FIN002044,stu00995,Spring 2025,Lab Fee,135.39,67.69,67.7,-0.0,Paid,2024-09-15
FIN001029,STU00505,Fall 2023,Library Fee,21.85,0.0,21.85,0.0,  Paid,2024-04-26
FIN001400,STU00683,Spring 2025,Meal Plan,704.66,0.0,563.88,140.78,Partial,2024-03-28
,STU00140,Fall 2023,Tuition,4683.8,0.0,4683.8,0.0,Paid,2025-04-14
FIN000961,STU00471,Fall 2025,lab fee,131.58,0.0,131.58,0.0,Paid,27-Apr-2025
FIN000813,STU00402,Fall 2024,Library Fee,52.34,,0,39.25,Unpaid,
FIN001330,STU00651,Fall 2025,Extracurricular Fee,47.16,0.0,47.16,0.0,Paid,2024-09-23
FIN000133,STU00066,Fall 2024,Tuition,2287.74,1143.87,1143.87,0.0,Paid,2024-10-05
FIN000534,STU00267,Spring 2024,Lab Fee,141.47,70.73,70.74,0.0,Paid,2025-03-28
FIN000703,STU00348,Fall 2023,Transportation,287.47,71.87,215.6,0.0,Paid,2025-03-24
FIN002029,STU00985,,Meal Plan,465.78,0.0,465.78,0.0,Paid,45859
FIN001824,STU00891,Fall 2025,Transportation,289.88,0.0,289.88,0.0,Paid,2025-07-15
FIN001646,STU00802,Fall 2023,Tuition,2256.75,0.0,2202.14,54.61,Partial,2024-03-19
FIN000588,STU00291,Spring 2025,Meal Plan,450.38,0.0,450.38,0.0,Paid,2024-12-21
FIN001190,STU-00583,Fall 2025,,65.12,0.0,30.59,34.53,Partial,2025-11-08
FIN001562,STU00761,Spring 2024,Lab Fee,77.76,0.0,77.76,0.0,Paid  ,2025-09-13
FIN000516,STU00257,Spring 2024,Lab Fee,83.03,41.52,41.51,0.0,Paid,"October 30, 2025"
FIN001847,STU00902,Fall 2025,Lab Fee,91.43,22.86,68.57,0.0,,45307
FIN000590,STU00291,Fall 2025,Extracurricular Fee,70.48,17.62,52.86,0.0,Paid,2025-11-11
FIN001027,STU00504,Fall 2025,Library Fee  ,49.3,0.0,0,49.3,Unpaid,
FIN001622,STU01228,Fall 2024,Meal Plan,783.54,0.0,783.54,0.0,Paid,2025-05-30
FIN001052,STU00517,Fall 2023,Extracurricular Fee,72.18,0.0,72.18,0.0,Paid,2025-08-30
FIN001022,STU00501,Fall 2024,Library Fee,59.77,0.0,59.77,,Paid,2025-11-29
FIN001747,STU00853,Spring 2025,Extracurricular Fee,80.69,0.0,0,80.69,Unpaid,
FIN001457,STU00708,Fall 2023,Meal Plan,365.0,0.0,365.0,0.0,Paid,2024-04-14
FIN001850,STU00903,Fall 2024,Transportation,226.7,0.0,,0.0,paid,2023-10-29
FIN000982,STU00480,Fall 2023,Lab Fee,140.95,0.0,140.95,0.0,Paid,2023-08-05
FIN001510,STU00735,Spring 2024,Meal Plan,707.67,0.0,707.67,0.0,Paid,2025-03-22
FIN001202,S0589,Spring 2024,Extracurricular Fee,92.61,9.26,83.35,0.0,Paid,2024-06-27
FIN000210,STU00103,Fall 2025,Transportation,358.29,,322.46,0.0,Paid,2024-02-11
FIN000701,STU00347,Fall 2025,Extracurricular Fee,56.52,14.13,12.0,30.39,Partial,15-Sep-2024
FIN000145,STU00071,Fall 2024,Lab Fee,130.55,32.64,97.91,0.0,Paid,2023-10-28
FIN000077,36,Fall 2024,Meal Plan,573.47,143.37,430.1,0.0,Paid,2024-12-22
FIN000874,STU00431,Fall 2023,Extracurricular Fee,98.38,9.84,88.54,-0.0,Paid,12/10/2023
FIN002037,STU00990,Spring 2024,LIBRARY FEE,52.62,0.0,30.7,21.92,Partial,2025-03-20
FIN000994,STU00486,Fall 2024,Meal Plan,500.22,0.0,500.22,0.0,Paid,2025-01-06
FIN000509,STU00254,Fall 2024,Lab Fee,120.42,0.0,18.35,102.07,Partial,2025-09-11
FIN001995,STU00968,Spring 2024,Meal Plan,643.98,64.4,579.58,0.0,Paid,
FIN001881,STU00916,Spring 2024,Tuition,4109.32,0.0,3922.4,186.92,Partial,2025-09-13
FIN000422,STU00210,Spring 2024,Tuition,4409.93,0.0,4320.61,89.32,Partial,2024-05-16
FIN000323,STU-00158,,Tuition,4643.11,1160.78,3482.33,0.0,Paid,45597
FIN001080,STU531,Fall 2023,Meal Plan,786.45,0.0,786.45,0.0,Paid,13/9/2025
FIN001476,STU00718,  Spring 2025,Extracurricular Fee,70.26,7.03,63.23,0.0,Paid,2025-05-05
FIN000713,STU-00352,Fall 2023,Meal Plan,615.72,0.0,615.72,0.0,Paid,2025-09-07
FIN000960,STU00470,Spring 2025,Transportation,213.74,0.0,213.74,0.0,Paid,5/23/2025
,STU00138,Spring 2025,Library Fee,55.39,0.0,55.39,0.0,Paid,2023-11-01
FIN001429,STU00697,Fall 2023,Transportation,364.3,0.0,364.3,0.0,Paid,2025-04-22
FIN000640,STU00317,Spring 2025,Library Fee,44.63,4.46,40.17,0.0,Paid,2025-03-03
,STU00377,FALL 2025,Tuition,3847.23,0.0,3847.23,0.0,Paid,7/3/2025
FIN000964,STU00472,Fall 2023,Transportation,387.11,0.0,348.2,38.91,partial,2024-08-09
FIN001213,STU00595,Fall 2023,Library Fee,43.77,43.77,0,0.0,Paid,
FIN001707,STU00834,Fall 2023,Lab Fee,93.55,93.55,0,0.0,PAID,
FIN001238,STU00607,Fall 2023,,178.0,0.0,178.0,0.0,Paid,2025-09-15
FIN002001,STU00971,Fall 2023,Transportation,384.2,0.0,384.2,0.0,,2023-12-24
FIN001153,STU00565,Spring 2024,Extracurricular Fee,107.95,10.79,97.16,0.0,Paid,20/6/2025
FIN000673,STU00334,Spring 2024,library fee,28.94,0.0,0,28.94,Unpaid,
FIN000043,STU00019,Fall 2024  ,Meal Plan,581.35,581.35,0,0.0,Paid,
,STU00999,Fall 2025,Tuition,4915.83,0.0,4915.83,0.0,Paid,2025-01-25
FIN001607,STU-00783,Spring 2024,Meal Plan,360.54,0.0,260.4,100.14,Partial,2024-04-13
,STU00205,Fall 2025,Transportation,179.09,0.0,179.09,0.0,Paid,2024-08-28
FIN000387,STU00190,Fall 2024,Transportation,281.32,140.66,45.11,95.55,Partial,
FIN000538,STU00269,Fall 2023,Transportation,399.03,199.51,199.52,-0.0,Paid,2024-10-27
FIN000872,STU00431,Fall 2023,Meal Plan,423.43,0.0,423.43,0.0,Paid,2023-09-11
,STU00598,Spring 2024,Lab Fee,74.61,0.0,74.61,0.0,Paid,2024-03-13
FIN001225,STU00601,Spring 2024,Meal Plan,344.16,0.0,344.16,0.0,Paid,2025-09-20
FIN001904,STU00926,Fall 2024,Library Fee,20.77,0.0,20.77,0.0,Paid,2024-07-22
FIN000692,STU00343,Spring 2025,Tuition,2941.83,735.46,2206.37,0.0,Paid,2025-03-10
FIN001803,STU00879,Spring 2025,Meal Plan,763.39,0.0,763.39,0.0,PAID,2025-09-14
FIN000426,STU00212,Fall 2023  ,Meal Plan,760.84,0.0,603.72,157.12,Partial,2024-11-27
FIN000537,STU00269,Fall 2023,Library Fee,23.42,0.0,23.42,0.0,Paid,2025-03-14
FIN000760,STU00379,Spring 2025,Tuition,3962.66,396.27,3566.39,0.0,Paid,01-Nov-2023
FIN000119,STU00058,Fall 2025,Meal Plan,624.41,156.1,468.31,,Paid,2023-12-03
FIN001210,STU00594,Fall 2025,Extracurricular Fee,104.98,26.25,78.73,0.0,Paid,2023-11-05
FIN001315,S0644,Fall 2025,Lab Fee,58.14,29.07,29.07,0.0,Paid,
,STU00326,Spring 2024,Lab Fee,135.46,33.87,101.59,0.0,Paid,2025-03-01
FIN000233,STU00115,Spring 2024,Tuition,2598.58,0.0,2598.58,0.0,Paid,2025-08-26
FIN000345,STU00170,Spring 2024,EXTRACURRICULAR FEE,106.06,0.0,106.06,,Paid,2024-01-01
FIN001645,STU00802,Fall 2025,Lab Fee,81.79,0.0,0,81.79,Unpaid,
FIN002039,STU-00992,Fall 2023,Lab Fee,85.07,0.0,21.33,63.74,Partial,1/8/2024
FIN001259,STU00618,Spring 2024,Meal Plan,609.95,0.0,419.38,190.57,Partial,"March 23, 2025"
FIN001067,STU00524,Fall 2023,Library Fee,22.24,0.0,0,22.24,Unpaid,
FIN001014,STU00498,Spring 2024,Extracurricular Fee,52.73,0.0,10.84,,Partial,2024-03-16
FIN000946,STU00463,Fall 2023,Library Fee,23.31,11.65,11.66,-0.0,Paid,2024-11-03
FIN000776,STU00386,Spring 2024,Transportation    ,240.0,0.0,240.0,0.0,Paid,04-Jan-2024
,STU00696,Fall 2025,Transportation,301.64,30.16,271.48,-0.0,Paid,2025-10-18
FIN000861,STU00425,Fall 2024,Extracurricular Fee,60.96,6.1,54.86,0.0,Paid,2025-05-19
FIN001094,STU00538,,Extracurricular Fee,86.25,43.12,0,43.13,Unpaid,
FIN001650,STU00804,Spring 2024,Lab Fee,85.78,0.0,85.78,0.0,Paid,2025-04-30
FIN001862,STU00909,Spring 2024,Library Fee,29.34,2.93,26.41,0.0,Paid,2024-07-26
FIN000430,STU00215,Fall 2024,Meal Plan,574.61,0.0,574.61,0.0,Paid,2025-11-03
FIN000880,STU00434,Fall 2023,Library Fee,32.79,0.0,32.79,0.0,Paid,2025-10-16
FIN000131,STU00065,Spring 2025,Lab Fee,74.89,74.89,0,0.0,Paid,
FIN000983,STU00480,Spring 2024,Extracurricular Fee,108.07,10.81,0.48,96.78,Partial,2024-11-25
FIN001155,STU00566,Spring 2025,Transportation,286.7,0.0,223.77,62.93,Partial,2025-05-08
FIN000663,S0329,Fall 2025,EXTRACURRICULAR FEE,93.46,9.35,84.11,0.0,Paid,2024-03-07
FIN000754,stu00376,Fall 2025,Meal Plan,,0.0,,47.49,Partial,2023-08-22
FIN000497,STU00246,Fall 2025,Extracurricular Fee,105.02,26.25,0,78.77,Unpaid,
FIN001982,STU00962,Fall 2024,Extracurricular Fee,80.24,0.0,0,80.24,Unpaid,
FIN001475,STU00717,Fall 2025,Extracurricular Fee,109.75,0.0,109.75,0.0,Paid,2025-03-04
FIN001639,STU00799,Fall 2023,Library Fee,59.79,5.98,0,53.81,Unpaid,
FIN000756,STU00377,Fall 2025,Lab Fee,135.94,0.0,135.94,0.0,Paid,11/13/2024
FIN000552,STU00275,Spring 2025,Tuition,2564.23,0.0,2564.23,0.0,Paid,2024-08-10
,STU00500,Fall 2025,Library Fee,38.44,0.0,38.44,0.0,Paid,2024-12-06
FIN001907,STU00927,Fall 2023,Extracurricular Fee,51.13,0.0,51.13,0.0,Paid,2025-09-25
FIN001325,STU00648,Spring 2025,Tuition,3838.5,383.85,3454.65,0.0,Paid,2024-02-26
FIN000943,STU00462,Spring 2025,tuition,3078.73,0.0,3006.49,72.24,Partial,2023-12-01
FIN000826,STU00407,Spring 2024,Extracurricular Fee,33.41,16.7,16.71,-0.0,Paid,2024-06-22
FIN000630,STU00313,,Transportation,380.48,0.0,380.48,0.0,Paid,2024-07-28
FIN000669,STU00331,Spring 2025,Tuition,2865.0,0.0,2711.09,153.91,Partial,2024-02-21
FIN001408,STU00687,Fall 2024,Tuition,4162.92,0.0,4162.92,0.0,Paid,2023-10-12
FIN000447,STU00222,Fall 2023,Library Fee,35.98,17.99,17.99,0.0,Paid,2025-10-20
FIN001304,STU00639,spring 2025,Library Fee,29.19,14.6,14.59,0.0,Paid,2024-08-08
,STU00305,Spring 2025,Tuition,4860.05,0.0,4771.98,88.07,Partial,2025-05-18
FIN001506,S0733,,Lab Fee,131.77,13.18,0,118.59,Unpaid,
FIN000512,STU00255,Fall 2024,,2424.06,0.0,2424.06,0.0,Paid,2/27/2024
FIN000505,STU00253,Fall 2023,,3526.81,1763.4,1763.41,-0.0,Paid,2023-12-10
FIN001440,STU00700,Spring 2024,Library Fee,50.58,0.0,,10.75,Partial,"July 17, 2024"
FIN002032,STU00988,Fall 2024,Tuition,2836.24,283.62,2552.62,0.0,Paid,2024-01-18
,STU873,Spring 2024,Meal Plan,422.29,0.0,422.29,0.0,Paid,2025-05-01
FIN001815,STU00887,Spring 2025,Transportation,291.23,0.0,266.79,24.44,Partial,2023-11-10
FIN001718,STU00838,Spring 2024,Tuition,3627.05,0.0,3627.05,0.0,Paid,45803
FIN000157,STU00077,Fall 2023,Meal Plan,582.56,0.0,582.56,0.0,Paid,45933
FIN000529,STU00265,Fall 2023,Lab Fee,140.36,0.0,140.36,0.0,Paid,2024-04-14
FIN001451,STU00706,Fall 2024,Extracurricular Fee,81.4,20.35,3.26,57.79,Partial,11/18/2024
FIN000212,STU00104,Fall 2024,Extracurricular Fee,51.62,51.62,0,0.0,Paid,
FIN001565,STU00763,Spring 2025,Extracurricular Fee,68.73,68.73,0,0.0,Paid,
FIN000285,STU00142,Spring 2025,Lab Fee,,13.46,0,40.37,Unpaid,
FIN000811,STU00402,Fall 2024,Meal Plan,683.27,0.0,683.27,0.0,Paid,2024-07-12
FIN001375,STU00673,Spring 2024,Extracurricular Fee,83.63,0.0,58.6,25.03,Partial,45367
FIN001765,STU-00864,Fall 2023,Extracurricular Fee,62.45,0.0,62.45,0.0,Paid,2025-07-02
FIN001497,STU00728,Fall 2024,Library Fee,58.22,0.0,58.22,0.0,Paid,2024-02-06
FIN000833,STU00412,Fall 2024,Tuition,2577.23,257.72,2319.51,0.0,Paid,03-Oct-2024
FIN000783,STU00388,Spring 2024,Extracurricular Fee,85.7,0.0,85.7,0.0,Paid,2024-02-09
FIN000258,STU00130,Fall 2024,Tuition,4546.98,0.0,4546.98,0.0,Paid,2/10/2024
FIN001368,STU00670,Fall 2025,Transportation,319.75,0.0,229.08,90.67,Partial,2024-07-29
FIN000275,STU00137,Spring 2024,Lab Fee,112.58,11.26,101.32,0.0,Paid,2024-01-19
FIN001351,STU00662,Spring 2024,Meal Plan,571.15,0.0,527.33,43.82,Partial,2025-06-03
FIN001414,S0690,Spring 2025,Extracurricular Fee,112.9,0.0,112.9,0.0,Paid,2024-07-18
FIN001104,STU00544,fall 2023,Tuition,4470.67,0.0,4470.67,0.0,,2023-10-20
FIN001285,STU00630,Spring 2025,,398.97,99.74,299.23,0.0,Paid,2023-10-25
FIN001549,STU00754,Spring 2024,Transportation,247.09,0.0,111.8,135.29,Partial,2023-08-21
FIN001941,STU00942,Spring 2024,Meal Plan,487.45,0.0,487.45,0.0,Paid,2025-05-25
FIN001742,STU00850,Spring 2024,Meal Plan,762.23,0.0,762.23,0.0,Paid,2024-12-03
FIN000183,STU00090,Fall 2025,Transportation,249.82,0.0,249.82,0.0,Paid,45162
FIN000239,STU00119,Fall 2023,Library Fee,45.85,22.93,0,22.92,Unpaid,
FIN000306,STU00149,Spring 2024,Transportation,373.47,93.37,280.1,0.0,Paid,2025-02-10
FIN000040,STU00018,Spring 2024,Lab Fee,79.06,0.0,79.06,0.0,Paid,2023-10-11
FIN000786,STU00390,Spring  2025,Library Fee,47.15,0.0,0,47.15,Unpaid,
FIN000254,STU00128,Fall 2023,Meal Plan,503.49,0.0,503.49,0.0,Paid,2023-09-16
FIN001257,STU00616,Spring 2024,Lab  Fee,137.65,0.0,103.93,33.72,Partial,08-Jul-2024
FIN001295,STU00634,Fall 2025,Library Fee,40.08,20.04,0,20.04,Unpaid,
FIN000492,STU00243,Spring 2025,Transportation,213.68,106.84,0,106.84,Unpaid,
FIN001134,STU00557,Spring 2025,Extracurricular Fee,38.93,0.0,38.93,0.0,Paid,"September 23, 2024"
FIN000510,STU00255,Fall 2025,Meal Plan,361.84,36.18,325.66,-0.0,Paid,2024-10-19
FIN001377,STU00674,Spring 2025,Lab Fee,80.51,0.0,0,80.51,Unpaid,
FIN000071,STU00034,Fall 2025,Meal Plan,416.32,208.16,131.77,76.39,Partial,45162
FIN001550,STU00755,Fall 2024,Extracurricular Fee,65.8,0.0,0,65.8,Unpaid,
FIN001463,STU00712,Fall 2024,Transportation,353.97,176.99,122.26,54.72,Partial,2024-07-20
FIN000792,STU00394,Fall 2025,Extracurricular Fee,92.58,0.0,0,92.58,Unpaid,
FIN000687,STU00340,Fall 2024,Transportation,233.48,0.0,191.15,42.33,Partial,2024-10-06
FIN001290,STU00632,Fall 2024,Tuition,3112.4,311.24,2801.16,0.0,Paid,45201
FIN001267,STU00622,Fall  2023,Meal Plan  ,693.55,0.0,562.3,131.25,Partial,
FIN001107,STU00545,Fall 2023,Lab Fee,126.16,63.08,63.08,0.0,,2024-06-03
FIN001219,S0597,Spring 2024,Meal Plan,670.4,0.0,670.4,0.0,Paid,2024-07-06
FIN000012,STU00007,Spring 2024,Library Fee,24.69,6.17,18.52,0.0,,2025-03-02
FIN000635,STU00315,,Tuition,2321.46,580.37,1741.09,0.0,Paid,8/13/2024
FIN001826,STU00892,Spring 2025,Meal Plan,785.25,0.0,785.25,0.0,Paid,2024-01-14
FIN001569,STU00766,Fall 2024,Meal Plan,629.74,0.0,513.88,115.86,Partial,15/1/2024
FIN001272,STU00624,Spring 2025,Tuition,2324.06,581.01,1743.05,0.0,Paid,2024-02-07
FIN000680,STU00337,Fall 2024,Tuition,4402.72,0.0,4402.72,0.0,,2023-12-23
FIN000773,STU00385,SPRING 2025,Transportation,217.36,,35.27,182.09,Partial,2/11/2023
FIN000001,STU00001,Spring 2024,Meal Plan,351.66,0.0,272.62,79.04,Partial,45688
FIN000327,STU00159,Fall 2025,Lab Fee,58.0,0.0,58.0,0.0,Paid,2024-06-19
FIN000905,STU00446,Fall 2023,Tuition,3086.83,771.71,2315.12,0.0,Paid,2024-02-03
FIN001988,STU00964,Fall 2025,Tuition,2362.4,2362.4,0,0.0,Paid,
FIN000093,STU00045,Fall 2024,Library Fee,20.14,5.04,0,15.1,Unpaid,
FIN001735,STU00846,Spring 2024,Tuition,4362.68,0.0,4188.38,174.3,Partial,4/1/2024
FIN001990,STU00966,Fall 2023,Tuition,3310.09,1655.05,1602.1,52.94,Partial,2024-07-04
FIN000021,STU00010,Spring 2024,Transportation,348.58,0.0,348.58,0.0,Paid,2025-11-18
FIN001040,S0510,Fall 2024,Extracurricular Fee,36.15,0.0,36.15,0.0,Paid,2024-10-30
FIN000342,STU169,Fall 2023,Library Fee,23.33,,0,23.33,Unpaid,
FIN001465,STU00712,Fall 2023,Extracurricular Fee,65.04,0.0,0,65.04,Unpaid,
FIN000394,193,Spring 2024,Transportation,323.49,0.0,292.19,31.3,Partial,2024-06-17
FIN001109,STU00546,Spring 2024,Library Fee,40.51,0.0,40.51,0.0,Paid,45525
FIN000243,S0121,Fall 2024,Meal Plan,514.09,128.52,193.87,,Partial,2025-07-08
FIN000776,STU00386,Spring 2024,Transportation  ,240.0,0.0,240.0,0.0,Paid,2024-01-04
FIN000776,STU00386,Spring 2024,Transportation  ,240.0,0.0,240.0,0.0,Paid,2024-01-04
FIN000828,STU409,fall 2023,Transportation,176.16,88.08,88.08,0.0,Paid,2023-09-19
FIN000487,STU00240,Fall 2023,Library Fee,24.54,0.0,24.54,0.0,Paid,2023-12-28
FIN000984,STU481,Fall 2023,Extracurricular Fee,45.02,0.0,0,45.02,Unpaid,
FIN001265,STU00620,Fall 2025,Library Fee,41.11,0.0,41.11,0.0,Paid,
FIN000878,STU00433,Fall 2025,Meal Plan,391.73,0.0,391.73,0.0,Paid,2023-09-06
FIN001446,STU-00704,Fall 2024,Extracurricular Fee,109.68,54.84,15.28,39.56,Partial,"September 12, 2023"
FIN001388,STU00678,Fall 2025,Extracurricular Fee,65.94,0.0,65.94,0.0,Paid,2025-08-22
FIN000186,STU00091,Spring 2025,Lab Fee,65.84,16.46,49.38,0.0,Paid,2024-12-27
FIN000550,STU00274,Fall 2024,Transportation,284.64,28.46,256.18,0.0,Paid,2024-03-05
FIN001102,STU00543,Spring 2025,Lab Fee,127.29,0.0,127.29,0.0,Paid  ,2024-09-23
FIN000779,STU00387,Spring 2025,Tuition,3938.34,3938.34,0,0.0,Paid,
FIN000035,STU-00016,Fall 2023,,323.49,32.35,291.14,0.0,Paid,2025-04-21
FIN000457,STU00227,Fall 2025,Lab Fee,98.05,98.05,0,0.0,Paid,
FIN000098,STU00047,Spring 2024,Meal Plan,512.52,51.25,461.27,0.0,Paid,18/10/2023
FIN001870,STU00912,Spring 2025,Transportation,377.56,0.0,335.62,41.94,Partial,8/22/2024
FIN001300,STU00637,Fall 2025,Library Fee,46.48,0.0,0,46.48,Unpaid,
FIN001275,STU00626,Fall 2025,Extracurricular Fee,,0.0,61.13,12.24,Partial,2024-10-04
FIN001730,STU00843,Fall 2025,Lab Fee  ,89.75,89.75,0,0.0,Paid,
FIN001099,STU00540,FALL 2025,Meal Plan,672.28,0.0,672.28,0.0,Paid,"November 02, 2023"
FIN001997,STU00969,Fall 2023,Meal Plan,616.1,0.0,582.11,33.99,Partial,2023-12-21
FIN000264,STU00133,Spring 2024,Transportation,158.08,0.0,0,158.08,Unpaid,
FIN001479,STU00719,Fall 2025,Lab Fee,99.56,9.96,89.6,0.0,Paid  ,10/8/2024
FIN001587,stu00773,FALL 2025,Extracurricular Fee,79.53,0.0,0,79.53,Unpaid,
FIN001772,STU00867,,Tuition,3784.68,1892.34,1892.34,0.0,Paid,2025-08-24
FIN001713,STU00837,Fall 2024,Meal Plan,352.14,176.07,176.07,0.0,Paid,7/28/2025
FIN000146,STU00072,Spring 2024,Meal Plan,433.11,0.0,257.89,175.22,Partial,4/6/2025
FIN001673,STU00817,Fall 2023,,104.9,104.9,0,0.0,Paid,
FIN001481,STU00720,Spring 2025,Meal Plan,738.46,0.0,738.46,,Paid  ,"June 29, 2024"
FIN001955,STU00949,Fall 2023,Tuition,2365.2,0.0,2263.77,101.43,Partial,2024-07-06
FIN000320,STU00156,Spring 2024,Library Fee,23.45,2.35,21.1,-0.0,Paid,2024-06-23
FIN001204,STU00591,Fall 2025,meal plan,447.41,0.0,447.41,0.0,Paid,28-Oct-2024
FIN001180,STU00579,Fall 2023,,212.56,0.0,212.56,0.0,Paid,2025-05-14
FIN001579,STU00770,Spring 2025,Transportation,388.48,194.24,194.24,0.0,Paid,2024-03-02
FIN000902,STU00444,Fall 2024,Lab Fee,111.72,0.0,111.72,0.0,Paid,2024-04-12
FIN000377,STU00184,Fall 2025,Extracurricular Fee,43.9,21.95,21.95,0.0,Paid,
FIN000890,STU00437,Spring 2025,Extracurricular Fee,109.14,10.91,98.23,0.0,Paid,7/14/2024
FIN001743,STU00851,Fall 2024,Meal Plan,703.39,0.0,554.95,148.44,Partial,8/7/2025
FIN001802,STU00879,Spring 2024,Library Fee,36.93,0.0,36.93,0.0,Paid,2025-03-10
FIN000033,STU00015,Fall 2025,Library Fee,48.27,0.0,0,48.27,Unpaid,
FIN000458,STU00228,Fall 2025,Extracurricular Fee,33.11,0.0,33.11,0.0,Paid,2025-04-10
FIN000428,STU00214,Spring 2025,Tuition,4848.67,484.87,4363.8,0.0,Paid,2024-07-05
FIN000052,STU00024,Spring 2024,Extracurricular Fee,42.95,10.74,32.21,0.0,Paid,2023-12-31
FIN000780,STU00387,Fall 2024,Lab Fee,144.43,72.22,72.21,0.0,Paid,45201
FIN001088,STU00534,Spring 2025,Transportation,229.58,22.96,206.62,0.0,Paid,6/2/2025
FIN001007,STU00494,Fall 2023,Tuition,3178.71,0.0,3178.71,0.0,Paid,2024-12-23
FIN001196,STU00587,Fall 2023,Tuition,3564.05,356.4,3182.01,25.64,Partial,2025-02-20
FIN001333,STU00652,Spring 2024,Lab Fee,72.04,0.0,72.04,0.0,Paid,2023-09-22
FIN000980,STU00478,Spring 2024,Lab Fee,149.56,0.0,136.18,13.38,Partial,10/1/2025
FIN000855,STU00423,Spring 2024,Library Fee,41.01,0.0,41.01,0.0,Paid  ,2023-10-10
FIN001268,STU00622,Fall 2023,Transportation,172.63,0.0,172.63,0.0,Paid,"December 17, 2023"
FIN000775,STU00385,Spring 2025,Library Fee,27.99,0.0,27.99,0.0,Paid,2024-08-23
FIN000696,STU00344,Fall 2025,Transportation,357.52,89.38,235.45,32.69,,"June 29, 2024"
FIN001891,STU00921,Spring 2025,Library Fee,23.15,0.0,23.15,0.0,,2023-08-08
FIN000832,STU00412,Fall 2023,Lab Fee,79.6,7.96,0,71.64,Unpaid,
FIN000644,stu00320,Spring 2025,Lab Fee,63.34,0.0,0,63.34,UNPAID,
FIN001795,STU00876,Fall 2023,Lab Fee,,135.9,0,0.0,Paid,
FIN001009,STU00495,Fall 2025,  Tuition,4104.33,0.0,4042.59,61.74,Partial,2025-01-01
FIN000197,STU00096,Fall 2023,Extracurricular Fee,86.79,0.0,86.79,0.0,,2025-03-30
FIN000309,STU00151,Spring 2024,Transportation,247.31,0.0,247.31,0.0,Paid,2023-10-18
FIN001834,STU00896,Fall 2023,Meal Plan,481.11,48.11,433.0,0.0,  Paid,2023-08-20
FIN000551,STU00274,Fall 2024,Meal Plan,508.31,,508.31,0.0,Paid,2025-01-10
FIN000569,STU00283,Fall 2023,Meal Plan,391.33,39.13,234.69,117.51,Partial,2024-07-18
FIN001243,STU01374,Fall 2023,Transportation,351.76,87.94,263.82,0.0,  Paid,2024-01-26
FIN001488,STU00724,FALL 2023,Meal Plan,723.08,180.77,542.31,0.0,Paid,2024-09-11
FIN001495,STU00727,Spring 2025,Lab Fee,146.81,0.0,146.81,,Paid,2023-08-29
FIN000753,STU00375,Fall 2023,Transportation,354.34,0.0,277.44,76.9,Partial,2025-08-06
FIN001696,STU00828,Spring 2025,Meal Plan,310.88,155.44,155.44,0.0,Paid,"January 27, 2024"
FIN000723,STU00359,Fall 2024,Transportation,178.59,0.0,178.59,0.0,Paid,2025-06-21
FIN000436,218,,Extracurricular Fee,54.59,13.65,,40.94,Unpaid,
FIN001360,STU00666,Fall  2024,Transportation,253.39,0.0,253.39,0.0,Paid,2025-04-15
FIN000625,STU00310,Fall 2024,Lab Fee,68.19,34.09,34.1,-0.0,,2025-07-16
FIN000854,STU00423,Fall 2025,Transportation,363.9,0.0,297.82,66.08,Partial,2025-03-05
FIN001589,STU00774,Fall 2023,Tuition,2849.09,0.0,,0.0,Paid,2025-07-12
FIN000993,STU00486,Spring 2025,Extracurricular Fee,93.3,0.0,93.3,0.0,,2024-02-15
FIN001383,STU00676,Spring 2025,,260.1,0.0,140.94,119.16,Partial,"August 01, 2024"
FIN001000,STU00490,Spring 2024,Extracurricular Fee,44.4,0.0,44.4,0.0,Paid,2024-04-25
FIN000126,STU00062,Fall 2025,Transportation,385.2,0.0,385.2,0.0,Paid,2024-08-13
FIN000147,STU00072,Spring 2024,Lab Fee,85.4,0.0,85.4,0.0,Paid,2025-10-07
FIN001609,STU00784,Fall 2023,Tuition,2372.07,,2134.86,0.0,Paid,2025-09-24
FIN000541,STU00270,Fall 2024,Tuition,2307.67,576.92,1730.75,0.0,Paid,2023-12-24
FIN001611,STU00785,Fall 2024,Extracurricular Fee,66.86,0.0,66.86,0.0,Paid,2024-03-02
FIN002009,STU00976,Fall 2025,tuition,2073.41,0.0,2073.41,0.0,Paid,2024-02-18
FIN001142,STU00561,Fall 2023,LAB FEE,79.1,0.0,79.1,0.0,Paid,9/26/2023
FIN000023,STU00011,Fall 2025,,94.62,0.0,94.62,0.0,Paid,2024-12-29
FIN000495,STU00245,Fall 2024,Library Fee,29.74,2.97,0,26.77,Unpaid,
FIN000759,STU00379,Fall 2024,Transportation,291.39,29.14,196.07,66.18,Partial,30-Mar-2025
FIN001308,STU00641,Fall 2025,Meal Plan,583.73,0.0,583.73,0.0,Paid,2024-03-02
FIN001396,STU00682,Spring 2024  ,Meal Plan,386.01,0.0,350.22,35.79,Partial,16/1/2024
FIN001390,STU00679,Fall 2023,Library Fee,54.16,27.08,0,27.08,Unpaid,
FIN000483,STU00239,Fall 2025,Transportation,270.21,270.21,0,0.0,Paid,
FIN001100,STU00541,Fall 2025,Tuition,3430.32,0.0,3430.32,0.0,paid,2024-01-20
FIN001529,STU00745,Fall 2025,Extracurricular Fee,56.02,5.6,50.42,0.0,Paid,2024-04-30
FIN001018,STU00499,Fall 2023,Tuition,2196.74,0.0,2196.74,0.0,Paid,23/3/2025
FIN001008,STU00495,Spring 2025,Library Fee,36.61,9.15,,0.0,Paid,45884
FIN000996,STU00487,Fall 2025,Transportation,314.5,157.25,157.25,0.0,Paid,2024-07-15
FIN000134,STU00066,Spring 2024,Transportation,195.65,97.83,0,97.82,Unpaid,
FIN001828,STU00893,Fall 2024,Extracurricular Fee,65.0,0.0,65.0,0.0,Paid,2024-05-11
FIN000046,STU00020,Spring 2024,Transportation,351.97,0.0,351.97,0.0,Paid,2024-07-08
FIN000445,STU00221,Fall 2023,Lab Fee,66.74,66.74,0,0.0,Paid,
FIN000085,STU00040,Spring 2025,Extracurricular Fee,65.97,0.0,65.97,0.0,Paid,2025-06-29
FIN001264,STU00620,Fall 2024,Lab Fee,55.18,13.79,41.39,0.0,Paid,"September 06, 2023"
FIN001893,STU-00922,Spring 2024,Meal Plan,400.97,40.1,360.87,0.0,Paid,2024-05-02
FIN001678,STU00819,Fall 2025,Meal Plan,532.11,0.0,532.11,0.0,Paid,2024-06-08
FIN000712,STU00351,Fall 2024,Tuition,2982.31,0.0,2804.74,177.57,Partial,2023-09-06
FIN001567,STU00765,Fall 2023,Library Fee,45.48,0.0,45.48,0.0,Paid,2025-02-13
FIN000337,STU00166,Fall 2024,Extracurricular Fee,91.19,0.0,91.19,0.0,Paid,45459
FIN001999,STU00970,Spring 2025,Lab Fee,78.81,0.0,78.81,0.0,Paid,2025-04-08
FIN000158,STU00077,Fall 2023  ,Library Fee,59.88,0.0,59.88,0.0,Paid,2023-08-25
FIN001217,STU00597,Spring 2024,Tuition,,1071.03,3213.09,0.0,Paid,2025-06-17
FIN001348,STU00661,Fall 2025,Library Fee,56.61,0.0,56.61,0.0,Paid,8/29/2024
FIN001596,STU00778,Fall 2025,Lab Fee,134.3,134.3,0,0.0,Paid,
FIN001871,STU00913,Spring 2025,Tuition,2273.88,1136.94,1070.45,66.49,Partial,4/1/2024
FIN001470,STU00715,Spring 2024,Extracurricular Fee,86.95,8.7,78.25,0.0,Paid  ,2025-07-24
FIN000437,STU00218,Spring 2024,Tuition,2795.26,2795.26,,0.0,Paid,
FIN000752,STU00375,Spring 2024,Extracurricular Fee,86.73,0.0,86.73,0.0,Paid,2024-05-10
FIN000899,STU00442,Fall 2025,MEAL PLAN,733.07,0.0,733.07,0.0,Paid,
FIN002021,STU00981,Fall 2025,Tuition,3825.48,382.55,3442.93,0.0,Paid,2025-04-30
FIN001651,STU00804,Spring  2024,Tuition,3493.4,0.0,,0.0,Paid,11/4/2024
FIN000986,STU00481,Spring 2024,Library Fee,56.09,56.09,0,,Paid,
FIN000748,STU00373,Fall 2024,Meal Plan,652.2,0.0,652.2,0.0,Paid,2023-09-10
FIN001736,STU00846,FALL 2024,Extracurricular Fee,86.03,8.6,48.63,28.8,Partial,2025-03-16
FIN001394,STU00681,Spring 2024,,581.49,58.15,523.34,,Paid,2025-08-16
FIN000261,STU00131,Spring 2024,,254.5,0.0,254.5,0.0,Paid,2024-06-28
FIN001967,STU00956,Fall 2023,Lab Fee,111.26,55.63,55.63,0.0,Paid,2024-09-02
FIN001787,STU00874,Fall 2024,Tuition,4769.31,0.0,4769.31,0.0,Paid,27-Dec-2024
FIN000954,STU00466,Fall 2025,Transportation,386.96,96.74,290.22,-0.0,Paid,45355
FIN000835,STU00413,Fall 2025,Tuition,4676.45,467.64,4208.81,-0.0,Paid,2024-12-08
FIN001023,STU00502,Fall 2025,Lab Fee,111.56,0.0,111.56,0.0,Paid,2024-02-15
FIN001063,STU-00522,Fall 2024,Tuition,2186.84,0.0,2186.84,0.0,Paid,30-Mar-2025
FIN000503,STU00251,Spring 2024,Meal Plan,648.26,162.06,486.2,0.0,Paid,2023-10-01
FIN000633,STU00314,Fall 2023,Tuition,4938.47,0.0,4938.47,0.0,Paid,2024-11-30
FIN001580,STU00771,Spring 2025,Lab Fee,69.28,0.0,69.28,0.0,Paid,
FIN000211,STU00104,Spring 2025,Meal Plan,695.66,0.0,497.36,198.3,Partial,2023-08-02
FIN000702,STU00347,Fall 2024,Lab Fee,78.22,19.55,58.67,0.0,Paid,2024-07-10
FIN000528,STU00264,Spring 2025,Transportation,181.83,0.0,181.83,0.0,  Paid,10/12/2024
FIN000114,STU00055,Fall 2023,Transportation  ,158.28,0.0,158.28,0.0,Paid,25-Feb-2025
FIN000140,STU00069,Spring 2025,Lab Fee,72.18,0.0,72.18,0.0,Paid,18/6/2025
FIN001309,STU00641,Spring 2024,Tuition,2841.42,0.0,2841.42,0.0,Paid,2024-01-08
FIN000574,STU00285,Spring 2025,Lab Fee,86.59,86.59,0,0.0,Paid,
FIN001839,STU00898,Spring 2024,Transportation,255.01,0.0,255.01,0.0,Paid,2025-09-26
FIN002024,STU00983,Fall 2025,  Library Fee,51.75,12.94,38.81,0.0,Paid,2024-06-29
FIN002055,STU01000,Spring 2025,Tuition,4907.36,1226.84,3482.07,198.45,Partial,2024-04-25
FIN000241,STU00120,Spring 2025,Library Fee,26.76,0.0,26.76,0.0,Paid,"December 11, 2024"
FIN000467,STU-00232,Fall 2023,Extracurricular Fee,85.59,21.4,3.1,,Partial,2025-11-21
FIN000379,STU00184,Spring 2025,Meal Plan,,39.45,355.05,0.0,Paid,2024-07-09
FIN001927,STU00937,Fall 2024,Lab  Fee,58.0,29.0,29.0,0.0,Paid,2025-12-01
FIN001946,STU00944,Spring 2024,Meal Plan,423.63,0.0,423.63,0.0,Paid,2024-02-15
FIN000036,STU00016,spring 2024,Tuition,4754.49,0.0,4754.49,0.0,Paid,2024-04-29
FIN001604,STU00781,Spring 2025,Extracurricular Fee,97.13,0.0,97.13,,Paid,2025-03-24
FIN000491,STU00242,  Spring 2025,Extracurricular Fee,60.19,0.0,0,60.19,Unpaid,
FIN001771,STU00866,Spring 2024,Tuition,2438.66,0.0,2438.66,0.0,Paid,2025-08-22
FIN000735,STU00364,Spring 2025,Extracurricular Fee,31.99,3.2,28.79,0.0,Paid,2023-08-07
FIN000860,STU00425,Spring 2025,Transportation,396.55,39.66,356.89,0.0,Paid,2024-12-04
FIN001450,STU00705,Spring 2024,Library Fee,33.04,0.0,33.04,0.0,Paid  ,4/27/2024
FIN000304,STU00149,Fall 2024,Tuition,2518.84,1259.42,1259.42,0.0,Paid,2023-10-29
FIN001256,STU00615,Fall 2025,Lab Fee,114.75,0.0,0,114.75,Unpaid,
FIN001091,STU00535,Fall 2023,Tuition,2473.09,0.0,2288.32,184.77,Partial,2023-09-12
FIN001818,STU00888,Spring 2024,Tuition,2834.61,0.0,2636.7,197.91,Partial,2024-06-05
FIN000940,STU00461,Spring 2024,Meal Plan,661.74,165.44,496.3,0.0,Paid,2025-10-20
FIN000060,STU00028,Fall 2024,EXTRACURRICULAR FEE,80.69,,80.69,0.0,Paid,1/12/2024
FIN001520,STU-00740,Spring 2025,Lab Fee,142.35,0.0,142.35,0.0,Paid,2025-09-21
FIN001762,STU00862,Fall 2023,Transportation,371.98,0.0,371.98,0.0,Paid,
FIN000842,STU00417,Fall 2024,Extracurricular Fee,48.18,0.0,48.18,0.0,Paid,2025-09-10
FIN001963,STU00953,Spring 2025,Transportation,179.11,89.56,89.55,0.0,Paid,2025-06-25
FIN000837,STU00414,Spring 2024,Meal Plan,767.33,0.0,631.56,135.77,Partial,2025-06-01
FIN000286,STU00143,Spring 2024,Tuition,2707.57,676.89,1934.02,96.66,Partial,2024-12-23
FIN001676,STU00818,SPRING 2024,Lab Fee,99.32,0.0,75.64,23.68,Partial,11/1/2025
FIN001975,STU00959,Fall 2023,Library Fee,34.38,8.6,25.78,0.0,Paid,2023-12-18
FIN000933,STU00457,Spring 2024,Meal Plan,560.66,560.66,0,0.0,Paid,
FIN000706,STU00349,Fall 2023,,467.58,0.0,296.83,170.75,Partial,2025-11-14
FIN000583,STU00289,Fall 2025,Lab Fee,110.77,0.0,110.77,0.0,Paid,2024-09-08
FIN000042,STU00018,Fall 2025,Extracurricular Fee,101.62,10.16,91.46,0.0,Paid,45675
FIN000059,STU00028,Fall 2025,Transportation,267.98,26.8,241.18,0.0,Paid,2024-10-08
FIN001674,STU00817,Spring 2024,transportation,203.2,0.0,108.31,94.89,Partial,45860
FIN001445,STU00703,Fall 2024,Meal Plan,497.2,0.0,497.2,,Paid,2024-03-26
FIN000704,STU00348,Spring  2025,Meal Plan,788.31,788.31,0,0.0,Paid,
FIN001039,STU00510,Spring 2024,Tuition,2879.7,0.0,2879.7,0.0,Paid,2023-08-26
FIN000637,STU00316,,Transportation,283.0,0.0,218.45,64.55,Partial,2024-12-12
FIN001788,STU00874,Spring 2025,Transportation,154.25,38.56,115.69,0.0,Paid,8/11/2023
FIN000745,STU00371,Fall 2025,Lab Fee,117.22,0.0,117.22,0.0,,
FIN000718,STU00355,Spring 2025,Meal Plan,425.46,106.36,173.76,145.34,Partial,2024-09-08
FIN001670,STU00814,Spring 2025,Library Fee,45.1,0.0,45.1,0.0,Paid,2024-06-17
FIN001482,STU721,Fall 2024,Lab Fee,57.44,0.0,57.44,0.0,Paid,2024-08-02
FIN001545,STU00753,Spring 2024,Extracurricular Fee  ,50.94,0.0,50.94,0.0,Paid,45481
FIN001513,STU00737,Spring 2025,Lab Fee,70.03,0.0,70.03,0.0,Paid,2024-02-27
FIN001492,STU00726,Fall 2024,LIBRARY  FEE,47.24,0.0,47.24,0.0,Paid,04-Feb-2025
FIN000496,stu00246,Spring 2025,Meal Plan,604.36,0.0,504.85,99.51,Partial,2023-10-15
FIN000156,S0076,Fall 2024,Library Fee,35.01,0.0,0,35.01,Unpaid,
FIN001197,STU00588,Spring 2024,MEAL PLAN,587.66,587.66,0,0.0,Paid,
FIN000920,STU00452,Fall 2024,Extracurricular Fee,75.26,0.0,75.26,0.0,Paid,2025-03-24
FIN001387,STU00678,Spring 2024,Transportation,212.6,0.0,212.6,0.0,Paid,2023-10-09
FIN001254,STU00614,Fall 2024,Meal Plan,630.79,0.0,630.79,0.0,Paid,2024-07-06
FIN000841,STU00417,Spring 2024,Library Fee,23.5,0.0,0,23.5,Unpaid,
,STU00569,Fall 2025,Transportation,268.41,0.0,268.41,0.0,Paid,2024-02-28
FIN001362,STU00668,Fall 2025,Lab Fee,147.84,36.96,110.88,,Paid,2023-10-31
FIN001962,STU00952,Fall 2025,Lab Fee,92.22,0.0,,0.0,Paid,2024-10-17
FIN000740,STU00369,Spring 2025,Meal Plan,373.73,0.0,373.73,0.0,paid,2025-01-26
FIN000401,STU00199,Spring 2024,Meal Plan,340.26,170.13,170.13,0.0,Paid,2024-05-07
FIN001876,STU00915,Spring 2024,Library Fee,30.45,0.0,30.45,0.0,Paid,2025-09-23
FIN000056,STU00026,Fall 2024,Lab Fee,71.61,0.0,0,71.61,Unpaid,
FIN001642,STU00801,Spring 2025,Lab Fee,109.65,0.0,109.65,0.0,Paid,2025-05-30
FIN000105,STU00050,Fall 2024,Library Fee,20.23,5.06,15.17,0.0,Paid,2024-12-11
FIN001780,STU00871,Spring 2025,Extracurricular Fee,112.78,,101.5,0.0,Paid,2025-02-24
FIN000173,STU00084,Fall 2024,Transportation,190.87,0.0,190.87,0.0,Paid,2025-07-07
FIN001581,STU00771,,Extracurricular Fee,55.86,13.96,41.9,0.0,Paid,28-May-2024
FIN001903,STU00925,  Fall 2024,Transportation,195.53,0.0,21.06,174.47,Partial,2025-07-11
FIN001006,stu00493,Spring 2024,extracurricular fee,79.49,0.0,79.49,0.0,PAID,2025-06-03
FIN000517,STU00257,Spring 2024,Meal Plan,544.73,54.47,490.26,0.0,Paid,2025-05-24
FIN001648,STU00803,Fall 2024,Transportation,307.57,307.57,0,0.0,Paid,
FIN001369,STU00670,Fall 2024,Library Fee,30.27,,0,0.0,Paid,
FIN000914,STU00449,Spring 2024,Lab Fee,57.31,0.0,0,57.31,Unpaid,
FIN001136,STU00558,,Tuition,3739.83,0.0,3646.64,93.19,Partial,2025-08-06
FIN001410,STU00688,Fall 2025,Library Fee,57.76,14.44,0,43.32,Unpaid,
FIN000888,STU00437,Spring 2024,Library Fee,35.36,0.0,35.36,0.0,paid,2025-03-24
FIN000870,STU-00429,Spring 2024,Transportation,300.86,,262.65,38.21,Partial,45541
FIN000790,STU00393,Spring 2025,Tuition,3757.56,0.0,3757.56,0.0,Paid,2/22/2024
FIN001242,STU00609,Fall 2025,Lab Fee,56.99,0.0,45.43,11.56,Partial,2025-09-24
FIN000819,STU00404,Fall 2024,Library Fee,32.36,8.09,24.27,0.0,Paid,2024-05-22
FIN000265,STU00133,Spring 2024,Extracurricular Fee,37.26,9.31,14.27,13.68,Partial,2025-07-07
FIN000506,STU00253,Spring 2024,Meal Plan,555.03,55.5,325.58,173.95,Partial,9/17/2023
FIN000963,STU00471,Spring 2025,Extracurricular Fee,100.64,25.16,75.48,0.0,Paid,2024-12-23
FIN000934,STU00458,FALL 2023,Transportation,307.28,0.0,307.28,0.0,Paid,2024-01-23
FIN001126,STU00553,Fall 2024,Library Fee,26.48,6.62,0,19.86,Unpaid,
FIN000174,S0085,SPRING 2025,Extracurricular Fee,,0.0,84.78,0.0,Paid,2024-08-30
FIN000693,STU00343,Fall 2023,Library Fee,30.71,15.36,15.35,0.0,Paid,2024-12-13
FIN000182,STU00090,Fall 2025,Extracurricular Fee,118.04,29.51,88.53,0.0,Paid,"April 24, 2024"
FIN001460,STU00710,Spring 2025,Lab Fee,85.92,0.0,85.92,0.0,Paid,11/20/2024
FIN000152,75,,Tuition,4845.14,0.0,4845.14,0.0,Paid,2023-12-21
FIN001923,STU00934,Spring  2025,Extracurricular Fee,78.53,0.0,0,78.53,Unpaid,
FIN000974,STU00476,Fall 2025,Transportation,246.62,0.0,246.62,0.0,Paid,2024-09-07
FIN001937,STU01235,Fall  2023,Extracurricular Fee,,,69.05,0.0,Paid,2025-01-30
FIN000572,STU00284,Fall 2023,Transportation,184.49,18.45,166.04,0.0,Paid,45637
FIN000175,STU00086,Fall 2023,Extracurricular Fee,89.78,0.0,17.37,72.41,Partial,2024-06-25
FIN001385,STU00677,,TRANSPORTATION,379.32,37.93,341.39,0.0,Paid,2024-04-13
FIN001776,STU00869,Fall 2023,Transportation,279.0,0.0,123.75,155.25,Partial,2024-10-10
FIN000357,STU00175,Fall 2023,Library Fee,37.33,18.66,0,18.67,Unpaid,
FIN000234,STU00115,Spring 2024,Meal Plan,335.54,0.0,192.64,142.9,Partial,"April 18, 2025"
FIN002043,STU00995,Spring 2025,Extracurricular Fee,37.08,9.27,27.81,0.0,Paid,2024-02-15
FIN001128,STU00554,Fall 2024,Transportation,203.64,20.36,183.28,-0.0,Paid,2025-06-17
FIN001638,STU00799,Fall 2023,Tuition,4556.82,0.0,4408.67,148.15,Partial,2025-07-19
FIN001574,STU00768,Spring 2025,Transportation,395.38,,395.38,,Paid,45587
FIN001777,STU00869,Fall 2025,Library Fee,27.33,2.73,0,24.6,Unpaid,
FIN000610,STU00303,Fall 2025,Library Fee,32.26,0.0,32.26,0.0,Paid,2024-06-19
FIN001838,STU00898,Fall 2024,Lab Fee,115.68,0.0,115.68,0.0,Paid,2024-11-07
FIN001841,STU00899,Fall 2023,Library Fee,33.67,,14.12,19.55,PARTIAL,2024-09-21
FIN000568,STU00282,Spring 2025,Library Fee,32.09,0.0,32.09,0.0,Paid,2023-11-14
