record_id,student_id,course_id,course_name,subject,term,midterm_score,final_score,letter_grade,gpa_points
GRD003891,STU00863,C402,Government  &  Civics,,Fall 2024,85.9,88.5,B,3.0
GRD000177,STU00043,C302,Creative Writing,English,Fall 2025,58.1,52.2,F,0.0
GRD000778,STU00177,C201,Biology,Science,Spring 2025,71.2,74.0,C,2.0
GRD001143,STU00257,C502,Web Development,  Technology,Spring 2024  ,92.1,98.8,A,4.0
GRD002076,STU00467,C602,Music Theory,Arts,Fall 2024,78.9,75.3,C,2.0
GRD004006,STU00887,C601,,Arts,Fall 2024,82.1,,B,3.0
GRD003562,STU00792,C701,Physical Education,PE,Fall 2025,57.9,61.3,D,1.0
GRD003283,STU00729,C601,Visual Arts,Arts,Spring 2025,56.2,52.7,F,0.0
GRD003989,STU00883,C602,Music Theory,Arts,Spring 2025,99.3,100,A,4.0
GRD000333,STU00075,C401,World History,Social Studies,Fall 2023,64.9,73.8,C,2.0
GRD002801,STU00623,C302,Creative Writing,ENGLISH,Spring 2024,70.8,,C,2.0
GRD001381,STU00314,C103,Algebra II,Math,Spring 2025,65.7,56.9,F,0.0
GRD001830,STU00414,C601,Visual Arts,Arts,Spring 2024,92.6,100,A,4.0
GRD000369,STU00084,C601,Visual Arts,Arts,Fall 2025,82.6,79.4,C,2.0
,STU00734,C301,English Literature,English,Fall 2024,61.1,54.3,F,0.0
GRD003894,STU00863,C701,Physical Education,PE,Fall 2024,72.9,63.2,D,1.0
GRD000301,STU00069,C502,Web Development,Technology,Fall 2025,75.3,67.2,D,1.0
GRD001547,STU00350,,Introduction to Programming,Technology,Fall 2023,72.8,66.1,D,1.0
GRD003029,STU00671,C501,Introduction to Programming,Technology,Spring 2025,66.6,65.1,D,1.0
,STU00387,C602,Music Theory,Arts,Spring 2025,62.3,66.1,D,1.0
GRD001602,STU00363,C103,Algebra II,Math,  Spring 2025,57.2,57.4,F  ,0.0
GRD002564,STU00571,C101,Algebra I,Math,Fall 2024,72.1,68.5,D,1.0
GRD002176,STU00488,C701,Physical Education,PE,Spring 2024,73.8,73.2,C,2.0
GRD002928,STU00651,C301,English Literature,English,Fall 2023,99.0,99.7,A,4.0
GRD001786,stu00405,,Web Development,,Fall 2024,62.6,61.4,D,1.0
GRD001575,STU00356,C101,Algebra I,Math,Spring 2025,71.4,75.0,C,2.0
GRD003778,STU00839,C301,English Literature,English,Fall 2024,81.3,77.5,C,
GRD002905,STU00646,C401,World History,Social Studies,Spring 2025,74.1,69.5,D,1.0
GRD003818,STU00848,C301,english literature,English,Fall 2023  ,70.9,70.2,C,2.0
GRD000557,S0125,C301,English Literature,English,Fall 2023,89.5,95.7,A,4.0
GRD000072,STU00017,C402,Government & Civics,Social Studies,Spring 2024,58.2,53.2,F,0.0
GRD000314,STU00071,C203,Physics,Science,Spring 2025,83.3,87.0,B,3.0
GRD000160,STU00039,C301,English Literature,English,Fall 2023,86.1,81.6,B,3.0
GRD002573,STU00573,C802,French I,Languages,Spring 2024,92.3,93.6,A,4.0
GRD002429,STU00541,C102,Geometry,Math,Fall 2023,93.3,90.2,A,4.0
GRD002935,STU00652,C601,Visual Arts,,Fall 2023,55.7,47.5,F,0.0
GRD000708,STU01427,C701,Physical Education,PE,Fall 2023,70.7,69.2,D,1.0
GRD000368,STU00084,C701,Physical Education,PE,Spring 2025,53.6,57.8,F,0.0
GRD003655,STU00812,C502,Web Development,Technology,Spring 2025,,91.6,A,4.0
GRD001734,STU00393,C502,Web Development,Technology,Spring 2024,58.5,53.7,F,0.0
GRD001210,STU00271,C701,,PE,Fall 2023,80.1,71.7,C,2.0
,STU00390,C801,Spanish I,Languages,spring 2025,57.3,55.9,,0.0
GRD002857,STU00635,C801,Spanish I,Languages,Fall 2025,62.5,59.7,F,0.0
GRD000183,STU00044,C301,English Literature,English,Spring 2024,70.3,,D,1.0
GRD000805,STU00183,C801,Spanish I,Languages,Fall 2025,66.9,66.4,D,1.0
GRD003751,STU00832,C701,physical education,PE,Spring 2025,84.1,86.5,B,3.0
GRD003294,STU00732,C701,Physical Education,  PE,Fall 2025,77.6,84.5,B,3.0
GRD002360,stu00525,C302,Creative Writing,English,Spring 2024,65.7,58.7,F,0.0
GRD000192,STU00045,C202,Chemistry,  Science,Spring 2025,80.5,84.0,B,3.0
GRD001954,STU00443,C602,Music Theory,,Spring 2025,64.8,,F,0.0
GRD003527,STU00785,C701,Physical Education,PE,Fall 2025,64.0,58.3,F,0.0
GRD001521,STU00346,C401,World History,Social Studies,Fall 2025,83.1,79.8,C,2.0
GRD001440,STU00326,C301,English Literature,English,Fall 2023,82.7,86.5,B,3.0
GRD001425,STU00323,C401,World History,Social Studies,Fall 2024,50.2,54.8,F,0.0
GRD001618,STU00366,C402,Government & Civics,Social Studies,Fall 2024,56.7,65.9,D,1.0
GRD002622,STU00584,C101,Algebra I,Math,Fall 2025,51.4,55.9,F,0.0
GRD002632,STU00587,C701,Physical Education,PE,,57.7,48.6,F,0.0
GRD001541,STU00349,,Geometry,Math,Spring 2024,73.7,70.9,C,2.0
GRD003439,STU00765,C101,Algebra I,Math,Spring 2025,68.1,66.5,D,1.0
,STU906,C801,Spanish I,Languages,Fall 2025,95.6,100,A,4.0
GRD001996,STU00450,,English Literature,English,Fall 2025,56.6,54.6,F,0.0
GRD001332,301,C201,Biology,Science,Spring 2025,87.0,86.5,B,3.0
GRD001715,STU00389,C202,Chemistry,science,Fall 2025,94.7,95.4,A,4.0
GRD002387,STU00531,C701,physical education,PE,Fall 2023,63.2,71.7,C,2.0
GRD004264,STU00945,C801,Spanish I,languages,Spring 2025,73.1,,D,1.0
GRD002336,STU00520,C802,French I,Languages,Fall 2024,94.9,88.7,B,3.0
GRD003348,STU00744,C201,Biology,Science,Fall 2025,81.7,88.5,B,3.0
GRD000717,STU00163,C701,Physical Education,PE,Spring 2025,51.0,49.2,F,0.0
GRD000468,STU00107,C103,Algebra II,Math,spring 2025,55.4,56.9,F,0.0
GRD003385,STU00754,C801,spanish i,Languages,Spring 2025,56.4,47.1,F,0.0
GRD000044,STU00010,C802,FRENCH I,Languages,Fall  2025,72.3,65.0,D,1.0
GRD002465,STU00549,C103,Algebra II,  Math,Fall 2025,84.1,87.3,B,3.0
GRD000273,STU00063,C701,Physical Education,PE,Spring 2025,77.9,72.1,C,2.0
GRD003054,STU00677,C501,Introduction to Programming,Technology,Fall 2023,65.8,69.9,D,1.0
GRD003820,stu00849,C301,English Literature,English,Fall 2025,88.7,94.3,A,4.0
GRD003592,STU00798,C401,World History,,Fall 2023,64.3,58.9,F,0.0
,STU00762,C501,Introduction to Programming,Technology,Fall 2024,60.5,68.1,D,1.0
GRD002766,STU00615,C802,French I,Languages,Fall 2023,66.7,75.3,C,2.0
GRD004103,STU00910,C701,Physical Education,PE,Spring 2025,62.0,61.9,D,1.0
GRD000098,STU00023,C402,Government & Civics,Social Studies,Fall 2024,96.4,89.1,B,3.0
GRD000452,STU103,C301,English Literature,English,Spring 2024,96.1,91.5,A,4.0
GRD000412,STU-00094,C601,Visual Arts,Arts,Spring 2025,52.7,49.8,F,0.0
GRD004474,STU00992,C201,Biology,Science,Spring 2024,66.5,61.3,D,1.0
GRD002751,STU00612,C202,Chemistry,Science,Spring 2025,77.7,77.9,C,2.0
GRD001884,STU00427,C101,Algebra I,Math,Spring 2024,51.6,61.2,  D,1.0
GRD000861,STU00195,C501,,Technology,,66.9,74.2,C,2.0
GRD000597,STU-00135,C501,Introduction to Programming,Technology,Spring 2024,54.1,48.7,F,0.0
GRD003867,STU00857,C802,French I,Languages,Spring 2025,68.2,65.7,D,1.0
GRD001848,STU00418,C202,Chemistry,Science,Spring 2025,81.6,72.6,C,2.0
GRD003200,STU00710,C301,English Literature,English,Fall 2023,86.9,96.6,A,4.0
GRD003507,STU00779,C502,Web Development,Technology,Fall 2023,97.8,97.8,A,4.0
GRD002016,STU00454,C301,,English,Fall 2025,82.0,84.5,B,3.0
GRD004355,STU00968,C102,Geometry,,Fall 2025,75.8,67.1,D,1.0
GRD003943,STU00873,C601,Visual Arts,Arts,Fall 2023,87.3,85.1,B,3.0
GRD001182,STU265,C502,Web Development,Technology,Spring 2024,63.4,66.4,D,1.0
GRD003319,STU-00738,C802,  French I,Languages,Fall 2025,76.6,78.4,C,2.0
GRD001562,STU00354,C802,French I,Languages,Spring 2025,,58.1,F,0.0
GRD003889,STU00862,C402,Government & Civics,Social Studies,Fall 2024,78.8,75.5,C,2.0
GRD003619,STU00804,C602,Music Theory,Arts,Fall 2023,71.8,63.7,D  ,1.0
GRD001152,STU00258,C701,Physical Education,PE,Spring 2025,90.6,,A,4.0
GRD003063,STU00679,C202,Chemistry,Science,,68.0,63.4,D,1.0
GRD002655,STU00591,C801,,Languages,Fall 2024,58.9,51.6,F,0.0
GRD003494,STU00777,C101,Algebra I,Math,Spring 2025,61.3,55.6,F,0.0
GRD001893,STU00429,C602,Music Theory,Arts,Fall 2023,100.0,99.4,A,4.0
GRD000071,STU00017,C602,Music Theory,Arts,Fall 2023,90.3,80.3,B,3.0
GRD004426,STU00982,C302,Creative Writing,English,Fall 2025,56.3,61.4,D,1.0
GRD000630,STU00143,C102,Geometry,Math,fall 2024,60.7,65.7,D,1.0
GRD003274,STU00727,C202,Chemistry  ,Science,Fall 2024,90.7,94.4,A,4.0
GRD001779,STU00403,C501,Introduction to Programming,Technology,Fall 2023,52.4,49.8,F,0.0
GRD004368,STU00970,C202,Chemistry,Science,Fall 2023,63.4,67.1,D,1.0
GRD003616,STU00803,C302,Creative Writing,English,Spring 2025,71.9,75.9,C,2.0
GRD003224,stu00716,C401,World History,Social Studies  ,Fall 2025,52.8,48.7,F,0.0
GRD001374,STU00312,C202,Chemistry,Science,Spring 2025,74.7,76.9,C,2.0
GRD002025,455,C502,Web  Development,,fall 2025,82.8,91.5,A,
GRD000271,STU00063,C401,World History,Social Studies,Spring 2024,82.3,83.9,B,3.0
GRD000725,STU00165,C202,Chemistry,Science,Spring 2024,65.4,68.1,D,1.0
GRD001694,STU00384,C101,Algebra I,Math,Fall 2025,,91.2,A,4.0
GRD000261,STU00060,C402,Government & Civics,Social Studies,Spring 2024,59.8,62.8,D,1.0
GRD001615,STU-00366,C701,Physical Education,PE  ,Fall 2024,70.3,61.0,D,1.0
GRD004116,STU00913,C101,Algebra I,Math,Fall 2023,89.5,96.0,A,4.0
GRD002432,STU00542,C601,Visual Arts,Arts,Fall 2024,86.7,89.7,B,3.0
GRD004140,STU00918,C402,Government & Civics,social studies,Fall 2025,78.3,74.7,C,2.0
GRD002036,459,C802,French I,Languages,Fall 2024,92.6,100,A,4.0
GRD003631,STU00806,C701,Physical Education,PE,Fall 2024,55.2,55.8,F,0.0
,STU-00431,C101,Algebra I,Math,Fall 2023,71.7,71.5,C,2.0
GRD001612,S0365,C401,World History,Social Studies,Fall 2023,65.0,58.5,,0.0
GRD002215,STU00495,C401,World History,Social Studies,Fall 2025,92.6,100,A,4.0
GRD002892,STU00643,C501,Introduction to Programming,Technology,Fall 2023,89.5,87.6,B,3.0
GRD001868,STU00424,C302,Creative Writing,English,Fall 2025,60.7,62.9,D,1.0
GRD002062,STU00464,C302,Creative Writing,English,FALL 2024,80.2,70.3,C,2.0
GRD004088,STU00907,C401,World History,Social Studies,Spring 2024,,70.0,C,2.0
GRD003629,STU00806,C401,World History,social studies,Fall 2025,98.8,94.9,,4.0
GRD001246,STU00281,C601,Visual Arts,Arts,Fall 2024,81.5,88.9,B,3.0
GRD001927,STU00437,C501,Introduction to Programming,Technology,Fall 2024,83.4,,B,3.0
GRD002245,STU00502,C602,Music Theory,Arts,Fall 2024,79.3,72.8,C,2.0
GRD004309,STU00958,C401,World History,,Fall 2024,82.6,85.5,B,3.0
GRD002644,STU00589,C302,Creative Writing,English,Fall 2024,92.2,88.6,B,3.0
GRD000043,STU00010,C401,World History,Social  Studies,Fall 2023,64.7,59.3,F,0.0
GRD004358,STU968,C701,Physical Education,PE,Spring 2024,67.7,68.9,D,1.0
GRD002646,STU00589,C701,Physical Education,PE,Fall 2024,95.1,100,A,4.0
GRD003191,STU00708,C203,Physics,Science,Fall 2023,51.9,46.2,F,0.0
,S0325,C701,Physical Education,PE,Fall 2024,83.3,81.5,B,3.0
GRD000488,STU00111,C801,Spanish I,Languages,Spring 2024,81.2,74.5,C,2.0
GRD001986,STU00449,C401,World History,Social Studies,Spring 2025  ,80.8,78.0,C,2.0
GRD002744,STU00611,C103,Algebra  II,Math,FALL 2024,86.5,78.3,C,2.0
GRD000157,STU00038,C802,French I,Languages,Fall 2025,75.1,81.3,B,3.0
,STU00976,C502,Web Development,Technology,Spring 2024,95.1,95.6,A,4.0
GRD003158,S0701,C501,Introduction to Programming,Technology,Fall 2024,75.0,81.1,B,3.0
GRD000697,STU00158,C801,Spanish I,Languages,Fall 2023,96.3,98.2,A,4.0
GRD002497,STU00556,C601,Visual Arts,Arts,Spring 2025,52.9,61.2,D,1.0
GRD000406,STU00092,C301,English Literature,English,Fall 2024,54.0,56.1,F,0.0
GRD002868,STU00637,C102,Geometry,Math,Spring 2024,54.6,47.6,F,0.0
GRD000864,STU00196,C302,Creative Writing,English,Fall 2025,84.9,75.7,C,
GRD003890,STU00862,C103,Algebra II,Math,Fall 2025,68.8,76.2,C,2.0
GRD001810,STU00409,C701,,PE,Fall 2024,91.0,92.4,A,4.0
GRD001349,STU305,C202,Chemistry,Science,Spring 2025,82.8,82.7,B,3.0
GRD003128,STU00694,C701,Physical Education,PE,Fall 2023,65.6,69.7,D,1.0
GRD000431,STU00098,C601,Visual Arts,Arts,Spring 2025,84.2,89.9,B,3.0
GRD002557,STU00570,C402,Government & Civics,Social Studies,Fall 2023,79.6,86.6,B,3.0
GRD002559,STU00570,C501,Introduction to Programming,Technology,Spring 2025,87.7,86.6,B,3.0
GRD004384,STU00973,C102,Geometry,Math,Fall 2023,96.8,100,A,4.0
GRD000534,STU120,C202,Chemistry,Science,Fall 2024,70.1,72.5,C,2.0
,STU00689,C602,Music Theory,Arts,Fall 2025,78.9,69.4,D,1.0
GRD002709,STU00603,C101,Algebra I,Math,Fall 2025,79.0,87.1,  B,3.0
GRD000363,STU83,C402,Government & Civics,Social Studies,Spring 2025,78.3,80.1,B,3.0
GRD003089,STU00685,C701,PHYSICAL EDUCATION,PE,Fall 2024,64.0,58.0,F,0.0
GRD001302,STU00294,C302,Creative Writing,English,Fall 2023,58.8,52.9,F,0.0
GRD000735,STU00167,C201,Biology,Science,Spring 2024,88.0,82.1,B,3.0
GRD002770,STU00616,C101,Algebra I,Math,Spring 2025,99.3,93.6,A,4.0
GRD001038,STU00236,C701,Physical Education,PE,Fall 2025,,98.4,A,4.0
GRD000632,stu00143,C502,Web Development,Technology,Fall 2023,93.4,96.8,A,4.0
GRD002142,stu00480,C701,Physical Education,PE,Fall 2024,93.7,93.9,A,4.0
GRD001831,STU00414,C402,Government & Civics,Social Studies,Spring 2024,62.5,63.7,D,1.0
GRD001689,STU00383,C202,Chemistry,Science,Fall 2025,96.7,90.2,,4.0
GRD003776,stu00838,,Geometry,Math,Fall 2025,53.0,44.3,F,0.0
GRD000367,STU00083,C602,Music Theory,Arts,Fall 2023,78.5,77.4,,2.0
GRD001441,STU00326,C401,World History,Social Studies,Spring 2024,70.9,62.7,D,1.0
GRD001490,STU00339,C401,World History,Social Studies,Fall 2024,83.9,91.8,A,4.0
GRD003125,STU00693,C501,Introduction to Programming,Technology,Fall  2024,74.1,72.9,C,2.0
GRD002789,STU00620,C202,Chemistry,Science,Spring 2025,64.1,54.8,F,0.0
GRD001510,STU00342,C402,Government & Civics,Social Studies,Fall 2023,81.9,82.1,B,3.0
GRD002144,STU00481,C101,Algebra I,Math,Fall 2024,50.3,41.3,F,0.0
GRD003908,STU00866,C602,Music  Theory,Arts,Fall 2024,55.0,,F,0.0
GRD001082,STU00245,C401,World History,Social Studies,Fall 2025,86.1,83.0,B,3.0
GRD002963,STU00658,C203,physics,Science,Spring 2024,60.1,57.7,f,0.0
GRD002030,STU00457,C301,English Literature,English,Fall 2025,52.1,50.0,F,0.0
GRD003261,STU00725,C502,Web Development,Technology,Spring 2025,73.5,64.0,D,1.0
GRD000385,STU00088,C203,Physics,Science,Spring 2025,50.8,60.7,  D,1.0
GRD001918,STU00435,C401,World History,Social Studies,Spring 2024,52.8,62.4,D,1.0
GRD004480,STU00994,C201,Biology,Science,Fall 2025,72.7,64.3,D,1.0
GRD000226,S0052,C402,Government & Civics,Social Studies,Fall 2023,95.1,90.1,A,4.0
GRD001735,STU00393,C701,Physical  Education,PE,Spring 2025,52.4,54.4,F,0.0
GRD003799,STU00844,C502,Web  Development,Technology,Fall 2025,59.9,64.8,D,1.0
GRD001012,STU00229,C301,English Literature,English  ,Spring 2024,60.2,54.7,F,0.0
GRD003706,STU00823,C602,Music Theory,  Arts,Spring 2024,51.5,50.5,F,0.0
GRD000992,STU225,C502,Web Development,Technology,Spring 2024,95.5,99.4,A,4.0
GRD004056,STU00898,C502,Web Development,Technology,Fall 2025,69.9,69.1,D,1.0
GRD002685,STU00598,C203,Physics,Science,fall 2025,99.1,100,A,4.0
GRD002407,STU00537,C701,Physical Education,PE,Fall 2025,80.1,89.1,B,3.0
GRD000691,STU00156,C401,World History,Social Studies,Fall 2025,60.5,,D,1.0
GRD002404,STU536,C502,Web Development,Technology,Spring 2025,89.8,80.9,b,
GRD003378,STU00752,C201,Biology,Science,Fall 2023,96.7,95.6,A,4.0
GRD000178,43,C802,French I,Languages,Fall 2023,51.4,51.4,F,0.0
GRD002242,STU00501,C103,Algebra II,  Math,Spring 2024,61.8,64.9,D,1.0
GRD003934,STU-00872,C401,World History,Social Studies,Fall 2023,95.8,94.5,A,4.0
GRD004067,stu00902,C701,Physical Education,PE,SPRING 2024,94.7,87.2,B,3.0
GRD002225,STU497,C103,Algebra II,Math,Fall 2025,64.6,70.5,c,2.0
GRD004094,STU00908,C701,Physical Education,PE,FALL 2023,52.1,61.0,D,1.0
GRD002948,STU-00655,C102,Geometry,Math,Fall 2023,52.6,62.4,D,1.0
GRD000378,STU00086,C302,Creative Writing,English,Spring 2024,89.4,89.8,B,3.0
GRD000267,STU00062,C302,Creative Writing,English,Spring 2025,78.3,80.0,B,3.0
GRD004171,STU00926,C701,Physical Education,PE,Spring 2025,78.5,76.4,C  ,2.0
GRD003267,STU00726,C602,Music Theory,,,61.5,59.8,F,0.0
GRD002047,STU00462,C302,Creative Writing,English,  Spring 2025,87.3,78.7,C,2.0
GRD002797,STU00622,C801,Spanish I,Languages,Fall 2024,88.7,92.7,A,4.0
GRD000836,S0190,,Physical Education,PE,Fall 2025,98.4,100,A,4.0
GRD003617,STU00803,C203,Physics,Science,Fall 2023,85.1,90.3,A,4.0
GRD000485,STU00110,C701,Physical Education,PE,Fall 2024,66.4,75.7,C,2.0
GRD004245,STU00941,C802,French  I,Languages,Spring 2025,89.6,93.9,A,4.0
GRD004416,STU00980,C102,  Geometry,Math,Spring 2025,75.5,78.4,C,2.0
GRD000556,STU00125,C402,Government & Civics,Social Studies,Fall 2024,52.9,54.2,F  ,0.0
GRD003227,STU01464,C501,Introduction to Programming,Technology,Spring 2025,97.8,100,A,4.0
GRD002441,STU00544,C701,Physical Education,PE,Fall  2025,57.6,52.7,F,0.0
GRD001513,STU00343,C103,Algebra II,Math,Fall 2025,89.0,,B,3.0
GRD002153,STU00483,C501,Introduction to Programming,Technology,Fall 2024,66.7,76.1,C,2.0
GRD002937,STU00653,C402,Government & Civics,Social Studies,Spring 2024  ,67.1,67.1,D,1.0
GRD002392,STU00532,C501,Introduction  to  Programming,Technology,Fall 2025,73.3,82.5,B,3.0
GRD003699,STU00821,C601,Visual Arts,Arts,Spring 2025,72.6,77.8,C,2.0
GRD000341,STU00077,C101,Algebra I,MATH,Spring 2025,80.7,77.7,C,2.0
GRD003311,STU00736,C301,English Literature,English,Fall 2024,66.9,69.0,  D,1.0
GRD002956,STU00656,C302,creative writing,English,,70.0,68.7,D,1.0
GRD002202,STU00493,C501,Introduction to Programming,Technology,Fall 2023,52.0,,D,1.0
GRD000998,STU00226,C302,Creative Writing,English,Fall 2024,76.9,82.0,,3.0
GRD002130,STU00478,C701,Physical Education,PE,Spring 2025,75.9,85.4,B,3.0
GRD002745,STU00611,C501,Introduction to Programming,Technology,Spring 2025,92.2,98.6,A,4.0
GRD001115,STU00251,C101,Algebra I,Math,Spring 2024,65.8,66.6,D,1.0
GRD000139,STU00034,C602,Music Theory,Arts,Fall 2025,89.4,89.9,B,3.0
GRD001321,STU00298,C202,Chemistry,Science  ,Spring  2025,54.9,60.8,D,1.0
,STU00088,C701,Physical Education,PE,Fall 2025,64.3,55.0,F,0.0
GRD001673,STU00379,C502,web development,Technology,Fall 2023,95.8,100,A,4.0
GRD000373,STU00085,C402,Government & Civics,Social Studies,Spring 2025,,96.2,A,4.0
GRD004014,STU00889,C501,Introduction to Programming,Technology,Fall 2024,74.5,81.4,B,3.0
GRD000642,145,C602,Music Theory,Arts,Spring 2024,72.0,63.6,D,1.0
GRD002799,STU00622,C301,English Literature,English,Spring 2025,76.9,73.8,C,2.0
GRD002426,STU00541,C401,World History,Social Studies,Spring 2025,58.3,59.2,F,0.0
GRD003280,STU00729,C302,Creative Writing,English,Spring 2024,52.9,57.9,F,0.0
GRD001508,STU00342,C802,French I,Languages,Spring 2025,70.2,78.5,C,2.0
GRD000681,STU00154,C701,Physical Education,PE,Fall 2025,68.5,71.2,C,2.0
GRD004058,STU899,C602,Music Theory,  Arts,Spring 2024,52.4,44.5,F,0.0
GRD004159,STU00923,C602,Music Theory,Arts,Spring 2025,61.6,55.6,F,0.0
GRD000911,STU00208,C802,French I,Languages  ,Spring 2025,61.8,55.0,F,0.0
GRD002663,STU00593,C501,Introduction to Programming,Technology,Spring 2024,89.7,83.9,B,3.0
GRD000361,STU00082,C501,Introduction to Programming,Technology,Spring 2025,92.3,100,A,4.0
GRD003945,STU00873,C801,Spanish I,Languages,Fall 2025,61.4,59.1,F,0.0
GRD001356,STU00307,C102,Geometry,Math,spring 2025,72.3,81.8,B,
GRD000569,STU00128,C401,World History,Social Studies,Fall 2024,75.0,67.0,D,1.0
GRD004293,953,C602,Music Theory,,Fall 2024,68.2,75.6,c,2.0
GRD002872,stu00638,C501,Introduction to Programming,Technology,Fall 2024,73.9,71.1,C,2.0
GRD000189,STU00045,C501,Introduction to Programming,Technology,Spring 2025,,73.1,C,2.0
GRD001613,S0365,C501,Introduction to Programming,Technology,,72.3,80.5,B,3.0
GRD000941,STU215,C302,Creative  Writing,English,Spring 2025,57.7,54.1,F,0.0
GRD000234,STU00053,C701,Physical Education,,Spring 2025,52.5,48.5,F,0.0
GRD001364,STU00309,C602,Music Theory,Arts,Fall 2024,63.8,68.4,D,1.0
GRD002675,STU00595,C402,Government & Civics,Social Studies,Fall 2025,75.4,77.0,C,2.0
GRD002997,STU00665,C502,Web Development,Technology,Fall 2023,77.3,,,3.0
GRD003027,STU00671,C701,Physical Education,PE,Fall 2023,77.1,67.7,D,1.0
GRD002674,STU00595,C501,Introduction to Programming,Technology,Fall 2025,82.4,72.6,C,2.0
GRD002705,STU-00602,C402,Government & Civics,Social Studies,Fall 2025,93.4,86.9,B,3.0
GRD003394,STU00755,C502,Web Development,Technology,Fall 2023,,86.7,B,3.0
GRD004154,STU00921,C501,Introduction to Programming,technology,Spring 2024,82.2,90.8,A,4.0
GRD003400,STU00757,C502,  web development,Technology,Spring 2025,61.5,63.8,D,1.0
GRD004430,STU00983,C602,Music Theory,Arts,Spring 2024,63.3,62.0,D,1.0
GRD003150,STU00699,C301,English Literature,English,Spring 2024,94.7,100,A,4.0
GRD003047,675,C801,Spanish I,Languages,Spring 2024,61.7,53.1,F,0.0
GRD002584,STU00575,C101,Algebra I,Math,,77.9,68.9,D,1.0
GRD002925,STU00650,C203,Physics,Science,Fall 2025,57.0,,F,0.0
GRD003233,STU00719,C701,Physical Education,PE,,83.8,89.6,B,3.0
GRD002576,STU00574,C402,Government & Civics,Social Studies,Spring 2024,50.2,,F,0.0
GRD004136,STU00918,C601,  Visual Arts,Arts,Fall 2024,66.9,57.5,F,0.0
GRD003963,STU877,C203,Physics,Science,Spring 2024,93.0,98.9,A,4.0
GRD004452,STU00987,C601,Visual Arts,Arts,Fall  2023,57.7,64.4,D,1.0
GRD002068,STU00465,C302,Creative Writing,ENGLISH,Spring 2024,66.7,63.5,D,1.0
GRD004113,STU00913,C203,Physics,Science,Fall 2024,87.9,81.6,B,3.0
GRD003921,STU00869,C601,Visual Arts,Arts,Fall 2025,79.5,75.1,C,2.0
GRD003568,STU00793,C502,Web Development,Technology,Fall 2024,55.1,63.5,D,1.0
GRD004296,STU00954,C301,English Literature,English,Fall 2023,93.4,95.6,A,4.0
GRD000005,STU00002,C701,Physical Education,PE,Fall 2025,59.9,57.0,F,0.0
GRD003413,STU00760,C301,English Literature,English,Spring 2025,85.2,94.4,A,4.0
GRD003074,S0682,C202,Chemistry,Science,Fall 2023,96.0,91.8,A,4.0
GRD002981,S0662,C402,Government & Civics,Social Studies,Spring 2025  ,68.8,75.0,C,2.0
GRD003524,STU00784,C801,Spanish I,Languages,Fall 2025,83.0,85.7,B,3.0
GRD002306,STU00514,C102,Geometry,,Fall 2025,72.1,70.7,C,2.0
GRD001439,STU00326,,Introduction to Programming,Technology,Fall 2023,66.7,71.1,C,2.0
GRD001762,STU00400,C502,Web Development,Technology,Fall 2023,98.9,100,A,4.0
GRD002766,STU00615,C802,French I,Languages,Fall 2023,66.7,75.3,C,2.0
GRD000449,STU00103,C501,Introduction to Programming,Technology,Fall 2024,56.2,50.8,F,0.0
GRD003717,STU00825,C402,Government & Civics,Social Studies,Fall 2025,91.1,85.2,B,3.0
GRD003647,STU00810,C301,English Literature,English,Fall 2023,86.2,87.1,  B,3.0
,STU00557,C602,Music Theory,Arts,Fall 2024,66.9,71.5,C,2.0
GRD001131,STU00254,C101,  Algebra I,Math,Fall 2023,51.3,58.1,F,0.0
GRD002543,STU00567,C201,Biology,Science,Spring 2025,82.6,73.6,C,2.0
GRD001981,STU00448,,Algebra II,Math,Fall 2025,84.4,80.2,B,3.0
GRD000508,STU00115,C103,Algebra II,Math,Fall 2025,52.4,62.3,D,1.0
GRD003662,stu00813,C601,Visual Arts,Arts,Fall 2023,99.5,100,A,4.0
GRD001666,stu00377,C401,World History,Social Studies,Fall 2024,95.0,91.5,A  ,4.0
GRD002744,STU00611,C103,Algebra II,Math,FALL 2024,86.5,78.3,C,2.0
GRD003906,STU00866,C502,Web Development,Technology,  Spring 2025,57.8,67.5,D,1.0
GRD002705,STU-00602,C402,Government & Civics,Social Studies,Fall 2025,93.4,86.9,B,3.0
GRD000484,STU00110,C101,,Math,Spring 2024,53.2,49.4,F,0.0
GRD003189,STU00708,C301,English Literature,English,Fall 2023,90.1,83.6,B,3.0
GRD003118,STU00691,C301,English Literature,English  ,Fall 2025,87.9,92.7,A,4.0
GRD003104,STU00689,C203,Physics,Science,Fall 2024,74.9,68.2,D,1.0
GRD001176,STU00263,C301,English Literature  ,English,Fall 2023,65.3,59.5,F,0.0
GRD002438,STU00543,C102,Geometry,Math,Spring 2025,75.4,73.1,C,2.0
GRD003179,STU00706,C801,,Languages,Fall 2023,99.3,100,A,4.0
GRD000237,STU00054,C701,Physical Education,PE,Fall 2023,88.9,88.5,B,3.0
GRD002422,STU00540,C201,Biology,Science,Spring 2025,79.2,77.7,C,2.0
GRD003897,STU00864,C501,Introduction to Programming,Technology,Fall 2024,86.5,95.9,A,4.0
GRD000704,STU00160,C102,Geometry,Math,Fall 2025,89.0,93.9,A,4.0
GRD000754,STU00172,C202,Chemistry,Science,Fall 2023,76.5,73.6,C,2.0
GRD003076,STU00682,C601,  Visual Arts,  Arts,Fall 2024,73.9,70.9,,2.0
GRD001700,STU385,C102,Geometry,  Math,Fall 2023,72.4,70.9,C,2.0
GRD002351,STU00523,C701,Physical Education,PE,Fall 2024,64.1,67.8,D,
GRD004115,STU00913,C302,Creative Writing,English,Fall 2025,58.9,55.9,F,0.0
GRD001135,STU00255,C701,Physical Education,PE,Fall 2025,97.4,87.5,B,3.0
GRD001340,STU303,C701,Physical Education,PE,Fall 2023,75.7,,B,3.0
GRD000345,STU00078,C802,French I,Languages,,50.3,56.1,F,0.0
GRD001155,stu00259,C301,English Literature,English,Spring 2025,81.9,78.4,C,2.0
GRD000935,STU00214,C401,World History,Social Studies,Spring 2025,94.3,95.5,A,4.0
GRD003376,STU00751,C602,Music Theory,Arts,SPRING 2025,93.9,94.9,A,4.0
GRD001544,STU00350,C602,Music Theory,,Spring 2024,72.8,69.9,D,1.0
GRD000041,STU00009,C501,Introduction to Programming,Technology,spring 2025,61.1,57.8,F,0.0
GRD004145,STU00919,C801,Spanish I,Languages,Spring 2024,51.9,50.6,F,0.0
GRD002614,STU00583,,Visual Arts,Arts  ,Fall 2024,62.3,58.6,F,0.0
GRD001931,stu00438,C101,Algebra I,Math,fall 2024,97.9,,A,4.0
GRD001100,S0248,C402,Government & Civics,  Social Studies,Fall 2023,75.7,84.2,B,3.0
GRD002168,stu00486,C301,English Literature,English,Spring 2025,74.5,68.1,D,1.0
GRD001532,STU00347,C302,Creative Writing,English,Fall 2024,76.8,76.5,C,2.0
GRD002234,STU00499,C102,Geometry,Math,Fall 2023,92.4,94.4,  A,4.0
GRD002654,STU00591,C701,Physical Education,PE,Fall 2024,78.7,70.7,C,2.0
GRD001098,STU00248,C302,Creative Writing,English,Spring 2025,78.8,85.3,B,3.0
GRD000875,STU00199,C501,Introduction to Programming,Technology,Fall 2025,89.7,92.2,A,4.0
GRD003636,STU00807,C203,Physics,Science,Fall 2024,80.4,84.5,B,3.0
GRD002209,STU00494,C701,Physical Education,PE,Spring 2024,99.7,95.1,A,4.0
GRD002736,STU00609,C301,English Literature,English,Fall 2023,91.8,90.8,A,4.0
GRD000198,STU00046,C801,Spanish I,Languages,Fall 2023,100.0,97.2,A,4.0
GRD002385,STU00531,C103,Algebra II,Math,Spring 2024,90.9,82.3,B,3.0
GRD003242,STU00721,C301,English Literature,English,Fall 2024,92.1,93.0,A,4.0
GRD002796,STU00622,C401,World History,Social Studies,Spring 2024,76.7,75.9,C,2.0
GRD001109,STU00250,C402,Government & Civics,,Fall 2025,95.3,99.3,A,4.0
GRD003826,STU00850,C501,Introduction to Programming,TECHNOLOGY,Spring 2025,84.7,92.5,A,4.0
GRD001195,STU00267,C202,Chemistry,Science,Fall 2025,69.4,59.5,,0.0
GRD001301,293,C402,Government & Civics,Social Studies,Fall 2024,69.2,63.2,D,1.0
GRD000360,STU00082,C202,Chemistry,Science,,79.3,76.8,C,2.0
GRD003275,STU00727,C501,Introduction to Programming,Technology,Fall 2024,56.0,55.2,F,0.0
GRD002553,STU00569,C102,Geometry,  Math,Fall 2023,58.6,60.7,  D,1.0
GRD002554,569,,World History  ,Social Studies,Spring 2024,79.8,74.2,C,2.0
GRD003197,STU00710,C701,Physical Education,PE,Fall 2023,50.8,53.2,F,0.0
,STU00288,C101,Algebra I,Math,Fall 2023,80.8,74.4,C,2.0
GRD003782,STU00839,C801,Spanish I,Languages,Fall 2023,64.1,65.3,,1.0
,STU00734,C402,Government & Civics,Social Studies,Fall 2023,66.2,59.7,F,0.0
GRD000801,STU00182,,Music  Theory,,Spring 2024,89.4,89.5,B,3.0
GRD002421,STU00540,C103,Algebra II,Math,Spring 2024,90.7,100,A,4.0
GRD001943,STU00440,C601,Visual Arts,Arts,Spring 2024,78.0,87.9,B,3.0
GRD001793,406,C203,Physics,Science,Spring 2024,78.3,68.9,D,1.0
GRD002800,STU00622,C701,Physical Education,,Fall 2024,72.6,70.9,C,2.0
GRD002155,STU00483,C301,English Literature,English,SPRING 2025,69.0,76.3,C,2.0
GRD002783,STU00619,C802,FRENCH I,Languages,Fall 2024,60.8,66.7,D,1.0
GRD001437,STU00326,C602,Music Theory,,Fall 2024,73.5,64.3,D,1.0
GRD002847,STU00633,C602,,Arts,Fall 2023,56.4,60.1,D,1.0
GRD002040,STU00460,C701,Physical Education,PE,Fall 2024,90.7,91.4,a,4.0
GRD004025,STU00891,C601,Visual Arts,Arts,Spring 2025,94.4,92.3,a,4.0
GRD000388,STU00088,C502,Web Development,Technology,Fall 2025  ,61.7,56.8,F  ,0.0
GRD002386,STU00531,C602,Music Theory,Arts,Spring 2025,70.3,61.1,D,1.0
GRD002129,STU00478,C302,Creative Writing,English,Spring 2024,99.5,100,A,4.0
GRD002158,STU00484,C102,Geometry,MATH,Spring 2025,94.0,92.1,A,4.0
GRD001292,STU00292,C201,Biology,Science,fall 2023,59.6,67.2,D,1.0
GRD000999,stu00227,C802,,Languages,Fall 2024,99.4,100,A,4.0
GRD001819,STU00411,C102,Geometry  ,Math,fall 2023,54.1,64.1,D,1.0
GRD000517,STU00116,C401,World History,Social Studies,Fall 2025,88.4,97.0,A,4.0
GRD002694,STU00600,C103,Algebra II,Math,Fall 2025,68.8,67.8,D,1.0
GRD004427,STU00983,C102,Geometry,Math,Fall 2024,91.5,86.7,B,3.0
GRD001804,S0408,C401,World History,Social Studies,Spring 2024,81.4,74.2,C,2.0
GRD000100,STU00024,C201,Biology,Science,Fall 2025,87.7,92.2,A,4.0
GRD003039,STU00673,C502,Web Development,Technology,Fall 2025,78.0,86.6,B,
GRD002859,S0635,C701,Physical Education,PE,Fall 2024,82.0,,C,2.0
GRD002371,STU00528,C602,Music Theory,,Fall 2024,73.4,81.2,B,3.0
GRD003691,stu00819,C101,Algebra I,Math,Fall  2024,89.1,91.2,A,4.0
GRD004428,STU00983,,Web Development,Technology,Fall 2025,80.3,71.9,C,2.0
GRD000205,STU00048,C701,Physical Education,PE,Fall 2023,87.3,,B,3.0
GRD001676,S0380,C201,Biology,Science,Spring 2025,91.2,92.9,,4.0
GRD002443,STU00545,C402,Government & Civics,Social  Studies,Fall 2023,79.0,82.3,B,3.0
GRD000200,STU00047,C202,Chemistry,Science,Fall 2023,62.8,70.6,C,2.0
GRD001471,stu00333,C102,Geometry,Math,Spring 2025,91.4,89.3,B,3.0
GRD002406,STU00536,C301,English Literature,English,,58.7,61.0,D,1.0
GRD002204,STU00493,C202,Chemistry,Science,Spring 2025,61.3,61.8,D,1.0
GRD000610,STU00138,C502,Web Development,Technology,Fall 2025,75.7,78.4,C,
GRD000085,STU00021,C801,Spanish I,LANGUAGES,Spring  2025,91.0,94.7,A,
GRD001850,stu00419,C102,Geometry,Math,Fall 2024,74.4,70.0,C,2.0
GRD004207,S0933,C302,Creative Writing,English,Fall 2024,82.0,89.4,B,3.0
GRD002476,STU00552,C301,English Literature,English,Fall 2025,88.0,79.5,C,2.0
GRD000568,STU00128,C302,,English,Fall 2023,99.7,95.2,A,4.0
GRD000453,STU00103,C103,Algebra II,Math,Spring 2024,58.2,49.1,F,0.0
GRD003484,STU00775,C401,World History,Social Studies,Fall 2025,90.2,90.9,A,4.0
GRD004172,STU00926,C301,English Literature,English,Fall 2025,70.8,62.1,D,1.0
GRD002198,STU00492,C801,Spanish I,Languages,Spring 2024,79.5,84.8,B,3.0
GRD003478,773,C701,Physical Education,PE,  Fall 2024,97.5,88.7,B,3.0
GRD000901,STU00205,C302,Creative Writing,English,Spring 2024,93.6,100,A,4.0
GRD001034,STU00234,C601,visual arts,Arts,Spring 2024,89.8,96.2,A,4.0
GRD002936,STU00653,C203,Physics,Science,Fall 2024,63.9,56.1,F,0.0
GRD001999,STU00451,C203,Physics,Science,Fall 2023,91.5,97.5,A,4.0
GRD003067,STU00680,C302,Creative Writing,English,Spring 2025,77.4,69.0,D,1.0
GRD003848,STU00854,C202,Chemistry,Science,Fall 2024,90.5,95.9,A,4.0
GRD000592,STU00133,C301,English Literature,English,Fall 2023,66.3,66.7,D,1.0
GRD004372,STU00971,C801,Spanish I,Languages,Fall 2024,70.1,78.8,C,2.0
GRD003185,STU00707,C402,Government & Civics,Social Studies,Spring 2024,52.0,50.5,F,0.0
GRD001306,STU00295,C701,Physical Education,PE,Spring 2024,69.3,78.0,C,2.0
GRD001703,STU00386,C301,English Literature,English,Spring 2024,97.8,89.4,B,
GRD004099,STU00909,C103,Algebra II,Math,Fall 2023  ,84.6,89.3,b,3.0
GRD000965,STU00220,C402,Government  &  Civics,Social Studies,Fall 2024,93.1,100,A,4.0
GRD003851,STU00854,C402,government & civics,Social Studies,Fall 2024,70.8,77.5,C,2.0
GRD003030,STU00672,C801,spanish i,Languages,Fall 2023,50.0,57.6,F,0.0
GRD004475,STU00993,C601,Visual Arts,Arts,Spring 2025,89.7,97.6,A,4.0
GRD001685,STU00382,C701,Physical Education,PE,  Fall 2023,55.7,58.1,F,0.0
GRD000460,STU00105,C202,Chemistry,Science,Spring 2024,54.0,62.0,D,1.0
GRD000527,STU00119,C301,English Literature,English,Fall 2024,50.2,44.0,F,0.0
GRD000461,STU00105,C701,Physical Education,PE,Fall 2025,58.0,66.6,D,1.0
GRD002032,STU00458,C402,Government & Civics,Social Studies,Fall 2025,89.5,99.3,A,4.0
GRD000048,STU00011,C701,Physical Education,PE,Fall 2025,57.3,52.8,F,0.0
GRD003575,STU00794,C101,Algebra I,Math,Fall 2024,74.8,67.6,D,1.0
GRD003112,STU00690,C601,Visual Arts,Arts,Spring 2025,58.3,57.7,F,0.0
GRD004298,STU00954,C501,Introduction to Programming,Technology,Fall 2023,62.6,61.7,D,1.0
,STU00569,C602,Music Theory,Arts,Fall 2024,83.9,85.2,B,3.0
GRD002116,STU00475,C401,World History,SOCIAL STUDIES,Spring 2024,78.7,81.5,B,3.0
GRD001527,STU00347,C401,World History,Social Studies,,56.4,50.2,F,
GRD000612,STU00138,C602,Music Theory,Arts,Spring 2024,90.0,91.2,A,4.0
GRD003872,STU00859,C301,English Literature,English,Spring 2025,65.1,63.6,,1.0
GRD002246,502,C301,English Literature,English,Spring 2024,78.3,82.8,B,3.0
GRD003671,815,C501,Introduction to Programming,Technology,Spring 2025,95.5,100,A,4.0
GRD002132,STU00478,C801,Spanish I,Languages,Spring 2025,90.3,86.2,B,3.0
GRD000002,STU00001,C602,Music Theory,Arts,Fall 2024,50.4,49.3,F,0.0
GRD003520,STU00783,C701,Physical Education,PE,Fall 2023,88.9,96.4,A,4.0
GRD001027,STU00233,,web development,Technology,Spring 2024,76.8,74.4,C,2.0
GRD000768,STU00175,C103,Algebra II,Math,,,97.8,A,4.0
GRD000203,STU00047,C302,Creative Writing,English,Spring 2024,59.2,61.7,D,1.0
GRD003986,STU00883,C402,Government & Civics,Social Studies,Spring 2025,66.8,60.4,D,1.0
GRD004262,945,C402,Government & Civics,Social Studies,Fall 2025,79.5,72.0,C,2.0
GRD003038,STU00673,C202,Chemistry,Science,Fall 2023,94.3,99.1,A,4.0
GRD003018,STU00669,C501,Introduction to Programming,Technology,Fall 2025,82.8,79.6,C,2.0
GRD003462,STU00769,C103,Algebra II,Math,Fall 2023,65.3,69.6,d,1.0
GRD004037,STU00894,C402,Government & Civics,Social Studies,Fall 2025,77.9,75.1,C,2.0
GRD003638,STU-00807,C601,Visual Arts,Arts,Spring 2025,55.6,,F,0.0
GRD002856,STU00635,C301,English Literature,English,Fall 2023,80.2,,B,3.0
GRD003040,STU00674,C301,English  Literature,English,Spring 2025,94.9,,A,4.0
GRD000129,31,C401,World History,Social Studies,Fall 2025,84.4,77.5,C,2.0
GRD003451,STU00767,C401,World History,Social Studies,Spring 2024,74.7,82.6,B,3.0
GRD001537,STU00348,C502,Web Development,,Fall 2024,80.6,78.7,C,2.0
GRD002412,STU00538,C401,World History,Social Studies,Fall 2024,58.7,58.2,F,0.0
GRD002120,STU00476,C103,Algebra  II,math,Fall 2025,87.8,83.4,B,3.0
GRD000422,STU00096,C103,Algebra II,Math,Fall 2023,55.9,63.2,D,1.0
GRD002990,STU00663,C302,Creative Writing,English,Fall 2023,70.4,78.0,C,2.0
GRD000524,STU00118,C102,Geometry,Math,Fall 2023,83.6,82.9,B,3.0
GRD001032,STU00234,C801,Spanish I,Languages,Fall 2025,96.4,99.9,A,4.0
GRD000042,STU00010,C501,Introduction to Programming,Technology,,83.3,80.2,B,3.0
GRD002671,STU00594,C102,Geometry,Math,Spring 2024,73.3,78.4,C,2.0
GRD001638,STU00371,C701,Physical Education,PE,Fall 2023,89.1,98.5,A,4.0
GRD001941,STU00440,C202,Chemistry,Science,Fall 2024,51.0,51.7,F,0.0
,STU00930,C402,Government & Civics,Social Studies,Fall 2025,53.6,57.6,F,0.0
GRD004216,STU00936,C701,,PE,Fall 2023,92.0,,B,3.0
,STU00245,C501,Introduction to Programming,Technology,Fall 2023,89.0,89.0,B,3.0
GRD002083,STU00468,C302,Creative Writing,English,Fall 2023,,54.7,F,0.0
GRD002514,STU00560,C301,English Literature,English,Fall 2024,65.9,73.4,C,2.0
GRD004230,STU00938,C602,Music Theory,Arts,Fall 2025,98.6,,A,4.0
GRD002818,STU00626,C502,Web Development,Technology,Fall 2023,79.2,84.4,B,3.0
GRD003246,STU00722,C701,Physical Education,PE,Fall 2024,90.3,100.0,A,4.0
GRD001561,STU00354,C203,Physics,Science,Fall 2023,87.6,86.2,B,3.0
GRD000727,STU166,C301,English Literature,English,Spring 2024,87.4,82.1,B,3.0
GRD002723,STU00607,C202,Chemistry,Science,Spring 2025,64.1,62.6,D,1.0
GRD003015,STU00669,C701,Physical Education,PE,Fall 2025,52.3,43.8,F,
GRD001993,STU00450,C103,Algebra II,Math,Fall 2024,84.4,77.5,c,2.0
GRD000474,STU00108,C502,Web Development,Technology,fall 2023,67.0,63.5,D,1.0
GRD003859,STU00856,C202,Chemistry,Science,Fall 2024,71.8,75.8,C,2.0
GRD001629,STU00369,C302,Creative Writing,,Fall 2023,72.2,70.8,C,2.0
GRD003696,STU00820,C301,English Literature,English,Fall 2023,63.9,58.3,F,0.0
GRD002184,STU00490,C501,Introduction to Programming,Technology,Spring 2024,50.1,54.0,F,0.0
GRD001576,STU00356,C801,Spanish I,LANGUAGES,Spring 2024,78.6,75.5,C,2.0
GRD004249,STU00942,C401,World History,Social Studies,Fall 2025,85.3,80.6,B,3.0
GRD001014,STU00230,C103,Algebra II,Math,Spring 2025,75.4,66.0,D,1.0
GRD003764,STU00835,C401,World History,Social Studies,Spring 2024,63.8,54.6,F,0.0
GRD003830,STU00850,C401,World History,Social Studies,Fall 2025,97.1,100,A,4.0
GRD000614,STU00138,C102,Geometry,Math,Fall 2023,91.6,98.8,A,4.0
GRD002828,STU00628,C701,Physical Education,PE,Spring 2024,72.3,67.3,D,1.0
GRD003386,STU00754,C502,Web Development,Technology,Fall 2025,52.6,59.7,F,0.0
GRD000493,STU00112,C302,Creative Writing,English,Spring 2024,74.7,65.2,D,1.0
GRD003049,STU00675,C103,Algebra II,Math,Spring 2024,97.1,90.3,A,4.0
GRD001448,STU00328,C301,English Literature,English,Fall 2023,77.0,74.9,C,2.0
GRD000471,stu00107,C602,Music Theory,Arts,,99.2,91.1,A,4.0
GRD000708,STU00161,C701,Physical Education,PE,Fall 2023,70.7,69.2,D,1.0
GRD002757,STU613,C701,Physical Education,PE,Fall 2023,99.7,91.7,A,
GRD004013,STU889,C802,French I,Languages,Fall 2023,55.0,46.9,F,0.0
GRD001278,STU00288,C601,Visual Arts,Arts,Fall 2024,94.5,87.5,B,3.0
GRD001388,STU00315,C203,Physics  ,Science,,59.8,58.8,F,0.0
GRD002962,STU00658,C802,French I,Languages,Fall 2025,54.2,48.0,F,0.0
GRD000006,STU00002,C101,Algebra I,Math,Fall 2023,,73.8,C,2.0
GRD002254,STU00504,C802,French I,Languages,Fall 2023,73.9,68.0,D,
GRD002015,STU00454,C701,Physical Education,PE,Fall 2024,80.4,73.7,C,2.0
GRD002903,STU01094,C501,Introduction to Programming,,Spring 2025,68.0,70.8,C,2.0
GRD004060,STU00900,C502,Web Development,Technology,FALL 2024,68.1,69.8,D,1.0
GRD003688,STU00818,C701,Physical Education,PE,Fall 2025,60.6,64.6,D,
GRD000975,STU00222,C602,Music Theory,Arts,Fall 2024,75.6,,C,2.0
GRD000877,STU00199,C601,Visual Arts,Arts,Fall 2024,85.9,76.2,C,2.0
GRD001067,STU00241,C502,  Web Development,Technology,FALL 2025,81.6,82.4,B,3.0
GRD004030,STU00892,C701,Physical Education,PE,Fall 2024,91.0,92.5,A,4.0
GRD002001,STU00451,C102,Geometry,Math,Spring 2024,86.8,,A,4.0
GRD001784,STU00404,C301,English Literature,English,Fall 2023,86.3,81.9,B,3.0
GRD001030,STU00233,C601,Visual Arts,Arts,Spring 2024,91.7,94.6,A,4.0
GRD000627,STU01412,C103,Algebra II,Math,Fall 2023,83.1,92.7,A,4.0
GRD000567,STU00128,C701,Physical Education,PE,Spring 2024,76.6,80.5,B,3.0
GRD002773,STU617,C701,Physical Education,PE,Spring 2024,60.5,60.9,D,1.0
GRD002556,STU00570,C302,Creative Writing,English,Fall 2025,86.5,79.0,C,2.0
GRD001313,STU00297,C701,Physical Education,PE,Spring 2024,56.4,56.7,F,0.0
,STU00660,C601,Visual Arts,Arts,Fall 2023,67.2,77.1,C,2.0
GRD002896,STU00644,C801,Spanish I,Languages,Spring 2025,68.6,76.4,C,2.0
GRD004460,STU989,C701,Physical Education,PE,Fall 2024,52.3,60.8,D,1.0
GRD000483,STU00110,C501,Introduction to Programming,Technology,Fall 2024,78.1,80.3,B,3.0
GRD000036,STU00008,C802,French I,Languages,Fall 2023,88.7,96.5,A,4.0
GRD003501,STU00778,C602,Music Theory,Arts,Fall 2023,72.5,77.0,C,2.0
GRD003174,STU-00705,,French I,Languages,Fall 2025,96.6,90.2,A,4.0
GRD001587,STU00360,C502,Web Development,Technology,fall 2024,70.7,72.0,C,2.0
GRD001696,STU00384,C701,Physical Education,PE,Fall 2025,64.8,64.7,D,1.0
GRD001008,STU00229,C102,Geometry,MATH,Fall 2024,79.2,87.3,B,3.0
GRD002281,STU00509,C501,Introduction to Programming,Technology,Fall 2023,79.5,74.9,C,2.0
GRD000749,STU01319,C301,English Literature,English,Fall 2025,56.9,56.1,F,0.0
GRD003965,STU00877,C301,English Literature,English,Fall 2023,88.2,83.7,B,3.0
GRD004039,STU00894,C601,Visual Arts,Arts,Fall 2025,87.4,87.3,B,3.0
GRD001063,STU00240,C102,Geometry,Math,Fall 2025,55.8,,D,1.0
GRD004458,STU00989,C402,Government & Civics,Social Studies  ,Fall 2024,,58.5,F  ,0.0
GRD003673,STU00815,C201,Biology,Science,Spring 2024,75.9,69.4,D,1.0
GRD000055,STU00013,C302,Creative Writing,English,Fall 2024,59.1,61.5,D,1.0
GRD001695,STU00384,C601,  Visual Arts,Arts,Spring 2025,87.7,82.9,B,3.0
GRD003659,STU00813,C402,Government & Civics,Social Studies,Fall 2024,79.9,88.7,B,3.0
GRD002850,STU00633,C502,Web Development,Technology,Fall 2024,78.7,80.3,b,3.0
GRD003206,STU00712,C103,algebra ii,Math,Fall 2024,80.0,82.0,B,3.0
GRD003574,STU00794,C501,Introduction to Programming,Technology,Spring 2024,93.2,,A,4.0
GRD004470,STU00991,C501,Introduction to Programming,Technology,Spring 2025,66.1,56.2,F,0.0
GRD000151,STU00037,C302,Creative Writing,English,Spring 2025,86.2,78.4,C,2.0
GRD003708,STU00823,C701,Physical Education,PE,Fall 2025  ,69.4,62.5,D,1.0
GRD002912,STU00647,C501,Introduction to Programming,Technology,Fall 2024,50.4,44.5,f,0.0
GRD001134,STU00255,C203,Physics,Science,  Fall 2024,83.1,85.6,B,3.0
GRD000063,STU00015,C701,Physical Education,PE,Fall 2024,99.4,95.7,A,4.0
GRD003470,STU00772,C401,World History,Social Studies,Fall 2024,81.2,77.0,C,2.0
GRD000515,STU00116,C802,French I,Languages,Fall 2024,50.3,49.9,F,0.0
GRD000686,STU00155,C701,Physical Education,PE,Spring  2025,59.6,59.7,F,0.0
GRD004138,STU00918,C801,Spanish I,Languages  ,Spring 2025,53.7,57.9,F,0.0
GRD003521,STU00783,C402,Government & Civics,Social Studies,Fall 2023,87.4,81.0,B,3.0
GRD003560,STU00791,C301,English Literature,English,Fall 2023,83.9,85.2,B,3.0
GRD003782,STU01472,C801,Spanish I,Languages,Fall 2023,64.1,65.3,,1.0
GRD000598,STU00135,C602,Music Theory,Arts,Fall 2025,54.2,63.9,D,1.0
GRD002717,STU00605,C102,Geometry,Math,Fall 2025,78.9,84.4,B,3.0
GRD002633,STU00587,C502,Web Development,Technology,Spring 2024,55.7,47.1,F,0.0
GRD000987,STU00224,C502,Web Development,Technology,Fall 2024,88.7,93.9,A,4.0
GRD000908,STU00207,C401,World History,Social Studies,Spring 2024,91.4,100,A,4.0
GRD004484,STU00995,C701,Physical Education,PE,Fall 2025,94.6,100,A,4.0
GRD001194,STU00267,C801,Spanish I,Languages,Fall 2025,89.0,89.1,B,3.0
GRD000971,STU00221,C202,Chemistry,Science,Spring 2024,98.2,100,A,4.0
GRD001057,STU00239,C801,Spanish I  ,Languages,  Spring 2024,98.9,100,A,4.0
GRD001753,STU00398,C101,Algebra I,Math,Spring 2024,56.2,58.8,F,0.0
GRD001243,STU00280,C601,Visual Arts,arts,Spring 2025,84.7,89.4,B  ,3.0
GRD000399,STU01323,C301,English Literature,English,Fall 2025,95.6,89.1,B,3.0
GRD000026,STU00006,C302,Creative Writing,English,Fall 2025,50.9,51.3,F,0.0
GRD003513,STU00781,C502,Web Development,Technology,Fall 2023,61.6,61.8,D,1.0
GRD003853,S0854,C801,Spanish I,Languages,Fall 2025,85.6,75.6,C,2.0
GRD002786,STU00620,C701,Physical Education,PE,Fall 2023,54.7,61.0,  D,1.0
GRD002271,STU507,C301,English Literature,English,Fall 2024,96.7,100,A,4.0
GRD000982,STU00223,C401,World History  ,Social Studies,FALL 2025,61.2,62.4,D,1.0
GRD001418,STU00322,C501,Introduction to Programming,Technology  ,Spring 2024,93.6,86.2,B,3.0
GRD002496,STU00556,C501,Introduction to Programming,Technology,Fall 2025,68.3,58.7,F,0.0
GRD000365,STU00083,C101,Algebra I,Math,Fall 2023,65.6,70.8,C,2.0
GRD000996,STU00226,C203,Physics,Science,Spring 2024,80.0,83.8,B,3.0
GRD001288,STU00291,C201,Biology,Science,FALL 2025,66.1,69.3,D,1.0
GRD002895,STU00644,C501,Introduction to Programming,Technology,Spring 2024,98.7,99.9,A,4.0
GRD000907,STU00207,C203,Physics,Science,Fall 2023,77.2,67.3,D,1.0
,STU00113,C402,Government & Civics,Social Studies,Fall 2024,86.7,79.8,C,2.0
GRD001653,STU00374,C302,Creative Writing,English,Fall 2025,,76.3,  C,2.0
GRD004471,STU00992,C302,Creative Writing,English,Fall 2023,88.4,93.2,A,4.0
GRD002830,STU00629,C103,Algebra II,Math,Fall 2025,88.9,84.8,B,3.0
GRD003715,STU-00825,C701,Physical Education,pe,Fall 2023,88.3,82.8,B,3.0
GRD003351,STU00744,C601,Visual Arts,Arts,Fall 2024,67.7,59.7,F,0.0
GRD002998,STU00665,C601,Visual Arts,ARTS,Spring 2024,95.3,94.0,A,4.0
GRD001838,STU00416,C701,Physical Education,,Fall 2024,,57.7,F,0.0
GRD003463,STU00770,C102,Geometry,Math,Fall 2023,72.3,72.2,C,2.0
GRD002164,STU00485,C101,algebra i,Math,Fall 2024,91.1,81.4,B,3.0
GRD001985,STU00448,C501,Introduction to Programming,Technology,Fall 2025,59.5,65.6,  D,1.0
GRD001392,STU00316,C302,Creative Writing,English,Spring 2024,63.1,72.5,C,2.0
GRD003982,STU00881,C501,Introduction to Programming,Technology,Spring 2025,74.4,65.6,,1.0
GRD003368,STU00749,C601,Visual Arts,Arts,Spring 2024,64.9,73.3,C,2.0
GRD002277,STU00508,C401,World History,Social Studies,Fall 2023,75.3,82.1,B,3.0
GRD003361,STU00746,C401,World History,Social Studies,Spring 2025,76.5,72.0,C,2.0
GRD000184,STU00044,C701,Physical Education,PE,Fall 2025,94.7,100,A,4.0
GRD004167,STU00925,C302,Creative Writing,English,Spring 2025,62.6,59.7,F,0.0
GRD004424,STU00982,,Introduction to Programming,Technology,Fall 2023,90.5,92.7,A,4.0
GRD002143,STU00480,C301,English Literature,English,Spring 2024,98.6,99.2,A,4.0
GRD002702,stu00602,,Physics,Science,Fall 2025,69.0,76.4,C,2.0
GRD001958,STU00444,C301,English Literature,English,Fall 2023,66.4,61.0,D,1.0
GRD003500,STU00778,C201,Biology,Science,Fall 2023,62.1,53.0,F,0.0
GRD000206,STU00048,C203,Physics,Science,Fall 2023,61.7,66.1,D,1.0
GRD004220,STU00936,C601,Visual Arts,Arts,Fall 2023,69.6,65.9,D,1.0
GRD001933,STU00438,C301,English Literature,English,Fall  2025,69.5,70.0,c,2.0
GRD004392,STU00975,C302,Creative Writing,English,Spring 2025,50.4,41.9,F,0.0
GRD001162,STU00261,C502,Web Development,Technology,Fall 2024,70.0,66.6,D  ,1.0
GRD002012,STU00453,C501,Introduction to Programming  ,Technology,  Spring 2025,87.9,82.4,B,3.0
,STU00945,C202,Chemistry,Science,Fall 2024,52.5,50.1,F,0.0
GRD001572,STU00356,C202,Chemistry,Science,Fall 2023,67.0,57.1,F,0.0
GRD003025,STU00670,C601,Visual Arts,Arts,Spring 2024,96.2,98.0,A,4.0
GRD000671,STU00152,C401,World History,Social Studies,Fall 2023,51.8,44.3,F,
GRD001582,STU00358,C701,Physical Education,PE,Spring 2024,72.1,68.4,D,1.0
GRD003563,STU01117,C802,French I,LANGUAGES,Fall 2024,64.7,60.2,D,1.0
GRD000383,STU00087,C701,Physical Education,PE,FALL 2023,95.1,100,A,4.0
GRD002992,STU00664,C301,English Literature,English,Fall 2024,62.4,65.7,D,1.0
GRD001329,STU00300,C802,French I,Languages  ,Fall 2023,62.1,68.5,D,1.0
GRD003804,STU00845,C502,Web Development,Technology,Fall 2024,76.4,80.4,,3.0
GRD002686,STU00598,C302,Creative Writing,English,,92.5,89.0,B,3.0
GRD003269,STU00726,C801,Spanish I,Languages,Spring 2024,,95.2,,4.0
GRD001405,STU00319,C801,Spanish I,Languages,Fall 2024,99.2,100,A,4.0
GRD004507,STU-01000,C501,Introduction to Programming,Technology,Fall 2023,75.4,79.7,C,2.0
GRD001164,STU00261,C701,Physical Education  ,PE,Spring 2025,89.2,80.5,B,3.0
,STU00299,C202,Chemistry,Science,Fall 2024,72.7,68.5,D,1.0
GRD000891,STU00203,C402,Government & Civics,Social Studies,Fall 2025,84.6,86.7,B,3.0
GRD004280,STU00950,C802,French I,Languages,Spring 2024,78.3,,B,3.0
GRD001989,STU00449,C501,Introduction to Programming,Technology,Fall 2025,54.7,61.6,D,1.0
GRD001704,STU00386,C502,Web Development,Technology,Spring 2024,64.9,73.0,C,2.0
GRD000089,STU00022,C203,,Science,Spring 2025,78.2,71.2,C,2.0
GRD000396,STU00090,,Physics,Science,Spring 2025  ,78.6,87.3,B,3.0
GRD001415,STU00321,C802,French I,Languages,fall 2025,50.3,44.6,f,0.0
GRD000216,STU00050,C203,Physics,Science,Fall 2025,,92.6,A,4.0
GRD004061,STU00900,C802,french i,Languages,Fall 2023,76.9,75.4,C,2.0
GRD000432,STU00098,C701,Physical Education,PE,Spring 2025,99.9,100,A,4.0
GRD001862,STU00422,C301,English Literature,English  ,Fall 2025,62.0,63.9,D,1.0
GRD001236,STU00278,C102,Geometry,Math,Spring 2025,54.5,54.8,F,0.0
GRD001953,STU442,C701,Physical Education  ,PE,Spring 2025,58.4,60.1,D,1.0
GRD003331,STU00740,,Chemistry,Science,Fall 2024,53.9,54.5,,0.0
GRD002588,STU00576,C102,Geometry,Math,Fall 2023,63.3,63.0,D,1.0
GRD001251,STU00282,C402,Government & Civics,Social Studies,Fall 2024,91.0,86.4,B,3.0
GRD000769,STU00175,C401,World History,Social Studies,Spring 2025,60.3,67.5,D,1.0
GRD000663,STU00151,C802,French I,Languages,Spring 2025,89.0,95.0,A,4.0
GRD004010,STU00888,C801,Spanish I,Languages,Fall 2025,98.2,100,A,4.0
,STU00036,C302,Creative Writing,English,Spring 2024,85.6,87.1,B,3.0
GRD001566,STU00355,C602,Music Theory,Arts,Fall 2025,78.0,87.0,B,3.0
GRD003975,STU00880,C601,Visual Arts,Arts,,75.2,69.0,D,1.0
GRD002239,STU00500,C201,Biology,Science,Spring  2024,89.5,96.5,,4.0
GRD004250,STU00942,,Web Development,Technology,Fall 2025,67.4,69.6,D,1.0
GRD003403,STU00758,C701,Physical Education,PE,,61.6,61.3,D,1.0
GRD001372,STU-00311,C602,Music Theory,Arts,Fall 2023,93.3,91.9,A,4.0
GRD001431,STU00325,C201,Biology,Science,Spring 2024,63.5,64.5,D,1.0
GRD000849,STU00193,C502,Web Development,Technology,Spring 2024,77.6,74.1,C,2.0
GRD002548,STU00568,C201,Biology,Science,Spring 2025,92.9,91.0,A,4.0
GRD004201,STU00932,C102,,Math,Fall 2024,82.5,80.6,B,3.0
GRD001420,STU00322,C801,Spanish I,Languages,  Spring 2025,64.4,65.4,D,1.0
GRD002483,STU00553,C302,Creative Writing,English,Spring 2024,54.0,57.1,F,0.0
GRD003147,STU00699,C401,World History,Social Studies,,59.3,65.4,D,1.0
GRD003558,STU00791,C601,Visual Arts,Arts,SPRING 2025,62.9,66.1,D,1.0
GRD001501,STU00341,C401,WORLD HISTORY,Social Studies,  Fall 2023,59.3,53.1,F,0.0
GRD001549,STU00351,C102,Geometry,Math,Fall 2023,71.8,,C,2.0
GRD002469,STU00550,C601,,Arts,Fall 2025,86.6,92.5,A,4.0
GRD001925,STU00437,C101,Algebra I,Math,Spring 2025,85.8,81.4,b,3.0
GRD004360,STU00969,C801,Spanish I,Languages,Fall  2023,69.8,68.2,D,1.0
GRD000572,STU00129,C402,Government & Civics,Social Studies,Fall 2024,65.7,59.9,F,0.0
GRD003409,STU00759,C502,Web Development,Technology,Spring 2025,57.5,56.6,F,0.0
GRD004119,STU00914,C502,Web Development,Technology,Fall 2023,65.0,59.9,F,0.0
GRD002648,STU00590,C102,Geometry,Math,Spring 2025,69.2,76.6,,2.0
GRD003383,STU00753,C203,Physics,Science,Spring 2025,51.6,57.7,F,0.0
GRD001928,STU00438,C601,,Arts,Spring 2024,95.5,91.7,A,4.0
GRD004055,STU00898,C801,Spanish I,Languages,Fall 2024,64.8,56.0,F,0.0
GRD002731,STU00608,C601,Visual Arts,Arts,,80.5,80.5,B,3.0
GRD000845,STU00192,C701,Physical Education,PE,Fall 2025,95.3,89.4,B,3.0
GRD001891,STU00429,C301,English Literature,English,Fall 2025,97.7,100,A,4.0
GRD000329,STU00074,C101,Algebra I,Math,Fall 2024,98.3,100,A,4.0
GRD000120,STU00029,C602,Music Theory,Arts,Fall 2023,82.5,,C,2.0
GRD001037,STU00235,C102,Geometry,Math,Fall 2023,97.0,100,A,4.0
GRD001429,STU00324,C801,Spanish I  ,Languages,Fall 2025,97.3,95.3,A,4.0
GRD003298,STU00733,C502,Web Development,Technology,Fall 2023,73.0,68.7,D,1.0
GRD001764,STU00400,,Physical Education,PE,Fall 2025,87.1,85.6,B,3.0
GRD001465,STU00331,C101,Algebra I,Math,Fall 2024,95.0,86.3,B,3.0
GRD001259,STU00284,C201,Biology,Science,Fall 2023,79.0,75.6,C,2.0
GRD001791,STU00405,C402,Government & Civics,Social Studies,Fall 2024,80.4,85.2,B,3.0
GRD003711,STU00823,C101,Algebra I,Math,Spring 2024  ,67.6,58.4,  F,
GRD002223,STU00497,C201,Biology,Science,Fall 2024,68.2,73.3,C,2.0
GRD001607,STU00364,C701,Physical Education,PE,Spring 2024,51.3,50.8,F,0.0
GRD002433,STU00543,C802,French I,Languages,Fall 2025,50.5,54.1,F,0.0
GRD004433,STU00984,C601,Visual Arts,Arts,,51.3,55.1,F,0.0
GRD001506,STU00342,C201,Biology,Science,Spring 2025,88.8,86.1,B,3.0
GRD002109,STU00473,C301,English Literature  ,,Spring  2024,51.5,57.6,F,0.0
GRD003651,STU00811,C401,World History,Social Studies,Fall 2023,50.3,54.8,F,
GRD001042,STU00236,C103,Algebra II,Math,Spring 2025,73.6,75.2,C,2.0
GRD003946,STU00874,C203,Physics,Science,Fall 2025,97.5,92.4,A,4.0
GRD002861,STU00636,C602,Music Theory,Arts,Fall 2024,75.5,76.3,C,2.0
GRD001812,STU00409,C802,FRENCH I,Languages,Fall 2025,,58.6,F,0.0
GRD002822,STU00627,C802,French I,Languages,Fall 2025,71.8,77.9,C,2.0
GRD001739,STU00394,C502,Web Development,Technology,Fall 2025,77.2,79.3,C,2.0
GRD000590,STU00133,C401,World History,Social Studies,Fall 2025,73.7,73.0,C,2.0
GRD000645,STU00146,C301,ENGLISH LITERATURE,English,,53.4,56.2,F,0.0
GRD000960,STU00219,C301,English Literature,English,Spring 2024,53.2,44.5,F,0.0
GRD003718,STU00826,C203,Physics,Science,Fall 2023,95.0,92.6,A,4.0
,STU00437,C302,Creative Writing,English,Fall 2024,97.5,95.3,A,4.0
GRD002672,STU00594,C401,World History,Social Studies,,67.3,63.7,D,1.0
GRD002985,STU00662,C103,Algebra II,Math,Fall 2024,98.6,92.6,A,4.0
GRD001947,STU00441,C601,VISUAL ARTS,Arts,Spring 2024,79.5,70.3,C,2.0
GRD003728,STU828,C101,Algebra I,Math,Spring 2025,54.4,49.4,,0.0
GRD003960,STU00877,C801,Spanish I,Languages,Spring 2025,78.8,80.9,B,3.0
GRD003827,STU00850,C103,Algebra II,Math,Spring 2025,85.3,81.6,b,3.0
GRD000135,STU00033,,Chemistry,Science,Fall 2024,87.6,78.9,C,2.0
GRD002359,STU00525,C103,Algebra II,Math,Spring 2024,53.1,58.2,F,0.0
GRD003401,STU00757,C801,Spanish I,Languages,Spring 2025,87.0,90.5,,4.0
GRD000148,STU00037,C101,Algebra I,Math,Fall 2023,99.1,92.0,A,4.0
GRD003922,STU00869,C501,Introduction to Programming,Technology,Fall 2024,71.0,78.8,C,2.0
GRD001670,STU00378,C801,Spanish I,Languages,Fall 2024,61.2,68.4,D,1.0
GRD001320,STU00298,C601,Visual Arts,Arts,Fall 2025,71.4,79.6,C,2.0
GRD002950,STU655,C201,Biology,Science,Fall 2024,66.7,66.8,D,1.0
GRD002607,STU01371,C602,Music Theory,Arts,Fall 2025,79.9,84.6,B,3.0
GRD002613,STU00582,C302,Creative Writing,English,Fall 2023,80.1,81.7,B,3.0
GRD001879,STU00426,C501,Introduction to Programming,Technology  ,FALL 2023,59.0,67.4,D,1.0
GRD002033,STU00458,C302,Creative Writing,English,Spring 2025,68.1,71.7,C,2.0
GRD004108,STU00911,C602,Music  Theory,Arts,Fall 2024,87.8,89.2,B,3.0
GRD004370,STU00971,C401,World History,Social Studies,Spring 2025,56.0,50.0,F,0.0
GRD001075,STU00243,C102,,Math,Fall 2025,57.9,58.7,F,0.0
GRD003648,STU00810,C103,Algebra II,Math,Fall 2023,67.3,73.2,C,2.0
GRD002361,STU00525,C501,Introduction to Programming,Technology,Fall 2025,79.2,70.4,C,2.0
GRD004247,942,C701,Physical Education,PE,Fall 2024,52.9,45.9,F,0.0
GRD004199,STU00931,C602,Music Theory,Arts,Fall 2023,78.6,72.1,C,2.0
GRD000232,STU00053,,Spanish I,Languages,Spring 2025,63.9,73.2,C,2.0
GRD002955,STU00656,C202,Chemistry,Science,Fall 2025,66.3,61.7,D,1.0
GRD000486,STU00111,C502,Web Development,technology,Fall 2025,56.2,46.3,F,0.0
GRD002951,STU00656,C701,Physical Education,PE,Fall 2023,67.6,76.9,C,2.0
GRD004409,STU00979,C701,Physical Education,PE,Spring 2025,74.1,75.3,c,2.0
GRD002875,STU00639,C501,Introduction to Programming,Technology,Fall 2024,90.7,88.9,B,3.0
GRD003410,STU00759,C203,Physics,Science  ,Spring 2024,67.1,72.0,C,2.0
GRD003526,STU00784,C101,Algebra I,Math,Fall 2024,93.6,97.5,A,4.0
GRD003793,STU00842,C402,Government & Civics,Social Studies,Fall 2025,63.6,54.8,F,0.0
GRD000715,STU00163,C401,World History,Social Studies,Fall 2025,67.1,74.1,C,2.0
GRD001573,stu00356,C301,English Literature  ,English,Fall 2025,73.1,80.2,B,3.0
GRD004485,STU00995,C501,Introduction to Programming,Technology,Spring 2025,92.9,93.9,A,4.0
GRD003075,STU00682,C101,Algebra I,Math,Fall 2024,65.9,,D,1.0
GRD004246,stu00941,C502,Web Development,Technology,Fall 2023,59.6,49.8,F,0.0
GRD001840,STU00416,C103,Algebra II,Math,Fall 2025,96.8,96.3,A,4.0
GRD000242,STU00055,C701,Physical Education,PE,Fall 2024,77.1,85.6,B,3.0
GRD000784,STU00178,C501,Introduction to Programming,Technology,Spring 2024,70.2,74.7,C,2.0
GRD003964,STU00877,C602,Music Theory,Arts,Spring 2024,93.3,98.4,A,4.0
GRD000558,S0125,C602,Music Theory,Arts,Fall 2025,63.9,59.5,F,0.0
GRD002860,STU00635,C103,Algebra II,Math,Spring 2025,78.0,79.7,C,2.0
GRD000278,STU00064,C801,Spanish I,languages,Spring 2025,68.1,63.7,D,1.0
GRD000445,STU00102,C502,Web Development,technology,Fall 2023,56.9,56.8,F,0.0
GRD002007,STU00452,C502,WEB DEVELOPMENT,Technology,Spring 2024,51.7,54.7,F,0.0
GRD002808,STU00624,C402,Government & Civics,Social Studies,Spring 2025,95.9,97.1,A,4.0
GRD002610,STU00582,C601,Visual Arts,Arts,Fall 2024,73.2,67.9,D,1.0
GRD001904,STU00432,C501,Introduction to Programming,Technology,Spring 2025,70.0,,D,1.0
GRD001858,STU00421,C301,English Literature,,Fall 2025,99.1,91.6,A,4.0
GRD003510,STU00780,,Geometry,Math,Fall 2025,80.5,75.2,C,2.0
GRD004254,STU943,C501,Introduction to Programming,Technology,Fall 2025,83.6,78.8,C,2.0
GRD001649,STU00374,C502,web development,Technology,Spring 2024,98.1,,A,4.0
GRD001395,STU00317,C102,Geometry,Math,Spring 2024,87.1,79.6,C,2.0
GRD000718,stu00164,C101,Algebra I,Math,Fall 2024,62.6,66.7,D,1.0
GRD000222,STU00051,C802,French I,Languages,Fall 2024,67.6,71.3,C,2.0
GRD003981,STU00881,C802,French I,Languages,Spring 2025,66.5,65.7,D,1.0
GRD001069,STU00241,C701,Physical Education,PE,Spring 2024,58.9,61.9,D,1.0
GRD000990,STU00225,C302,Creative Writing,English,Spring 2025,65.6,56.9,F,
GRD003721,STU00826,C301,English Literature,english,Spring 2025,93.4,87.9,B,3.0
GRD002528,STU00564,C502,Web Development,Technology,Fall 2024,81.9,80.3,B,3.0
GRD002683,STU00597,C201,Biology,Science,Spring 2024,80.0,71.8,C,2.0
GRD003321,STU00738,C401,World History,Social Studies,Fall 2025,79.4,86.0,B,
GRD001785,STU00404,C101,Algebra I,Math,Fall 2024,51.0,55.5,F,0.0
GRD002046,STU00461,C401,World History  ,Social Studies,  Spring 2024,57.8,57.7,F,0.0
GRD002880,STU00640,C302,Creative Writing,English,Fall 2023,63.6,69.4,D,1.0
GRD000882,STU00201,C602,Music Theory,Arts,Fall 2024,96.8,100,A,4.0
GRD001245,STU00280,C501,Introduction to Programming,Technology,Spring 2024,53.0,46.4,F,0.0
GRD004124,STU00915,C802,French I,Languages,Spring 2024,54.7,58.9,F,0.0
,STU00885,C601,Visual Arts,  Arts,Fall 2024,78.6,84.4,,3.0
GRD002555,STU00569,C501,  Introduction to Programming,Technology,Fall 2023,88.6,95.7,A,4.0
GRD002013,STU00453,C801,Spanish I,Languages,,52.6,48.6,F,0.0
GRD000214,STU00049,C301,English Literature,English,Fall 2024,61.2,56.3,F,0.0
GRD000527,STU01046,C301,English Literature,English,Fall 2024,50.2,44.0,F,0.0
GRD002048,STU00462,C401,World History,Social Studies,Fall 2025,75.6,70.7,C,2.0
GRD004369,STU00970,C701,Physical Education,PE,Fall 2023,79.8,75.8,C,
GRD002704,STU00602,C501,Introduction to Programming,Technology,Spring 2025,76.5,67.2,D,1.0
GRD003324,STU00739,C801,Spanish I,Languages,Spring 2024,63.3,63.3,D,1.0
GRD001672,STU00379,C802,French I,Languages,Fall 2025,78.6,82.0,B,3.0
GRD003962,S0877,C701,Physical Education,PE,,68.1,60.4,D,1.0
GRD001633,STU00370,C203,Physics,Science,Fall 2025,64.1,62.7,D,1.0
GRD002631,STU00587,C602,Music Theory,,Fall 2024,70.9,77.1,C,2.0
GRD003702,STU00822,C801,Spanish I,Languages,Fall 2024,53.8,55.7,,
GRD003090,STU00685,C602,Music Theory,Arts,Fall 2024,57.1,51.3,F,0.0
GRD001360,STU00308,C602,Music Theory,Arts,Fall 2024,83.4,,B,3.0
GRD002677,STU00596,C102,Geometry,Math,Spring 2024,54.5,63.8,D,1.0
GRD000807,STU00183,C502,Web Development,Technology,Fall 2025,54.0,57.1,F,0.0
GRD002161,STU00484,C601,Visual Arts,arts,,94.0,100,A,4.0
GRD003356,STU746,C701,Physical Education,PE,Fall 2025,93.7,99.7,A  ,4.0
GRD003273,STU-00727,C401,World History,Social Studies,Fall 2024,73.0,71.7,C,2.0
GRD000634,STU00143,C801,Spanish I  ,Languages,Fall 2025,64.8,60.9,  D,1.0
GRD000220,STU00050,C401,World History,SOCIAL STUDIES,Fall 2024,85.1,80.7,B,3.0
GRD002782,STU00619,C701,Physical Education,PE,Spring 2025,64.5,66.3,D,1.0
GRD000743,STU00169,C502,,Technology,Spring 2025,70.7,70.0,C,2.0
GRD001311,STU00296,C402,Government & Civics,Social Studies,Spring 2024,91.4,84.9,B,3.0
GRD001317,STU00297,C401,World History,Social Studies,Spring 2024,55.7,60.2,,1.0
GRD004317,STU00960,C701,Physical Education,PE,Spring 2024,94.1,90.3,  A,
GRD003738,STU00830,C801,Spanish I,Languages,Fall 2023,89.3,88.8,B,3.0
GRD002345,STU00522,C501,Introduction to Programming,Technology,Spring 2025,86.7,82.9,B,3.0
GRD001454,STU329,C202,Chemistry,Science,Fall 2023,85.4,90.2,A,4.0
GRD001402,STU00318,C801,Spanish I,Languages,Fall 2025,83.6,80.8,B,3.0
GRD002373,STU00528,,Spanish I,  Languages,Spring 2024,97.0,100,A,4.0
GRD003152,STU00700,C202,Chemistry,Science,Fall 2024,51.6,44.0,F,0.0
GRD001066,241,C801,spanish i,Languages,Fall 2024,72.2,80.6,B,3.0
GRD000963,STU00219,C802,French I,Languages,spring 2024,82.1,72.2,C,2.0
GRD003532,STU00786,C401,World History  ,Social Studies,Spring 2025,66.7,66.7,D,1.0
GRD003452,STU00768,C601,Visual Arts,Arts,Fall 2024,93.3,92.3,A,4.0
GRD002273,STU00508,C701,Physical Education,PE,Spring 2024,71.0,74.4,C,2.0
GRD004432,984,C401,World History,Social Studies,Spring 2024,99.8,91.1,A,4.0
GRD003549,STU00789,C301,English Literature,English,Spring 2025,81.0,73.2,C,2.0
GRD003133,STU00695,C302,Creative Writing,English,Spring 2024,76.6,71.5,C,2.0
GRD001807,STU00408,C302,Creative Writing,English,Spring 2024,77.7,81.4,B,3.0
GRD002292,STU00511,C502,  Web Development,Technology,Fall 2023,80.0,88.2,B,3.0
GRD000286,STU00066,C302,Creative Writing,English,Spring 2024  ,93.0,91.9,A,4.0
GRD003438,STU00764,C301,English Literature,English,Fall 2024,80.5,86.5,B,3.0
GRD000575,STU00130,C801,Spanish I,Languages,Fall 2023,88.1,91.9,A  ,4.0
GRD001187,S0266,C502,Web Development,Technology,Fall 2023,77.2,71.0,C,2.0
GRD001959,STU00444,C101,Algebra I,Math,Spring 2024,74.3,69.6,D,1.0
GRD000633,STU00143,C202,Chemistry,,Spring 2024,68.6,67.9,D,1.0
GRD004239,STU00940,C601,Visual Arts,Arts,Spring  2024,68.9,75.2,C,2.0
GRD001781,STU00404,,French I,Languages,Spring 2025,66.4,66.4,D,1.0
GRD002491,STU00555,C602,Music Theory,Arts,Fall 2023,,89.0,,3.0
GRD001915,stu00434,C202,Chemistry,Science,Spring 2025,96.3,100,A,4.0
GRD002350,STU00523,C802,French I,Languages,Fall 2023,55.9,63.0,D,1.0
GRD003333,STU00740,C302,Creative Writing,English,Spring 2025,72.1,79.9,C,2.0
GRD002894,STU00643,,English Literature,English,fall 2025,65.0,72.1,C,2.0
GRD000848,STU00193,C302,Creative Writing,  English,Fall 2024,58.2,62.6,D,1.0
GRD002907,STU00646,C701,Physical Education,PE,Fall 2025,94.1,89.6,B,3.0
GRD000262,stu00060,C701,Physical Education,,Fall 2023,83.4,87.9,B,
GRD001702,STU00386,C601,Visual Arts,Arts,Spring 2024,56.4,62.4,D,1.0
GRD001595,STU00361,C203,Physics,Science,Fall 2024,62.6,,D,1.0
GRD003535,STU00786,C203,Physics,Science,Fall 2025,79.0,83.9,B,3.0
GRD003130,STU00695,C701,Physical Education,PE,Spring 2024,67.1,68.4,D,1.0
GRD002445,STU00545,C201,Biology,Science,Fall 2025,50.7,42.6,F,0.0
GRD004267,STU00946,C102,Geometry,Math,Spring 2025,74.9,73.5,C,2.0
GRD000791,STU00180,C601,Visual Arts,Arts,Spring 2025,60.4,66.2,D,1.0
GRD000164,STU00040,C203,Physics,Science,Fall 2023,59.1,67.4,D,1.0
GRD001427,STU00324,C402,Government & Civics,social studies,Spring 2025,61.5,69.0,D,1.0
GRD004330,stu00963,C203,Physics,Science,Spring 2025,67.2,68.5,D,1.0
GRD004114,STU00913,C401,World History,Social Studies,  Fall 2024,91.2,93.5,A,4.0
GRD002550,STU00569,C301,English Literature,English,Fall 2025,65.0,70.4,C,2.0
GRD003720,STU00826,C401,World History,Social Studies,Fall 2024,90.6,98.2,A,4.0
GRD003496,STU00777,C402,Government & Civics,,Spring 2024,70.1,73.1,C,
GRD001876,STU00425,C201,  Biology,Science,Spring 2024  ,97.2,100,A,4.0
GRD000489,STU00111,C102,  Geometry,Math,Spring 2024,63.7,59.6,F,0.0
GRD003163,STU00702,C102,Geometry,Math,Fall 2025,97.1,100,A,4.0
GRD004438,STU00985,C101,Algebra I,Math,Fall 2023,87.6,77.9,C,2.0
GRD001358,STU00308,C802,French I,Languages,Fall 2024,52.1,56.1,F,0.0
GRD000257,stu00059,C402,Government & Civics,Social Studies,Fall 2025,69.8,78.0,C,2.0
GRD000690,STU00156,C301,English Literature,English,Spring 2025,77.2,84.4,B,3.0
GRD001470,STU00333,C701,Physical Education,PE,Fall 2023,94.9,100,A,4.0
GRD002071,STU00466,C701,Physical  Education,PE,Spring 2025,52.6,43.0,F,0.0
GRD004353,STU00967,C101,Algebra I,Math,Fall 2023,63.6,58.7,F,0.0
GRD000831,STU00189,C201,Biology,Science,Fall 2024,70.4,77.9,C,2.0
GRD003183,STU00707,C502,,Technology,Spring 2024,85.6,91.9,A,4.0
GRD004276,STU00948,C102,Geometry,Math,Fall 2023,90.6,81.4,,3.0
GRD000842,STU00192,C501,Introduction to Programming,Technology,Spring 2025,97.5,96.5,A,4.0
GRD001268,STU00286,C301,English Literature,English,Fall 2025,81.2,73.8,C,2.0
GRD001880,STU00427,C201,Biology,Science,Spring 2024,66.6,67.3,D,1.0
GRD000146,STU00036,C701,PHYSICAL EDUCATION,PE,Spring 2025,84.5,79.9,C,2.0
GRD000375,STU00085,C601,Visual Arts,Arts,Fall 2025,96.2,100,A,4.0
GRD001820,STU00411,C802,French I,Languages,  Spring 2025,55.1,61.0,D,1.0
GRD000121,STU00029,C201,Biology,Science,Spring 2025,,60.9,D,1.0
GRD003082,STU-00683,C302,Creative Writing,English,Fall 2025,50.4,50.9,F,0.0
GRD003202,STU00711,C602,Music Theory,Arts,Spring 2025,96.3,94.0,A,4.0
GRD001370,STU00310,C401,World History,Social Studies,Fall 2024,61.7,63.2,d,1.0
GRD001682,STU00381,C502,Web Development,Technology,Fall 2023,79.8,74.7,C,2.0
GRD000195,STU46,C701,Physical Education,PE,Fall 2023,54.4,55.4,F,0.0
GRD002538,565,C701,Physical Education,PE,Fall 2023  ,80.8,82.0,B,3.0
GRD004243,STU00941,C202,Chemistry,Science,Spring 2025,90.5,96.2,A,4.0
GRD001913,STU00434,,French I,Languages,Spring 2024,87.4,84.1,B,3.0
GRD004063,STU00901,C802,French I,languages,Spring 2025,83.4,74.8,C,2.0
GRD003664,S0814,C801,Spanish I,Languages,Fall 2024,91.7,100,,4.0
GRD003143,STU00698,C801,Spanish I,Languages,Spring 2024,87.3,84.8,B,3.0
GRD001545,STU00350,C801,Spanish I,Languages,Spring 2025,93.2,86.4,B,3.0
GRD001411,STU00320,C301,English Literature,English,Fall 2025,70.2,,C,2.0
GRD002004,STU00452,C601,Visual Arts,Arts,Spring 2024,93.8,89.2,B,3.0
GRD003497,STU00777,C203,Physics,Science,Fall 2023,54.1,48.4,F,0.0
GRD002887,STU00642,C602,Music Theory,Arts,Spring 2024,95.1,89.3,B  ,3.0
GRD000912,STU00208,C201,Biology,Science,  Fall 2025,,94.4,A,4.0
GRD000392,STU00089,C701,physical education,PE,Fall 2023,,76.1,C,2.0
GRD000271,STU00063,C401,World History,Social Studies,Spring 2024,82.3,83.9,B,3.0
GRD002053,STU00463,C302,Creative Writing,English,  Spring 2025,56.5,60.7,D,1.0
GRD001688,STU00383,C302,Creative Writing,English,SPRING 2024,93.9,90.6,A,4.0
GRD004112,STU00913,C601,Visual Arts,Arts,Fall 2025,82.0,81.9,B,3.0
GRD003882,STU00861,C701,Physical Education,PE,Fall 2024,69.6,61.7,D,1.0
GRD004447,STU00986,C801,Spanish I,Languages,Spring 2025,50.7,52.3,f,0.0
GRD000883,STU00201,C501,Introduction to Programming,Technology,Spring 2025,71.6,70.9,C,2.0
GRD001222,STU00274,C301,,English,Spring 2025,50.9,42.9,F,0.0
GRD000010,STU00003,C202,  Chemistry,,Fall 2024,53.3,55.4,F,0.0
GRD002084,STU00468,C701,PHYSICAL EDUCATION,PE,Fall 2023,91.0,90.8,A,4.0
GRD004315,STU00959,C701,Physical Education,PE,Fall 2023,79.2,73.8,C,2.0
GRD001530,STU00347,C103,Algebra II,Math,Fall 2024,67.6,58.1,F,0.0
GRD001129,STU254,C802,French I,,Fall 2023,73.4,65.9,D,1.0
GRD003105,STU00689,C401,World History,Social Studies,Fall 2024,98.1,100,A,4.0
GRD002638,STU00588,C601,Visual Arts,Arts,Spring 2025,81.3,87.2,B,3.0
GRD004389,STU00974,C201,Biology,Science,Spring 2024,91.9,100,A,4.0
GRD004237,STU00940,C203,Physics,Science,Spring 2024,57.3,52.7,F,0.0
GRD004324,STU01486,C501,Introduction to Programming,Technology,Spring 2025,79.7,81.3,B,3.0
GRD002190,STU00491,C502,  Web Development,Technology,Fall 2025,82.0,84.2,B,3.0
GRD001645,STU00373,C302,Creative Writing,English,Spring 2025,59.0,58.8,F,0.0
GRD002181,STU489,C802,French I,Languages,Spring 2024,,,A,4.0
GRD004135,STU00917,C302,Creative Writing,English,Spring 2025,77.4,78.4,C,2.0
GRD003505,STU00779,C801,Spanish I,Languages,Fall 2023,74.4,68.7,D,1.0
GRD003724,STU00827,C402,Government & Civics,Social Studies,,78.8,83.7,B,3.0
GRD001624,STU00367,C401,World History,Social Studies,Fall 2023,71.2,63.9,D,1.0
GRD002311,STU00515,C401,World History,Social Studies,Fall 2025,99.4,100,A,4.0
GRD001192,STU00267,C502,Web Development,Technology,Spring 2024,68.9,63.6,D,1.0
GRD000973,STU00221,C402,GOVERNMENT & CIVICS,Social Studies,Fall 2023,,88.4,B,3.0
GRD002200,STU00493,C701,Physical Education,PE,Fall 2025,57.4,57.2,F,0.0
GRD000804,STU183,C302,Creative Writing,English  ,Fall 2025,70.2,63.6,D,1.0
GRD003727,STU00827,C501,Introduction to Programming,Technology  ,Spring 2024,71.7,66.0,D,1.0
GRD001004,STU00228,C501,Introduction to Programming,Technology,Fall 2025,73.7,,C,2.0
GRD002987,STU00663,C601,Visual Arts,Arts,Spring 2024,99.8,96.0,,4.0
GRD000550,STU00124,C302,Creative Writing,English,Spring 2025,88.5,84.2,B,3.0
GRD004062,STU00900,C401,World History,Social Studies,Fall 2024,60.8,54.2,F,0.0
GRD001043,STU00236,C401,World History,Social Studies,Fall 2023,91.7,82.3,B,3.0
GRD001362,STU00308,C203,Physics,Science,Spring 2024,83.4,83.2,  B,
GRD002599,STU00579,,French I,Languages,Fall  2024,80.8,80.5,B  ,3.0
GRD000285,stu00065,C101,Algebra I,Math,Fall 2025,69.9,70.6,C,2.0
GRD001825,STU00412,C602,Music Theory,Arts,Fall 2025,86.9,92.0,A,4.0
GRD002054,STU-00463,C201,Biology,Science,Fall 2025,86.4,86.1,B,3.0
GRD002943,STU00654,C801,Spanish I,Languages,Spring 2025,53.5,49.5,F,0.0
GRD001430,STU00324,C601,Visual Arts,Arts,Fall 2023,54.3,48.0,,0.0
GRD003122,stu00693,C602,music theory,Arts,Fall 2023  ,65.1,61.2,D,1.0
GRD003329,STU00740,C101,Algebra I,Math,Fall 2024,92.5,89.4,B,3.0
GRD002388,STU00532,C201,Biology,Science,Fall 2023,85.7,87.0,B,3.0
GRD003875,STU00859,C701,Physical Education,PE,Spring 2025,78.9,80.7,B,3.0
GRD003379,STU00752,C701,Physical Education,PE,Spring 2024,84.8,75.3,C,2.0
GRD000008,STU00003,C302,Creative Writing,,Fall 2023,53.0,52.8,F,
GRD000149,STU00037,C502,Web Development,Technology,Fall 2023,88.8,80.6,B,3.0
,STU00726,C101,Algebra I,Math,Fall 2023,64.3,69.6,D  ,1.0
GRD003802,STU-00845,C101,ALGEBRA I,Math,Spring 2025,66.1,65.6,D,1.0
GRD000482,STU00110,C602,Music Theory,Arts,Spring 2024,95.8,91.0,A,4.0
GRD002437,STU00543,C203,Physics,Science,Fall 2024,68.9,67.8,D,1.0
GRD003516,STU00782,C601,Visual Arts,Arts,Fall 2024,82.9,79.9,C,2.0
GRD001011,STU00229,C201,Biology,,Spring 2025,52.5,53.8,F,0.0
GRD000245,STU00056,C201,Biology,Science,Fall 2024,52.8,44.8,F,0.0
GRD000631,STU00143,C601,Visual Arts,Arts,Fall 2023,,72.3,C,2.0
GRD004016,STU-00889,C701,Physical Education,PE,Fall 2025,94.8,98.2,A,4.0
GRD004110,STU00912,C302,Creative Writing,English,Fall 2023,61.2,70.8,C,2.0
,STU00763,C101,Algebra I,Math,Fall 2023,81.5,80.6,B,3.0
GRD004278,STU00949,C201,Biology,Science,Spring 2025,52.3,54.8,F,0.0
GRD002166,STU00486,C502,Web Development,Technology,,79.4,79.0,,2.0
GRD003299,STU00733,C301,English Literature  ,English,Fall 2025,92.2,88.9,B,3.0
GRD003011,STU00668,,Web Development,Technology,Fall 2024,,72.0,,2.0
GRD003689,S0819,C502,web development,,Fall 2025,,80.1,B,3.0
GRD000231,STU00053,C102,Geometry,Math,Spring 2025,79.3,78.9,C,2.0
GRD003162,STU00702,C302,Creative Writing,English,Spring 2024,87.8,93.1,A,4.0
GRD003317,STU00737,C401,World History,Social Studies,Fall 2023,66.2,67.5,D,1.0
GRD000400,STU00091,C201,Biology,Science,Fall 2023,80.1,81.9,B,3.0
GRD002790,STU00620,C401,World History,Social Studies,Fall 2024,73.4,66.6,D,
GRD000376,STU00086,C501,Introduction to Programming,Technology,Spring 2024,99.9,100,A,4.0
GRD000836,S0190,,Physical Education  ,PE,Fall 2025,98.4,100,A,4.0
GRD001997,STU00450,C701,Physical Education,PE,Spring 2025,86.2,82.8,B,3.0
GRD002673,STU00594,C202,Chemistry  ,Science,Fall 2024,64.9,64.0,D,1.0
GRD000507,STU-00115,C302,,ENGLISH,Fall 2025,68.8,70.1,C,2.0
GRD003285,STU00729,C402,Government & Civics,Social Studies,Spring 2025,58.4,63.8,D,1.0
GRD003374,STU00751,C502,Web Development,,Fall 2024,92.8,83.0,B,3.0
GRD000319,STU00072,C801,Spanish I,Languages,Fall 2024,75.1,76.6,C,2.0
GRD001529,STU00347,,Visual Arts,Arts,Fall 2023,96.6,86.9,B,3.0
GRD000138,S0034,C701,Physical Education,PE,spring 2024,82.1,91.3,A,4.0
GRD001686,STU00382,C102,Geometry,,Fall 2023,90.0,93.1,A,4.0
GRD000746,STU00170,C101,Algebra I,Math,Fall 2024,74.6,71.8,C,2.0
GRD001869,STU00424,C701,Physical Education,PE,Fall 2024,63.5,65.4,D,1.0
GRD004130,STU00916,C402,Government & Civics,Social  Studies,Fall 2025,58.2,56.5,F,0.0
GRD002118,STU00475,C602,Music Theory,Arts,Spring 2025,52.6,57.2,F,0.0
GRD003198,STU00710,C102,Geometry,Math,Fall 2024,87.4,88.5,B,3.0
GRD003788,STU00841,C402,Government & Civics,Social Studies,,50.4,60.3,D,1.0
GRD004402,STU00977,C402,Government & Civics,Social Studies,Spring 2025,82.6,76.6,C,2.0
GRD002721,STU00606,C301,English Literature,English,Spring 2024,75.1,76.9,C,2.0
GRD004275,STU00948,C802,French I,Languages,Spring 2025,53.2,49.3,F,0.0
GRD000349,STU00079,C301,English Literature,English,Spring 2024,59.1,49.9,F,0.0
GRD004464,STU00990,C602,Music Theory,Arts,Fall 2024,95.1,93.7,A,4.0
,STU00972,C701,Physical Education,PE,Fall 2023,76.2,81.8,B,3.0
GRD003432,STU00763,C201,Biology,Science,  Fall 2025,60.3,55.3,F,0.0
GRD003465,STU00770,C502,Web Development,TECHNOLOGY,Fall 2024  ,54.1,60.9,D,1.0
GRD001972,STU00446,C402,Government & Civics,Social Studies,Spring 2025,73.0,72.5,C,2.0
GRD004456,STU00988,C203,Physics,Science,  Spring 2025,62.5,63.0,D,1.0
GRD000541,STU00121,C101,Algebra I,Math,Fall 2025,55.9,50.5,F,0.0
GRD003266,STU00725,C302,  Creative Writing,English,Fall 2023,92.5,100,A,4.0
GRD004339,STU00964,C302,Creative Writing,English,Spring 2024,75.3,83.7,B,3.0
GRD002665,STU593,C302,,English,Spring 2024,,71.0,C,2.0
GRD001477,STU00334,C202,Chemistry,Science,Fall 2023,92.1,93.9,A,4.0
GRD000995,STU226,C701,Physical Education,PE,Spring 2025,63.9,68.4,D,1.0
GRD002492,STU00555,,World History,Social Studies,Spring 2025,83.6,89.0,B,3.0
GRD004396,STU00976,C103,Algebra II,Math,Fall 2023,86.3,93.1,A,4.0
GRD003122,stu00693,C602,Music Theory,Arts,Fall 2023  ,65.1,61.2,D,1.0
GRD002185,stu00490,C602,Music Theory,Arts,  Fall 2023,87.9,84.2,B,3.0
GRD001056,STU00239,C103,Algebra II,Math,Fall 2024,78.3,74.9,C,2.0
GRD001386,STU00315,C302,Creative Writing,English,Spring 2024,84.7,85.2,B,3.0
GRD003115,STU-00691,C801,Spanish I,Languages,Spring 2024,93.6,95.6,a,
GRD004257,STU00944,C301,English Literature,English,Fall 2023,99.4,100,A,4.0
GRD004073,STU00904,C801,Spanish I,Languages,Fall 2025,54.8,64.1,D,1.0
GRD004219,STU00936,C802,French I,Languages,Spring 2025,52.5,43.9,F,0.0
GRD003119,STU00692,C102,Geometry,Math,Fall 2023,97.9,94.0,A,4.0
GRD002197,STU00492,C302,Creative Writing,English,Spring 2024,53.6,55.9,F,0.0
GRD001817,STU00410,,Spanish I,Languages,Fall 2024,90.1,82.2,B,3.0
GRD002089,STU00469,C601,Visual Arts,Arts,Fall 2024,81.6,80.4,B,3.0
GRD001900,STU00431,C402,Government & Civics,Social Studies,Fall 2025,56.7,60.4,D,1.0
GRD001125,STU00253,C201,Biology,Science,Fall 2025,72.7,79.6,C,2.0
GRD002623,STU00584,C402,Government & Civics,Social Studies,Spring 2025,63.8,53.8,F,0.0
GRD003863,STU00856,C502,Web Development,Technology,Spring 2024,81.2,80.7,B,3.0
GRD002031,STU00457,C502,Web Development,Technology,  Spring 2024,99.7,92.3,A,4.0
GRD000594,STU00134,C302,Creative Writing,English,Fall 2024,52.3,56.0,F,0.0
GRD002635,STU00587,C402,government & civics,Social Studies,Spring 2024,76.9,83.8,B,3.0
GRD001628,stu00369,C602,Music Theory,Arts,Fall 2023,59.6,58.8,F,0.0
GRD001423,STU-00323,C701,Physical Education,PE,Spring 2024,93.7,99.4,A,4.0
GRD000705,STU00160,C802,French I,Languages,Spring 2024,94.7,90.6,A,
GRD002565,STU00571,C201,Biology,Science,Spring 2024,62.6,66.4,D,1.0
GRD003993,STU00884,C602,Music Theory,Arts,Spring 2024,91.4,99.8,A,4.0
GRD002255,STU00504,C201,Biology,Science,Fall 2025,95.8,87.8,B,3.0
GRD002621,STU00584,C501,Introduction to Programming,  Technology,Fall 2025,77.9,75.8,C,2.0
GRD000213,STU00049,C701,Physical Education,PE,Fall 2024,84.9,77.6,C,2.0
GRD000404,STU00092,C801,Spanish I,Languages,Spring 2024,86.2,82.5,B,3.0
GRD002574,STU00573,C501,Introduction to Programming,Technology,Fall 2025,85.4,79.0,C,2.0
GRD003344,STU00743,C802,French I,Languages,Fall 2023,63.4,64.6,D,1.0
GRD000927,STU00211,C602,Music Theory,Arts,Fall 2024,82.6,91.4,A,4.0
GRD001867,STU00423,C201,Biology,Science,Spring 2024  ,68.0,70.6,C,2.0
GRD003987,STU00883,C302,Creative Writing,English,Fall 2023,64.8,74.8,C,2.0
GRD001419,STU00322,C401,World History,Social Studies,Fall 2025,92.1,96.9,A,4.0
GRD000781,STU00178,C101,Algebra I,Math,Fall 2023,54.4,51.2,F,0.0
GRD003879,STU00860,C203,Physics,Science,spring 2025,64.5,60.4,D,1.0
GRD003182,STU00706,C203,Physics,Science,Spring 2024,70.3,63.5,,1.0
GRD001328,STU00300,C701,  Physical Education,PE,Fall 2025,50.8,46.1,F,0.0
GRD003579,STU00795,C501,Introduction to Programming,Technology,Fall 2025,58.6,58.0,F,0.0
GRD003256,STU00724,C103,Algebra II,Math,Fall 2024,51.1,54.1,F,0.0
GRD000377,STU00086,C103,Algebra II,Math,Fall 2024,88.1,81.9,B,3.0
GRD002581,STU00575,C502,Web Development,Technology,Fall 2023,98.7,100,A,4.0
GRD004248,S0942,C601,Visual Arts,Arts,Spring 2024,53.2,57.1,F,0.0
GRD001128,STU00254,C602,Music Theory,Arts,Fall 2025,90.7,81.9,B,3.0
GRD003458,STU00769,C802,French I,Languages,Spring 2024,99.6,100,A,4.0
GRD001881,STU00427,C701,Physical Education,PE,fall 2024,84.5,86.3,B,3.0
GRD000131,STU00032,C101,Algebra I,Math,Spring 2024,50.1,42.8,F,0.0
GRD004259,STU00944,C102,Geometry,MATH,Fall 2024,64.9,55.7,F,0.0
,STU744,C701,Physical Education,PE,Spring 2025,72.0,71.4,C,2.0
GRD000394,STU00090,C301,English Literature,English,Spring 2025,62.5,62.8,D,1.0
GRD000525,STU00118,,Chemistry,Science,Spring 2024,90.4,80.5,B,3.0
GRD004401,STU00977,C701,Physical Education,PE,Fall 2025,87.4,89.4,B,3.0
GRD004489,STU00996,C203,Physics,Science,Fall 2023,70.5,69.5,D,1.0
GRD002074,STU00467,C201,BIOLOGY,Science,Spring 2025,75.6,79.5,C,2.0
GRD002884,STU00642,C402,Government & Civics,Social Studies,Fall 2025,89.0,85.7,B,3.0
GRD000069,STU00016,C601,VISUAL ARTS,arts,Spring 2024,59.4,,D,1.0
GRD000452,STU103,C301,English Literature,English,Spring 2024,96.1,91.5,A,4.0
GRD002382,STU00530,C102,Geometry,Math,Spring 2024,90.0,80.1,B,3.0
GRD004222,STU00937,C701,Physical Education,PE,Fall 2024,60.6,53.2,  F,0.0
GRD003614,STU00803,C101,Algebra I,Math,Fall 2024,86.3,79.1,C,2.0
GRD004208,STU00933,C103,algebra ii,Math,Fall 2024  ,79.5,84.1,B,3.0
GRD001079,STU00244,C401,World History,Social Studies  ,Spring 2025,66.7,,F,0.0
GRD000716,STU00163,C302,Creative Writing,English,Fall 2025,81.7,83.0,B,3.0
GRD002901,STU00645,C302,Creative Writing,English,Spring 2025,76.3,81.0,B,3.0
GRD000158,STU00038,C502,Web Development,Technology,Fall 2025,76.6,70.5,C,2.0
GRD003815,STU00847,C401,World  History,Social Studies,Fall 2023,86.0,94.1,A,4.0
GRD003626,STU00805,C402,Government & Civics,  Social Studies,Fall 2025,93.5,93.9,A,4.0
GRD001679,STU00381,C701,Physical Education,PE,Fall 2023,71.4,66.0,D,1.0
GRD003817,STU00848,C102,Geometry,Math,Spring 2024,56.4,66.3,D,1.0
GRD003557,STU00791,C502,Web Development,Technology,Fall 2025,70.5,64.2,D,1.0
GRD003640,STU00808,C601,Visual Arts,Arts,Fall 2023,91.8,85.3,B,3.0
GRD000596,STU00134,C602,Music Theory,Arts,Spring 2025,89.3,94.7,A,4.0
GRD003999,STU00885,C402,Government & Civics,Social Studies,Fall 2024,95.7,100,A,4.0
GRD003477,STU00773,C602,Music Theory,Arts,Fall 2024,52.7,60.6,D,1.0
GRD003406,S0758,C102,Geometry  ,Math,Fall 2025,82.0,75.4,C,
GRD002525,STU00563,C401,World History,Social Studies,,57.0,57.7,F,0.0
GRD001224,STU00275,C201,Biology,Science,Fall 2024,65.4,56.7,F,0.0
GRD003770,STU00837,C401,World History,Social Studies,Fall 2025,66.6,58.5,F,0.0
GRD002495,STU556,C203,Physics,  Science,Spring 2024,93.0,95.5,A,4.0
GRD001671,STU00379,C701,Physical Education,PE,Spring 2024,87.2,80.7,B,3.0
GRD001241,STU00279,C402,Government & Civics,Social Studies,Fall 2024,98.1,99.8,A,4.0
GRD000711,STU00162,C601,Visual Arts,Arts,Spring 2024,87.3,93.8,A,4.0
GRD000469,STU00107,C401,World History,Social Studies,Fall 2025,93.4,97.7,A,4.0
GRD001605,STU00363,C601,Visual Arts,Arts,Fall 2023  ,66.8,76.2,C,2.0
GRD003951,875,C602,Music Theory,Arts,Spring 2024,72.1,80.0,B,3.0
GRD001020,STU00231,C602,Music Theory,Arts,Fall 2023,86.7,88.2,B,3.0
GRD002140,STU00480,C802,French I,Languages,Spring 2024,84.0,90.3,A,4.0
GRD003862,S0856,C602,Music Theory,Arts  ,Fall 2025,60.3,59.6,F,0.0
GRD004446,STU00986,C203,Physics,Science  ,Fall 2024,51.2,43.1,F,0.0
GRD000451,S0103,C602,Music Theory,  Arts,Fall 2024,73.2,72.9,C,2.0
GRD001300,STU00293,C502,Web Development,Technology,Spring 2025,89.6,90.8,A  ,4.0
GRD004415,STU00980,C203,Physics,Science,Fall 2025,70.1,71.8,,2.0
GRD001612,S0365,C401,world history,Social Studies,Fall 2023,65.0,58.5,,0.0
GRD001093,STU00247,C401,World History,Social Studies,fall 2023,73.7,75.1,C,2.0
GRD004192,STU930,C701,Physical Education,PE,Spring 2024,95.1,,A,4.0
GRD001579,STU00357,C103,Algebra II,Math,Spring 2024,69.8,69.0,D,1.0
GRD001619,STU00366,C201,Biology,Science,Spring 2025,76.0,,b,3.0
GRD002628,STU00586,C602,Music Theory,,Spring 2024,57.6,50.0,F,
GRD001875,STU00425,C502,Web Development,Technology,Fall 2025,61.3,55.6,F,0.0
GRD001878,STU00426,C602,MUSIC THEORY,,Fall 2024,,91.2,A,4.0
,STU00348,C801,Spanish I,Languages,Fall 2024,97.6,93.2,A,4.0
GRD001912,STU00433,C202,Chemistry,Science,Spring 2025,67.2,65.3,D,1.0
GRD001866,STU00423,C701,Physical Education,PE,Spring 2025,56.9,50.1,F,0.0
GRD000298,STU-00068,C601,Visual Arts,Arts,Spring 2024,76.1,74.1,C,2.0
GRD000070,STU00017,C103,Algebra II,Math,Fall 2023,79.0,85.3,B,3.0
GRD003207,STU00712,C301,English Literature,English,Fall 2024,77.6,70.6,C,2.0
GRD000136,STU00033,C601,Visual Arts,  Arts,Fall  2024,50.6,45.8,F,0.0
GRD003250,STU00722,C201,Biology,Science,Spring 2024,85.5,75.8,C,2.0
GRD002918,STU00648,C301,English Literature,English,Spring 2025  ,76.9,74.2,C,2.0
GRD002855,STU00634,C802,french i,Languages,Spring 2024,70.7,73.0,C,2.0
GRD001710,STU00388,C301,English Literature,English,FALL 2023,55.6,47.0,F,0.0
GRD000964,STU00219,C201,Biology,Science,Fall 2024,52.7,44.6,F,0.0
GRD004131,STU00916,C202,Chemistry,Science,Fall 2025,68.1,70.4,C,2.0
,STU00533,C802,French I,Languages,Fall 2024,94.9,94.8,A,4.0
GRD001256,S0283,C501,Introduction to Programming,Technology,Spring 2025,54.1,59.1,F,0.0
GRD003681,STU00817,C401,world history,Social Studies,Fall 2024,62.7,57.6,F,0.0
GRD002327,STU00518,C101,Algebra I,Math,Fall 2024,85.6,94.1,A,4.0
GRD004050,S0896,C802,French I,Languages,Fall 2024,51.4,42.1,,0.0
GRD001462,STU00330,C601,Visual Arts,Arts,Spring 2024,88.5,88.5,B,3.0
GRD000838,STU00191,C701,Physical Education,PE,fall 2025,64.9,63.8,D,1.0
GRD001857,STU00420,C301,English Literature,English,Spring 2024,63.1,66.9,D,1.0
GRD000739,STU00168,C103,Algebra II,Math,Fall 2025,,100,A,4.0
GRD003320,STU00738,C301,English Literature,English,Fall 2023,62.1,,F,0.0
GRD000284,STU00065,C401,World History,Social Studies,Fall 2025,60.0,57.4,F,0.0
GRD001203,STU00269,C701,Physical Education,PE,Fall 2025,66.3,60.4,D,1.0
GRD003707,STU00823,C202,Chemistry,Science,Fall 2023,94.3,86.5,B,3.0
GRD003588,STU00797,C801,Spanish I,Languages,Spring 2024,72.7,69.7,D,1.0
GRD002362,STU00526,C402,Government & Civics,Social Studies,Fall 2023,95.8,100,A,4.0
GRD000519,STU117,C202,Chemistry,Science,Fall 2024,88.1,86.7,B,3.0
GRD004420,STU00981,C102,Geometry,Math,  Fall 2023,72.4,78.2,C,2.0
GRD000009,STU00003,C402,Government & Civics,Social Studies,Spring 2025,79.0,71.6,C,2.0
GRD003545,STU00788,C402,GOVERNMENT & CIVICS,Social Studies,Fall 2023,97.4,100,A,4.0
GRD002919,STU00649,C701,Physical Education,PE,Fall 2023,56.8,65.7,D,1.0
GRD001769,STU00401,C602,Music Theory,Arts,Spring 2025,54.8,47.0,F  ,0.0
GRD001401,STU00318,C301,English Literature,English,Fall 2023,80.6,87.9,B,3.0
GRD000885,STU00201,C802,French I,Languages,Fall 2023,65.8,65.8,D,
GRD001254,283,C201,Biology,Science,,88.4,94.9,A,4.0
GRD001233,STU00277,C802,french i,Languages,Fall 2025,67.2,74.3,,2.0
GRD003037,STU00673,C102,Geometry,MATH,Fall 2024,69.5,63.6,D,1.0
GRD001453,STU00329,C102,Geometry,Math,Fall 2023,88.9,90.9,A,4.0
GRD003829,850,C701,PHYSICAL EDUCATION,PE,Fall 2025,88.3,98.1,A,4.0
GRD002352,STU00524,C202,Chemistry,Science,Fall 2023,89.9,81.7,B,3.0
GRD001482,stu00336,C301,English Literature,English,Fall 2024,56.3,64.7,D,1.0
GRD000415,STU00095,C701,Physical Education,PE,Spring 2024,52.2,49.2,F,0.0
GRD002051,STU00462,C701,Physical Education,PE,Fall 2023,79.2,71.7,C,2.0
GRD001001,STU00227,C302,Creative Writing,English,Spring 2025,77.8,78.6,C,2.0
GRD003580,STU00796,C103,Algebra II,Math,Fall 2025,88.8,82.2,B,3.0
GRD000741,stu00169,C301,English Literature,English,Fall 2025,86.4,91.4,A,
GRD001828,STU00413,C201,Biology,Science,Fall 2023,51.7,45.1,f,0.0
GRD002605,STU00580,C601,VISUAL ARTS,Arts,Spring 2024,63.6,71.6,C,2.0
GRD004185,STU00929,C401,World History,,Fall 2023,53.5,55.8,F,0.0
GRD001847,STU00418,C502,Web Development,,Fall 2023,53.3,52.2,F,0.0
GRD001284,STU00290,C602,Music Theory,Arts,Fall 2024,58.7,63.1,D,1.0
GRD003045,675,C203,Physics,Science,Fall 2025,69.1,77.3,C,
GRD002091,STU00470,C501,Introduction to Programming,Technology,fall 2024,93.5,,A,4.0
GRD001272,STU00287,C102,Geometry,Math,Fall 2023,89.4,98.1,A,4.0
GRD001725,STU00391,C701,Physical Education,PE,Fall 2023,57.5,62.5,D,1.0
GRD001227,STU00275,C801,Spanish I,Languages,Fall 2023,60.2,56.3,F,0.0
GRD000455,STU00104,C701,Physical Education,,Fall 2025,91.6,96.3,A,4.0
GRD004290,STU00952,C202,Chemistry,Science,Fall 2025,77.5,70.8,C,2.0
GRD002641,588,C501,Introduction to Programming,Technology,Fall 2024,78.2,83.3,B,3.0
GRD000565,STU127,C202,Chemistry,Science,Fall 2025,61.7,69.7,D,1.0
GRD002706,STU00602,C302,Creative Writing,English,Fall 2024,63.2,60.8,D,1.0
GRD001977,STU00447,C501,Introduction to Programming,Technology,Fall 2024,88.9,78.9,C,2.0
GRD002917,STU00648,C502,Web Development,Technology,Spring 2025,73.3,64.9,D,1.0
GRD000097,STU00023,C103,Algebra II,Math,Spring 2025,71.6,68.9,D,1.0
GRD004137,stu00918,C203,Physics,Science,Spring 2025,60.1,63.2,  D,1.0
GRD000263,STU00060,C802,  French I,Languages,,80.7,,B,3.0
GRD003927,STU01175,C701,Physical Education,PE,Spring 2024,99.4,97.6,A,4.0
GRD000238,STU00054,C101,Algebra I,Math,Spring 2025,,78.2,C,2.0
GRD004400,STU00977,C101,Algebra I,Math,Spring 2025,75.4,78.6,C,2.0
GRD003156,STU00700,C501,Introduction to Programming,Technology,Fall 2025,97.7,92.9,A,4.0
GRD001568,STU00355,C801,Spanish I,Languages,Fall 2023,67.8,63.8,D,1.0
GRD004019,STU00890,C602,Music Theory,ARTS,Spring 2025,76.8,86.0,B,3.0
GRD000929,STU00212,C202,Chemistry,Science,Fall 2024,74.6,76.7,C,
GRD004500,STU00999,C202,Chemistry,Science,Fall 2025,98.2,100,A,
GRD003856,STU855,C502,Web  Development,Technology,Spring 2025,98.2,100,A,4.0
GRD001690,STU00383,C401,World History,Social Studies,Spring 2024,62.5,52.5,F,0.0
GRD000786,STU00179,C501,Introduction to Programming,Technology,Fall 2024,85.1,79.1,C,2.0
GRD003544,STU00788,C101,Algebra I,Math,Fall 2023,77.1,80.5,B,3.0
GRD003670,STU00815,C301,English Literature,English,Fall 2024,65.2,69.8,D,1.0
GRD002889,643,C601,Visual Arts,Arts,Fall 2025,97.1,100,A,4.0
GRD002381,STU00530,C302,Creative Writing,English,Fall 2025,77.9,85.2,B,3.0
GRD003632,STU00806,,Introduction to Programming,Technology,Spring 2025,70.7,63.8,D,1.0
GRD004395,STU00976,C801,Spanish I,languages,Fall 2024,50.5,43.2,,0.0
GRD003402,STU00757,C203,Physics,Science,Fall 2024,83.1,76.8,C,2.0
GRD002693,STU00600,C201,Biology,Science,Spring 2025,64.9,65.4,D,1.0
GRD002853,STU00634,C201,Biology,Science,Fall 2023,57.2,52.7,F,0.0
GRD003444,STU00766,C302,Creative Writing,English,Spring 2024,77.7,77.0,C,2.0
GRD000472,STU00107,C801,Spanish I,Languages,Spring 2024,81.8,86.8,B,
GRD004397,STU00976,C203,Physics,Science,Spring 2024,99.4,92.2,A,4.0
GRD000797,STU00181,C103,Algebra II,Math,Spring 2024,65.8,61.8,D,1.0
GRD001748,STU00397,C802,French I,Languages,Fall 2024,87.3,97.1,A,4.0
GRD002448,STU00546,C102,Geometry,Math,Fall 2023,54.0,58.5,F,0.0
GRD000669,STU00152,C801,Spanish I,Languages,Spring 2025,94.2,100,A,4.0
GRD001738,STU00394,C301,English Literature,English,Spring 2025,56.5,46.7,F,0.0
,STU01303,C401,World History,Social Studies,Fall 2024,94.7,98.6,A,4.0
GRD002343,STU00521,C501,Introduction  to  Programming,Technology,Spring 2025,81.9,82.4,B,3.0
GRD003998,STU00885,C302,Creative Writing,English,Spring  2025,72.0,74.2,C,2.0
GRD000931,STU00212,C701,Physical Education,PE,Fall 2023,67.4,63.0,D,1.0
GRD004065,STU00901,C402,Government & Civics,SOCIAL STUDIES,Fall 2023,59.7,60.6,D,1.0
GRD002569,STU00572,C802,French I,Languages,Fall 2023,83.4,73.6,C,2.0
,STU00397,C402,Government & Civics,,Fall 2025,81.7,80.2,B,3.0
GRD003556,STU00790,C401,World History,Social Studies,Spring 2024,,,B,3.0
GRD004312,STU00958,C802,French I,Languages,Fall 2025,94.9,89.2,B,3.0
GRD001588,STU00360,C201,Biology,Science,Fall 2025,50.5,57.1,F,0.0
GRD004011,STU00888,C701,Physical Education,PE,Spring 2025,92.3,84.4,B,3.0
GRD001519,STU00345,C502,Web Development,Technology,Spring 2025,77.0,83.5,B,3.0
GRD001458,STU00330,C203,,Science,Spring 2024,53.2,46.8,F,0.0
GRD002473,STU00551,C202,chemistry,Science,Fall  2023,67.2,72.6,C,2.0
GRD003284,STU00729,C201,Biology,Science,Spring 2024,79.4,71.9,C,2.0
GRD000835,stu00190,C202,chemistry,Science,Spring 2024,60.8,62.5,D,1.0
GRD000970,STU00221,C801,Spanish I,Languages,Spring 2024  ,70.1,78.1,C,2.0
GRD003209,STU00713,C401,World History,Social Studies,Fall 2023,58.4,62.2,D,1.0
GRD004437,STU00984,C101,Algebra I,Math,Fall 2025,93.9,99.1,A,4.0
GRD004085,STU00906,C202,Chemistry,Science,,55.1,53.7,F,0.0
GRD001188,266,C801,Spanish I,Languages,Spring 2024,77.7,83.2,B,3.0
GRD003295,STU00732,C101,,,Fall 2023,91.6,98.8,A,4.0
GRD003165,STU00703,C501,Introduction to Programming,TECHNOLOGY,Spring 2025,65.9,57.5,F,0.0
GRD000760,STU00173,C202,Chemistry,Science,FALL 2023,77.6,77.7,C,2.0
GRD002733,STU00608,C501,Introduction to Programming,Technology,fall 2023,93.1,90.8,A,4.0
GRD004226,STU00938,C502,Web Development,Technology,Spring 2025  ,89.3,97.6,A,4.0
GRD000981,STU00223,C801,Spanish I,Languages,Fall 2023,76.7,86.0,B,3.0
,STU00437,C602,Music Theory,Arts,Fall 2024,85.1,,C,2.0
GRD002189,STU00490,C301,English Literature,English,Fall 2025,72.7,75.4,C,2.0
GRD002883,STU00641,C601,Visual Arts,Arts,Fall 2024,50.1,43.6,,0.0
GRD001910,STU00433,C501,Introduction to Programming,Technology,Fall 2025,59.6,63.1,D,1.0
GRD000134,STU00033,C701,Physical Education,PE,Fall 2024,85.2,81.6,b,3.0
GRD002339,STU00521,C801,Spanish I,Languages,Fall 2024,54.6,51.4,F,0.0
GRD000723,STU00165,C601,Visual Arts,Arts,Fall 2024,69.5,65.8,D,1.0
GRD001457,S0330,C103,Algebra II,Math,Fall 2025,76.5,68.2,D,1.0
GRD000037,STU00008,C401,World History,Social Studies,Fall 2025,68.3,67.2,D,1.0
GRD002167,STU00486,C101,Algebra I,Math,Fall 2023,72.4,81.0,B,
GRD000766,STU00175,C201,Biology,Science,Fall 2025,81.4,86.7,B,3.0
GRD000380,STU00086,C401,World History,Social Studies,Fall 2024,53.1,57.0,,0.0
GRD001050,STU00238,C402,Government & Civics,Social Studies,Spring 2024,85.3,92.1,A,4.0
GRD002266,STU00506,C601,Visual Arts,Arts,Fall 2024,,73.9,C,2.0
GRD003061,STU00678,C101,Algebra I,  Math,Fall 2023,83.8,76.4,C,2.0
GRD003886,STU00862,C302,Creative Writing,English,Fall 2023,63.1,67.8,D,1.0
GRD000897,STU00204,C701,Physical Education,PE,Fall 2023,58.6,65.3,D,1.0
GRD003325,STU00739,C102,Geometry,Math,Spring 2024,76.2,76.0,C,2.0
GRD000414,STU00094,C701,Physical  Education,PE,Fall 2025,56.2,55.5,F,0.0
GRD002299,STU00513,C203,Physics,Science,Fall 2025,55.9,62.5,D,1.0
GRD001974,STU00446,C301,English Literature,English,Fall 2024,95.0,100,A,4.0
GRD002028,STU00456,C301,English Literature,English,Spring 2024,69.2,64.2,D,1.0
GRD000734,STU00167,C801,Spanish I,Languages,  Spring 2025,62.7,70.6,C,2.0
GRD004086,STU00907,C203,Physics,Science,Fall  2023,57.3,48.6,F,0.0
GRD001280,STU00289,C401,,Social Studies,Spring 2025,91.7,91.3,A,4.0
GRD004215,STU00935,C801,Spanish I,Languages,Fall 2023,63.0,58.9,F,0.0
GRD000539,STU00121,C701,Physical Education,PE,Fall 2023,85.6,86.5,B,3.0
GRD000892,STU00203,C801,Spanish I,Languages,FALL 2024,66.2,74.6,C,2.0
GRD004331,STU00963,C301,English Literature,English,Fall 2025,63.1,57.9,F,0.0
GRD001177,STU00263,C801,Spanish I,Languages,Fall 2025,64.3,73.0,C,
GRD002624,STU00584,C802,French I,Languages,Fall 2024,92.4,92.9,A,4.0
GRD002370,STU00528,C201,Biology,Science,Spring 2024,62.7,71.3,C,2.0
GRD004032,STU00892,C401,World History,Social Studies,Fall 2025,68.5,61.4,D,1.0
GRD003482,STU00774,C101,Algebra I  ,Math,Fall 2024,92.0,89.2,B,3.0
GRD004481,STU00994,C501,Introduction to Programming,Technology,Fall 2025,65.9,60.4,D,1.0
GRD003008,STU00667,C302,Creative Writing,English,Fall 2025,59.7,68.3,D,1.0
GRD003330,STU00740,C701,Physical Education,PE,Fall 2025,65.1,70.1,C,2.0
GRD001523,STU00346,C601,Visual Arts,Arts,Fall 2025,,94.1,A,4.0
GRD001593,STU00361,C802,French I,Languages,Fall 2023,79.0,69.9,D,1.0
GRD002263,stu00506,C402,Government & Civics,Social Studies,Fall 2025,55.5,51.1,F,0.0
GRD000426,STU00097,C402,Government & Civics,Social Studies,Spring 2025,65.7,58.5,F,0.0
GRD002715,STU00605,C601,Visual Arts,ARTS,Fall 2023,85.4,84.8,B,3.0
GRD002159,STU00484,C302,Creative Writing,English,Fall 2025,75.4,66.0,D,1.0
GRD003668,STU00814,C301,ENGLISH LITERATURE,English,Fall 2024,54.7,57.4,F,0.0
GRD004365,STU00970,C801,Spanish I,Languages,Spring 2025,57.0,62.5,D,1.0
GRD000476,STU00108,C401,World History,Social Studies,Fall 2023,97.7,94.8,A,4.0
GRD003364,STU00747,C601,Visual Arts,Arts,Spring 2024,86.3,79.1,C,
GRD003010,STU00668,C201,Biology,,Fall 2024,53.0,61.1,D,1.0
GRD002561,STU00571,C501,Introduction to Programming,Technology,Spring 2025,68.5,58.8,F,0.0
GRD002867,STU00637,C701,Physical Education,PE,Fall 2024,53.1,47.5,F,0.0
GRD003445,STU-00766,C801,SPANISH I,Languages,Spring 2024,64.2,59.8,F,0.0
GRD003774,STU00837,C801,Spanish I,Languages,Fall 2025,,65.5,D,1.0
GRD000574,STU00130,C402,Government & Civics,Social Studies  ,Spring 2025,56.3,49.8,F,0.0
GRD002646,STU00589,C701,PHYSICAL EDUCATION,PE,Fall 2024,95.1,100,A,4.0
GRD004232,STU00939,C701,Physical Education,PE,Spring 2025,87.5,91.4,A,4.0
GRD001406,STU00319,C502,Web Development,Technology,Fall 2025,72.0,62.1,,1.0
GRD003590,STU798,C502,Web Development,Technology,Spring 2025,54.6,57.1,F,0.0
GRD000180,STU00043,C701,Physical Education,PE,Spring 2025,64.6,60.6,D,1.0
GRD000752,STU00172,C501,Introduction to Programming,Technology,Spring 2024,80.5,78.8,C,2.0
GRD004486,STU00995,C101,Algebra  I,Math,Fall 2025,54.5,63.0,D,1.0
GRD004100,STU00909,C502,Web Development,,Fall 2024,63.6,58.7,F,0.0
GRD000787,STU00179,C802,French I,Languages,fall 2024,52.6,44.9,F,0.0
GRD003052,S0676,C601,Visual  Arts,arts,Fall 2024,53.7,63.4,d,1.0
GRD002974,STU00660,C202,Chemistry,Science,Fall 2024,77.9,70.3,C,2.0
,STU00305,C801,Spanish I,Languages,FALL 2025,52.3,50.3,F,0.0
GRD001609,STU00365,C102,Geometry,Math,Fall 2025,55.0,60.7,D,1.0
GRD001752,STU00398,C602,Music Theory,Arts,Spring 2024,67.1,73.6,C,2.0
GRD003824,STU00849,C203,Physics,Science,Fall 2023,60.9,53.0,  F,0.0
GRD000762,STU00174,C201,Biology,Science,Spring 2025,63.9,54.2,F,0.0
GRD002440,STU00544,C502,Web Development,,Fall 2025,50.6,56.0,F,0.0
GRD004002,STU885,C801,Spanish I,Languages,Spring 2024,80.8,76.2,C,2.0
GRD002886,STU00642,C501,Introduction to Programming,Technology,Fall 2025,76.3,82.8,B,
GRD001674,STU-00380,C302,Creative Writing,English,Fall 2023,69.1,61.6,D,1.0
GRD002228,STU00498,C501,Introduction to Programming,Technology,Fall 2024,50.5,57.8,F,0.0
GRD002687,STU00598,C102,Geometry,Math,Fall 2024,70.2,72.0,C,2.0
GRD001065,STU00241,C201,Biology,Science,Fall 2025,68.7,60.4,D,1.0
GRD001460,STU00330,C701,Physical Education,PE  ,Fall 2023,75.0,73.7,C,2.0
GRD002725,STU00607,C502,Web Development,Technology,Spring 2025,65.9,65.6,D,1.0
GRD000499,STU00113,C701,Physical Education,PE,Spring 2024,80.4,72.8,C,2.0
GRD003669,STU00814,C601,Visual Arts,Arts,Spring 2025,64.2,66.2,D,1.0
GRD003297,STU00732,C402,Government & Civics,Social Studies,Fall 2024,82.2,77.9,C,2.0
GRD002182,STU00489,C201,Biology,Science,Fall 2023,77.6,85.8,B,3.0
GRD000888,STU00202,C701,Physical Education,PE,Spring 2024,87.1,84.3,B,3.0
GRD003309,STU00736,C502,Web Development,Technology,Spring 2025,63.0,61.9,D,1.0
GRD004487,STU00995,C601,Visual Arts,Arts,Spring 2025,70.9,79.6,  C,2.0
GRD003089,STU00685,C701,Physical Education,PE,Fall 2024,64.0,58.0,F,0.0
GRD002328,STU00519,C701,Physical Education,PE,Fall 2024,55.1,63.3,D,
,S0262,C602,Music Theory,Arts,Fall 2023,96.9,87.6,B,3.0
GRD002405,STU00536,C102,Geometry,Math,Fall 2024,70.9,69.3,D,1.0
GRD003296,STU00732,C602,Music Theory,Arts,Fall 2024,,100,A,4.0
GRD001107,STU00249,C602,Music Theory,Arts,Spring 2024,77.6,71.7,C,2.0
GRD002252,STU00503,C302,,English,,60.3,51.2,F,0.0
,STU00241,C301,English Literature,ENGLISH,,78.8,83.6,B,3.0
GRD002231,STU00499,C802,French I,Languages,Fall 2023,85.5,76.9,C,2.0
GRD004320,STU00961,C701,Physical Education,PE,Fall 2023  ,97.0,93.4,A,4.0
GRD000928,STU00211,C801,Spanish I,Languages,Fall 2023,53.4,50.5,F,0.0
GRD004106,STU00911,C502,Web Development,technology,Spring 2025,78.8,88.5,B,3.0
GRD002843,STU00631,C701,Physical Education,PE,Fall 2023,76.2,,D,1.0
GRD004233,STU00939,,French I,Languages,Spring 2025,92.4,90.8,A,4.0
GRD000315,STU00072,C102,Geometry,Math,Fall 2024,61.3,59.4,F,0.0
GRD003935,STU00872,C701,Physical Education,PE,Fall 2024,64.2,58.3,,0.0
GRD001025,STU00232,C201,Biology,Science,Fall 2024,53.4,51.3,F,0.0
GRD001310,STU00296,C602,Music Theory,Arts,Spring 2025,99.1,89.2,B,3.0
GRD000161,STU00039,C402,Government & Civics,Social Studies,Fall 2024,88.3,90.0,A,4.0
GRD000173,STU-00042,C801,Spanish I,Languages,Spring 2025,54.7,50.8,F,0.0
GRD001788,STU00405,C701,Physical Education,PE,Fall 2025,55.6,45.8,F,0.0
GRD001711,STU00388,C102,Geometry,Math,Fall 2024,91.5,99.8,A,4.0
GRD000150,stu00037,C801,Spanish I,,Spring 2025,50.1,56.3,F,0.0
GRD001112,STU00250,C601,  Visual Arts,arts,Spring 2025,89.8,93.8,A,4.0
GRD000093,STU00023,C602,Music Theory,ARTS,Fall 2024,65.2,60.2,D,1.0
GRD000509,STU00115,C201,Biology,Science,Fall 2024,86.8,87.0,B,3.0
GRD003031,STU00672,C203,Physics,Science,Fall 2023,62.2,66.1,D,1.0
GRD002073,STU00466,,Music Theory,Arts,Fall 2025,85.9,90.2,,4.0
GRD000967,STU00220,C302,Creative Writing,ENGLISH,Fall 2024,61.8,69.5,D,1.0
GRD004465,STU00990,C802,French I,Languages,Spring 2025,74.1,76.6,C,2.0
GRD000656,STU00149,C502,,Technology,Fall 2023,76.0,85.7,B,3.0
GRD003175,STU00705,C302,Creative Writing,English,Spring 2024,80.0,78.8,C,2.0
GRD000337,STU00076,C501,Introduction to Programming,Technology,Spring  2024,53.9,61.4,D,1.0
GRD000653,STU00148,C203,Physics,Science,Fall 2023,97.9,93.8,A,4.0
GRD001354,STU00307,C602,Music Theory,Arts,Fall 2023,97.9,100,A,4.0
GRD000782,STU00178,C701,Physical Education,PE,Fall 2024,92.8,86.7,B,3.0
GRD000170,STU00041,C502,Web Development,Technology,Spring 2025,56.4,52.0,F,0.0
GRD002249,STU00503,C601,Visual Arts,Arts,Spring 2025,80.6,89.9,B,3.0
GRD001081,STU00244,C602,Music Theory,,Spring 2025,60.5,51.4,F,0.0
GRD003719,STU00826,C701,Physical Education,PE,Spring 2024,60.3,62.2,D,1.0
GRD003166,STU00703,C801,Spanish I,Languages,Spring 2025,88.4,95.4,A,4.0
GRD002126,STU00477,C202,Chemistry,Science,Spring 2024,70.1,62.2,D,1.0
GRD004158,STU00923,C501,introduction to programming,Technology,Fall 2025,98.0,100,a,4.0
GRD003777,STU00838,C202,Chemistry,,Fall 2025,54.2,64.0,D,1.0
GRD002112,STU00474,C701,Physical Education,PE,Spring 2024,55.9,49.7,F,0.0
GRD003099,STU00687,C602,Music Theory,Arts,,77.9,72.1,C,2.0
GRD000706,STU01053,C203,Physics,Science,Spring 2025,84.3,84.7,B,3.0
GRD004071,stu00903,C602,Music Theory,Arts,Spring 2025,79.4,73.4,C,2.0
GRD002953,STU00656,C601,,Arts,Spring 2025,63.3,55.1,F  ,0.0
,STU00740,C602,Music Theory,Arts,FALL 2024,79.1,72.9,C,2.0
GRD001151,STU00258,C601,Visual Arts,Arts,Fall 2024,95.8,100,A,4.0
GRD002716,STU00605,C202,Chemistry,Science,Fall 2025,95.8,100,A,4.0
GRD001737,STU00394,C801,Spanish I,Languages,Spring 2024,59.9,56.0,f,0.0
GRD002829,STU00628,C101,Algebra I,Math,Fall 2025,69.8,70.2,,2.0
GRD000668,STU00152,C502,Web Development,Technology,  Fall 2023,81.5,85.1,B,3.0
GRD003033,S0672,C402,Government & Civics,Social Studies,Spring 2025,92.2,85.3,B,3.0
GRD000873,198,C502,Web Development,Technology,,59.4,55.9,F,0.0
GRD004410,STU00979,C502,Web Development,Technology,Fall 2024,68.4,,C,2.0
GRD000538,STU00121,C301,English Literature,English,Fall 2025,69.9,64.2,D  ,1.0
GRD000212,STU00049,C402,Government & Civics,Social Studies,Fall 2023,82.8,76.4,C,2.0
GRD000379,STU86,C601,Visual Arts,Arts,Fall 2025,61.2,62.3,D,1.0
GRD000551,STU00124,C401,World History,Social Studies,Fall  2025,50.2,57.5,F,0.0
GRD000095,STU00023,C501,Introduction to Programming,Technology,Fall 2024,90.4,94.5,,4.0
GRD001089,STU00246,C701,Physical Education,PE,Spring 2025,69.7,75.1,C,2.0
GRD001905,STU00432,C701,Physical Education,PE,Fall 2023,56.1,51.8,F,0.0
GRD000707,STU00161,C402,Government & Civics,Social Studies,Spring 2024,53.3,49.1,F,0.0
GRD002629,STU00586,C301,English Literature,English,Fall 2025,77.4,84.4,B,3.0
GRD002732,STU00608,C701,Physical Education,PE,Spring 2024,55.4,52.0,F,0.0
GRD002157,STU00484,C502,Web Development,technology,Fall  2025,84.2,88.1,,3.0
GRD002038,STU00460,C401,World History,Social Studies,Fall 2024,56.5,57.8,F,0.0
GRD002587,STU00576,,English Literature,English,Fall 2025,94.0,100,A,4.0
GRD004217,STU00936,C302,Creative Writing,English,Spring 2024,72.9,67.4,D,1.0
GRD000352,STU00080,C802,French I,Languages,Fall 2025,58.6,51.6,F,0.0
GRD002201,STU00493,C801,Spanish I,Languages,Spring 2025,83.8,82.2,B,3.0
GRD002265,STU00506,C501,Introduction to Programming,Technology,Fall 2025,,63.6,D,1.0
GRD003020,STU00670,,French I,Languages,Fall 2023,95.9,99.6,A,4.0
GRD004121,STU00914,C801,Spanish I,Languages,Fall 2025,56.4,46.9,F,0.0
GRD003585,STU797,C202,Chemistry,Science,Fall 2025,63.7,71.2,C  ,2.0
GRD004317,STU01332,C701,Physical Education,PE,Spring 2024,94.1,90.3,  A,
GRD003723,STU00827,,Physical Education,PE,Fall 2025,60.8,67.3,D,1.0
GRD000619,STU00140,C801,Spanish I,Languages,Fall 2025,56.0,61.6,D,1.0
GRD002026,STU00456,C501,Introduction to Programming,Technology,Fall 2024,85.1,79.9,C,2.0
GRD002971,STU00660,C402,Government & Civics,Social Studies,Spring 2025,90.0,93.1,A,4.0
GRD000732,STU00167,C602,Music Theory,Arts,Spring 2025,97.7,98.9,A,4.0
GRD000984,stu00224,C302,Creative Writing,English,Spring 2024,70.2,76.7,C,2.0
GRD002911,STU00647,C802,French I,Languages,Fall 2023,58.9,48.9,F,0.0
GRD002333,STU00519,C301,English Literature,English,Fall 2023,61.3,53.7,F,0.0
GRD004390,STU00974,C301,English Literature,English,Fall 2024,85.9,82.6,B,3.0
GRD000803,stu00183,C102,Geometry,Math,Fall 2024,93.5,87.9,B,3.0
GRD001894,STU00429,C801,Spanish I,Languages,Spring 2024,69.6,64.7,D,1.0
GRD004277,949,C301,English Literature  ,English,Spring 2025,74.2,76.6,C,2.0
GRD001157,STU00259,C203,Physics,Science,Spring 2024,96.4,87.4,B,3.0
GRD001147,stu00257,C103,Algebra II,Math,,97.3,91.6,A  ,4.0
GRD002037,STU00459,C502,Web Development,Technology,Fall 2023,,48.3,F,0.0
GRD000407,STU00092,C601,  Visual Arts,Arts,Spring 2024,88.4,83.3,B,3.0
GRD002028,STU01090,C301,English Literature,English,Spring 2024,69.2,64.2,D,1.0
GRD000248,STU00057,C501,Introduction to Programming,Technology,Spring 2025,90.3,85.2,B,3.0
GRD004049,STU00896,C601,Visual Arts,Arts,Spring 2024,90.6,92.4,A,4.0
GRD000371,STU00084,C802,French I,Languages,Fall 2024,51.8,55.8,F,0.0
GRD001648,STU00373,C801,Spanish I,Languages,Fall 2024,75.4,78.6,C,2.0
GRD000294,STU00067,,Music Theory,Arts,Fall 2023,78.6,87.1,B,3.0
GRD002920,STU00649,C802,French I,Languages,Fall 2023,94.0,100,A,4.0
GRD003587,STU00797,C301,English Literature,ENGLISH,Fall 2023,61.5,70.9,C,2.0
GRD000284,STU00065,C401,World History,Social Studies,Fall 2025,60.0,57.4,F,0.0
GRD004363,STU00969,C401,World History,Social Studies,Spring 2025,76.6,81.5,B,
GRD001760,STU00399,C202,Chemistry,Science,Fall 2025,88.5,84.4,B,3.0
GRD001357,STU00307,C802,French I,Languages,Fall 2025,97.1,87.9,B,
GRD002124,STU00477,C301,English Literature,English,Fall 2023,61.1,62.5,D,1.0
GRD003770,STU00837,C401,World History,Social Studies,Fall 2025,66.6,58.5,F,0.0
GRD002923,STU00650,C602,Music Theory,  Arts,Fall 2024,76.4,70.9,C,2.0
GRD003552,STU00790,C501,Introduction to Programming,Technology,Fall 2025,64.6,70.6,C,2.0
GRD000186,STU00044,,Web Development,Technology,Fall 2025,80.4,,C,2.0
GRD004498,STU00998,C101,Algebra I,Math,,64.5,62.1,D,
GRD003357,STU00746,C301,English Literature,English,Fall 2025,75.0,,D,1.0
GRD002137,STU00479,C301,English Literature,english,Fall 2023,82.8,88.8,B,3.0
GRD000021,STU00005,C701,Physical Education,PE,spring 2024,78.4,82.8,b,3.0
GRD000423,STU00097,C801,Spanish I,Languages,Spring 2024,95.7,97.4,A,4.0
GRD000211,STU00049,C802,French I,Languages,Spring 2025,91.5,90.8,A,4.0
GRD003700,STU00822,C402,Government & Civics,Social Studies,Fall 2024,81.3,90.5,A,4.0
GRD003072,STU00681,C701,Physical Education,PE,Spring 2024,51.9,42.8,F,0.0
GRD003984,STU00882,C802,French I,Languages,Fall 2024,55.6,58.5,F,0.0
GRD002938,STU00653,C501,introduction to programming,Technology,Fall 2024,91.7,91.4,A,4.0
GRD001969,STU00446,C701,Physical Education,PE,Fall 2024,76.6,70.1,C,2.0
GRD001860,STU00421,C201,Biology,Science,Spring 2025,65.2,72.9,C,2.0
GRD001031,STU00233,C701,Physical Education,PE,Fall 2023,58.3,57.3,F,0.0
GRD000215,STU00049,C602,Music Theory,arts,Spring 2025,63.9,70.8,C,2.0
GRD000082,STU00020,C402,Government & Civics,Social Studies,Fall 2024,68.5,76.2,C,2.0
GRD001091,STU00246,C801,Spanish I  ,Languages,Spring 2024,98.1,88.9,B,3.0
GRD000156,STU00038,C602,Music Theory,Arts,Fall 2025,69.4,61.5,D,1.0
GRD004163,STU00924,C802,French I,Languages,Spring 2025,68.7,62.5,D,1.0
GRD000546,STU00123,C101,Algebra I,Math,Fall 2025,74.8,79.0,C,2.0
GRD001746,stu00397,C302,Creative Writing,English,Fall 2023,50.2,54.4,  F,0.0
,STU00310,C601,Visual Arts,Arts,Fall 2025,61.3,68.6,D,1.0
GRD004483,995,C801,Spanish I,Languages,Fall 2024,88.8,95.3,  A,4.0
GRD000244,STU00055,C201,Biology,Science,Spring 2024,83.1,88.9,B,3.0
GRD001100,S0248,C402,Government & Civics,  Social Studies,Fall 2023,75.7,84.2,B,3.0
GRD000012,STU00003,,Music Theory,Arts,Spring 2024,74.0,66.3,D,1.0
,STU00932,C701,Physical Education,PE,Fall 2023,64.4,59.5,F,0.0
GRD003245,STU00722,C302,Creative Writing,English,Fall 2025,84.7,90.5,A,4.0
GRD001616,STU00366,C501,Introduction  to  Programming,Technology  ,Spring 2024,85.7,76.8,C,
GRD003454,STU768,C401,World History,Social Studies,Spring 2024,58.8,63.6,D,1.0
GRD000914,STU00208,C401,World History,Social Studies,Fall 2025,62.8,68.5,D,1.0
GRD002175,STU00488,C601,Visual Arts,Arts,Spring 2024,,67.7,D,1.0
GRD000350,STU00079,C602,Music Theory,Arts,Fall 2023,83.3,,B,3.0
GRD002625,STU00585,C201,Biology,  Science,Fall 2023,56.2,59.5,F,0.0
GRD003007,STU00667,C602,Music Theory,Arts,Spring 2025,92.6,86.8,B,3.0
GRD001728,STU00392,C701,Physical Education,PE,Spring 2024,64.0,68.4,D,1.0
GRD004455,STU-00988,C601,Visual Arts,Arts,Fall 2024,63.4,,F,0.0
GRD001873,STU00425,,Geometry,Math,Spring 2025,92.4,88.6,B,3.0
GRD001631,STU00369,C202,Chemistry,Science,Fall 2025,76.3,81.9,B,3.0
GRD004388,STU00974,C801,Spanish I,Languages,Fall 2024,78.3,71.5,C,2.0
GRD003722,STU00826,C502,Web Development,Technology,Fall 2024,97.7,,A,4.0
GRD001987,STU449,C802,French I,Languages,Fall 2024,75.4,76.6,C,2.0
GRD003499,stu00778,C102,Geometry,Math,Spring 2024,72.4,64.7,D,1.0
GRD001564,STU00354,C701,Physical Education,PE,Fall 2023,87.1,88.0,B,3.0
GRD002939,STU00653,C301,English Literature,English,,69.1,63.2,D,1.0
GRD003281,STU00729,C701,Physical Education,PE,,78.3,75.6,C,2.0
GRD002590,STU577,C401,World History,Social Studies,Fall 2023,77.8,81.7,B,3.0
GRD003602,800,C402,Government & Civics,Social Studies,Spring 2025,68.1,67.2,D,1.0
GRD003100,STU00688,C802,French I,Languages,Fall 2023,95.4,97.3,A,4.0
GRD002906,STU00646,C801,Spanish I,,Spring 2025,96.6,91.2,A,4.0
GRD002325,STU-00518,C402,Government & Civics,Social Studies,Fall 2025,73.8,82.9,B,3.0
GRD000730,STU00166,C801,Spanish I,  Languages,Spring  2024,86.0,89.9,B,3.0
GRD002682,STU00597,C302,Creative Writing,English,Fall 2025,54.1,48.8,F,0.0
GRD004035,STU00893,C301,English Literature,English,Fall 2023,63.9,66.0,D,1.0
GRD002869,STU00638,C802,FRENCH I,Languages,Spring 2025,81.9,77.1,C,2.0
GRD002134,STU00479,C802,French I,Languages,Spring 2025,61.5,57.6,F,0.0
GRD003859,STU00856,C202,Chemistry,Science,Fall 2024,71.8,75.8,C,2.0
GRD003488,STU00776,C401,World History,Social Studies,Fall 2024,96.4,96.3,A,4.0
GRD003816,STU00848,,Physical Education,PE,Spring 2025,91.9,86.4,B,3.0
GRD001289,STU-00291,C802,French I,Languages,Spring 2024,98.5,99.0,A,4.0
GRD003896,STU00863,C102,Geometry,Math,Fall 2025,63.2,69.8,D,1.0
GRD000862,STU00196,C402,Government & Civics,Social Studies,Fall 2023,74.3,79.4,C,2.0
GRD004462,STU00990,C103,Algebra II,Math,Spring 2024,81.1,84.3,B,
GRD002823,STU00627,C402,Government & Civics,Social Studies,Spring 2025,53.5,47.8,F,0.0
GRD002960,STU00657,C103,Algebra II,Math,Spring 2024,80.0,84.6,B,3.0
GRD003205,STU-00712,C202,Chemistry,Science,Fall 2025,82.3,83.1,B,3.0
GRD000851,STU194,C802,French  I,Languages,,79.4,88.4,B,3.0
GRD001351,STU00306,C701,  Physical Education,PE,Fall 2023,65.0,61.3,D,1.0
,STU00334,C601,Visual Arts,Arts,Fall 2023,77.9,82.9,B,3.0
GRD002527,STU00563,C701,Physical Education,PE,Spring 2024,72.0,74.8,C,2.0
GRD000530,STU00119,C502,Web Development,Technology,Fall 2024,62.9,70.3,C,2.0
GRD002661,STU00592,C201,Biology,Science,Fall 2023,57.6,47.7,F,0.0
GRD002815,STU00625,C501,Introduction to Programming,Technology,Spring 2025,84.3,76.4,C,2.0
GRD003823,STU00849,C701,Physical Education,PE,Fall 2024,75.4,84.3,B,3.0
GRD000956,STU00218,C701,Physical Education,PE,Fall 2024,93.9,94.6,A,4.0
GRD004101,STU00910,C103,Algebra II,Math,spring 2025,87.2,94.7,A,4.0
GRD000763,STU00174,C301,English Literature,English,,51.4,52.1,F,0.0
GRD003023,STU00670,C203,Physics,Science,Spring 2025,95.0,100,A,4.0
GRD000332,STU00075,C103,Algebra II,Math,Fall 2023,61.2,58.0,F,0.0
GRD004231,STU00938,C402,Government & Civics,Social Studies,Fall 2025,79.9,,B,3.0
GRD002100,STU00472,C402,Government & Civics,Social Studies,,81.7,90.1,A,4.0
GRD003682,STU817,C302,Creative Writing,English,Fall 2025,69.0,62.6,D,1.0
GRD000712,STU00162,C101,Algebra I,Math,Fall 2023,73.4,72.2,C,2.0
GRD000113,STU00027,C301,English Literature,English,Fall 2023,68.0,59.5,F,0.0
GRD003846,STU00853,C701,Physical Education,PE,Spring  2025,50.1,57.3,F,0.0
GRD001751,STU00398,C501,Introduction to Programming,Technology,Fall 2023,62.7,58.5,F,0.0
GRD000225,STU00052,C102,Geometry,Math,  Fall 2024,93.3,92.2,A,4.0
GRD002188,STU00490,C202,Chemistry,Science,Fall 2023,80.4,80.2,B,3.0
GRD001442,STU00327,,Creative Writing,English,Spring 2025,84.6,84.6,B,3.0
GRD003017,STU00669,C103,Algebra II,Math,Fall 2025,91.2,91.5,A,
GRD001285,STU00290,C401,World History,Social Studies,Spring 2025,64.8,69.0,D,1.0
GRD001514,STU00344,C602,music theory,Arts,Fall 2023,,78.2,C,2.0
GRD004418,STU00980,C601,Visual Arts,Arts,Fall 2023,96.6,100,A,4.0
GRD000428,stu00097,C301,English Literature,English,Fall 2023,73.8,75.7,C,2.0
GRD001657,STU00375,C301,English Literature,English,Fall 2025,80.1,72.9,C,2.0
GRD000942,STU00215,C602,Music Theory,Arts,Fall 2023,,89.0,B,3.0
GRD002457,STU00547,C502,Web Development,Technology,Fall 2023,54.0,51.1,F,
GRD003447,STU00766,C401,World History,Social Studies,Fall 2024,54.5,55.7,,0.0
GRD003728,STU828,C101,Algebra I,Math,Spring 2025,54.4,49.4,,0.0
GRD001874,STU00425,C601,Visual Arts,Arts,Spring 2025,94.2,91.7,A,4.0
GRD003866,STU00857,C402,Government & Civics,Social Studies,Fall 2025,92.0,96.7,A,4.0
GRD000728,STU00166,C202,Chemistry,Science,Fall 2024,50.5,54.5,F,0.0
GRD004144,STU00919,C201,Biology,Science,  Spring 2025,85.5,82.0,B,3.0
GRD003756,STU00834,C402,Government & Civics,Social Studies,Fall 2024,84.2,93.3,A,4.0
GRD000175,STU00042,C502,Web Development,Technology,Spring 2024,93.3,87.6,B,3.0
GRD002913,STU00647,C102,Geometry,Math,Spring 2025,59.8,62.7,  D,1.0
GRD001152,STU00258,C701,Physical Education,PE,Spring 2025,90.6,,A,4.0
GRD002165,S0485,C801,Spanish I,Languages,Fall 2023,77.5,73.2,C,2.0
GRD002891,STU00643,C801,Spanish I,Languages,SPRING 2025,96.1,100,A,4.0
GRD003690,STU00819,C801,Spanish I,Languages,Fall 2025,84.1,75.5,  C,2.0
GRD004319,STU00961,C201,Biology,Science,Spring 2024,78.8,82.9,B,3.0
GRD000506,STU00114,C302,Creative Writing,English,Fall 2024,67.0,,D,1.0
GRD002099,STU00471,C401,World History,Social Studies,Fall 2025,58.2,64.2,D,1.0
GRD000229,53,C302,Creative Writing,English,Fall 2023,84.3,77.1,C,2.0
GRD000013,STU00003,C501,Introduction to Programming,Technology,Fall 2023,80.3,77.7,C,2.0
GRD000623,STU00141,C101,Algebra I,Math,Spring 2024,77.7,75.4,C,2.0
GRD002942,STU00654,C202,Chemistry,Science,Spring 2025,60.4,55.2,F,0.0
GRD003201,STU00711,C103,Algebra II,Math,Fall 2023,64.0,71.7,C  ,2.0
GRD003471,STU00772,C801,Spanish I,Languages,Spring 2024  ,96.7,91.7,A,4.0
GRD000035,STU00008,C301,English Literature  ,English,Spring  2025,,76.5,C,2.0
GRD001705,387,C101,Algebra I,Math,Fall 2025,59.0,53.7,F,0.0
GRD002851,STU00633,C701,Physical Education,PE,Fall 2024,60.4,59.2,F,0.0
GRD004238,STU00940,C402,Government & Civics,,Fall 2023,94.2,100,A,4.0
GRD000934,stu00213,C402,Government & Civics,Social Studies,Spring 2025,99.7,98.1,  A,4.0
GRD000711,STU00162,C601,Visual Arts,Arts,Spring 2024,87.3,93.8,A,4.0
GRD003251,STU00723,C701,Physical Education,PE,Spring 2024,65.2,73.8,C,2.0
GRD002170,STU00487,C103,Algebra II,Math,Fall 2025,57.0,60.9,  D,1.0
GRD002017,STU00454,C202,Chemistry,Science,Fall 2023,53.6,55.6,F,0.0
GRD001325,STU00299,C402,Government & Civics,Social Studies,Fall 2023,67.9,66.5,,1.0
GRD003343,STU00743,C601,Visual Arts,Arts,Fall 2023,96.5,98.4,A,4.0
GRD000290,S0067,C302,Creative Writing,English,Spring 2024,61.2,68.0,D,1.0
GRD003734,STU00829,C501,introduction to programming,Technology,Fall 2023,73.7,78.1,C,2.0
GRD003692,STU00820,C203,Physics,Science,Fall 2025,72.6,74.8,C,2.0
,STU580,C302,Creative Writing,English,Spring 2024,98.5,90.0,A,4.0
GRD001359,STU00308,C501,INTRODUCTION TO PROGRAMMING,Technology,Fall 2024,65.2,63.0,D,1.0
GRD003194,STU00709,C103,Algebra II,Math,Spring 2025,94.7,94.4,A,4.0
GRD000467,STU00106,C103,Algebra II,Math,Fall 2025,63.7,,  D,1.0
GRD001353,STU00306,C101,Algebra I,Math,Fall 2023,87.6,79.0,C,2.0
GRD003901,STU00864,,Government & Civics,Social Studies,Spring 2025,,57.7,F,
GRD004170,STU00926,C202,,Science,Fall 2023,61.2,57.5,F,0.0
GRD001655,STU00375,C103,Algebra II,Math,Spring 2024,68.0,73.7,C,2.0
GRD004492,STU00996,C301,English Literature,English  ,Fall 2024,90.0,95.2,A,4.0
GRD002415,STU00538,C103,Algebra II,Math,Spring 2025,70.7,61.4,D,1.0
GRD000680,STU00154,C501,Introduction to Programming,Technology,Spring 2025,69.5,63.3,D,
GRD003468,STU00771,C203,Physics,Science,Fall 2024,51.4,53.8,F,0.0
GRD002251,STU503,C401,World History,Social Studies,Fall 2025,65.7,72.6,C,2.0
GRD000444,STU00102,C402,Government & Civics,Social Studies,Spring 2024,64.0,54.4,F,0.0
GRD002110,STU00474,C103,algebra ii,Math,Spring 2025,66.3,57.4,F,0.0
GRD002066,STU00465,C201,Biology,  Science,Spring 2025,92.0,83.8,B,3.0
GRD003358,STU00746,C802,French I,Languages,Spring 2025,96.7,94.0,A,4.0
GRD003058,678,C301,English Literature,English,Fall 2024,72.6,,B,3.0
GRD000646,STU00146,C801,Spanish I,Languages,Spring 2025,89.6,80.9,B,3.0
GRD001396,STU00317,C302,Creative Writing,English,Fall 2025,67.9,72.7,C,2.0
GRD003370,STU00749,C301,English Literature,English,Spring 2024,75.7,76.2,C,2.0
GRD000615,STU00139,C601,,Arts,Fall 2025,67.2,76.3,C,2.0
GRD000109,STU00026,C401,World History,Social Studies,Fall 2023,52.1,48.0,F  ,0.0
GRD000035,STU00008,C301,English Literature,English,Spring  2025,,76.5,C,2.0
GRD003234,STU00719,C101,Algebra I,Math,Fall 2023,56.0,49.4,F,0.0
GRD001487,STU00338,C502,Web Development,Technology,Fall 2023,88.8,89.4,  B,3.0
GRD002494,STU00555,C201,Biology,Science,Fall 2024,,69.3,D,1.0
GRD003253,STU00723,C801,spanish i,Languages,Fall 2024,72.3,,C,2.0
GRD001560,STU-00353,C302,Creative Writing,English,Fall 2023,94.0,85.5,B,3.0
GRD000077,STU00019,C402,Government & Civics,Social Studies,Fall 2025,94.2,90.8,A,4.0
GRD003066,STU00680,C401,World History,Social Studies,Spring 2024,62.9,66.2,D,1.0
GRD004387,STU00974,C103,Algebra II,Math,Fall 2023,72.3,72.8,C,2.0
GRD000571,STU00129,C201,Biology,Science,Fall 2024,,71.2,C,2.0
GRD001055,STU00238,C602,Music Theory,Arts,Fall 2024,52.5,51.3,F,0.0
GRD004098,STU00909,C802,French I,  Languages,Fall 2025,88.9,89.6,B,3.0
GRD003861,STU00856,C701,,PE,Fall 2023,82.0,75.2,C,2.0
GRD002989,STU00663,C401,World History,Social Studies,Fall 2023,62.4,67.1,D,1.0
GRD002781,STU00618,C302,Creative Writing,English,Spring 2024,52.4,56.9,F,0.0
GRD004378,STU-00972,C203,Physics  ,Science,Spring 2024,86.2,78.6,c,2.0
GRD003476,S0773,C402,Government & Civics,Social Studies,  Fall 2025,51.0,53.7,,0.0
GRD001017,STU00231,C103,Algebra II,Math,Fall 2025,94.3,100,A,4.0
GRD003474,STU00772,C601,Visual Arts,Arts,Fall 2024,69.3,63.2,D,1.0
GRD001062,stu00240,C402,  Government & Civics,Social Studies,Spring 2025,79.5,82.0,B,3.0
GRD003620,STU00804,C302,Creative Writing,English,Spring 2025,89.1,90.4,A,4.0
GRD003220,STU00716,C602,Music Theory,Arts,Fall 2024,62.5,67.4,D,1.0
GRD001283,STU00289,C801,Spanish  I,Languages,Fall 2023,95.8,100,A,4.0
GRD002712,STU00604,C602,Music Theory,Arts,Fall 2023,65.6,56.0,F,0.0
GRD001173,STU00263,C402,Government & Civics,Social Studies,Fall 2023,55.0,47.2,F,0.0
GRD003060,STU00678,C203,Physics,,Spring 2024,69.1,60.7,D,1.0
,STU560,C701,,PE,Fall 2023,87.0,,A,4.0
GRD000500,STU00113,C601,,Arts,Fall 2025,71.9,76.1,C,2.0
GRD003272,STU00727,C802,French I,Languages,Spring 2024,72.6,68.0,D,1.0
GRD000989,STU00225,C401,World History,Social Studies,Fall 2024,74.2,77.9,C,2.0
GRD003710,STU00823,C801,SPANISH I,Languages,Fall 2025,53.9,62.6,D,1.0
GRD000608,STU00137,C301,English Literature,English,Spring 2025,70.8,71.8,  C,2.0
GRD004503,STU00999,C101,Algebra I,Math,Fall 2024,88.0,85.2,B,3.0
GRD002536,STU00565,C801,Spanish I,Languages,Spring 2025,,51.4,f,0.0
GRD002825,STU00627,C101,Algebra I,Math,Spring 2024,56.1,47.8,F,0.0
GRD001555,STU00352,C103,Algebra II,MATH,  Fall 2023,90.8,86.2,B,3.0
GRD004314,STU00959,C402,Government & Civics,Social Studies,Fall 2024,99.4,98.7,A,4.0
,STU01447,C302,Creative Writing,English,Fall 2024,97.5,95.3,A,4.0
GRD001363,STU00309,C201,Biology,,Spring 2025,71.3,67.2,D,1.0
GRD001497,STU00340,C102,Geometry,Math,Spring 2024,70.9,75.4,C,2.0
GRD001290,STU00291,C402,Government & Civics,,Spring 2024,90.5,89.3,B,3.0
GRD002742,STU00610,C202,CHEMISTRY,Science,Fall 2023,83.4,86.1,B,3.0
GRD002399,STU00535,C501,Introduction to Programming,Technology,Fall 2025,64.7,,d,1.0
GRD001806,STU00408,C701,Physical Education,PE,Fall 2024,95.0,99.5,A,4.0
GRD003911,STU00867,C501,Introduction to Programming,Technology,Spring 2025,91.9,95.1,A,4.0
GRD003674,STU00816,C202,Chemistry,Science,Spring 2024,82.1,83.2,,3.0
GRD003187,STU00707,C103,Algebra II,Math,Fall 2025,83.0,74.7,C,2.0
GRD002826,STU00628,C601,Visual Arts,Arts,Fall 2023,69.5,62.0,D,1.0
GRD002056,STU00463,C601,Visual Arts,Arts,Fall 2024,58.5,67.5,D,1.0
GRD001902,STU00431,C203,Physics,Science,Fall 2024,50.9,45.1,F,0.0
GRD002085,STU00468,C103,Algebra II,Math,  Spring 2025,86.1,90.7,A,4.0
,STU00354,C301,english literature,English,Fall  2025,63.7,57.2,F,0.0
GRD002833,STU00629,C203,Physics,Science,Fall 2025,68.7,64.8,D,1.0
GRD002290,STU-00511,C701,Physical Education,PE,Fall 2024,93.1,90.4,A,4.0
GRD000162,STU00039,C602,MUSIC THEORY,Arts,Fall 2023,64.8,66.2,D,1.0
GRD000693,STU00157,C402,Government & Civics,social studies,Fall 2023,95.3,100,A,4.0
GRD000316,STU00072,C203,Physics,Science,fall 2024,77.9,80.9,B,3.0
GRD003561,STU00791,C203,Physics,Science,Spring 2024,83.3,80.1,B,3.0
GRD000277,STU00064,C101,Algebra I,Math,Spring 2025,86.8,92.9,A,4.0
GRD002420,STU00540,C501,Introduction to Programming,Technology,Fall 2023,76.0,84.0,B,3.0
GRD000562,STU00126,C601,Visual Arts,Arts,Spring 2024,93.9,98.7,A,4.0
GRD001456,STU00329,C301,english literature,English,Fall 2025,55.6,62.9,D,1.0
GRD002144,STU00481,C101,Algebra I,Math,Fall 2024,50.3,41.3,F,0.0
GRD003349,STU00744,C102,,Math,Fall 2024,76.7,71.0,C,2.0
GRD003820,stu00849,C301,English Literature,English,Fall 2025,88.7,94.3,A,4.0
GRD003852,STU00854,C701,Physical Education,PE,Spring 2025,90.6,83.3,B,3.0
GRD001570,STU00355,C101,Algebra I,Math,Fall 2025,59.9,62.7,D,1.0
GRD001921,STU00436,C203,Physics,Science,Fall 2025,87.1,77.7,c,2.0
GRD003849,STU00854,C301,English Literature,English,Fall 2024,85.0,88.8,B,3.0
GRD003769,STU00837,C501,introduction to programming,Technology,Spring 2024,98.0,89.3,B,3.0
GRD000731,STU00166,C102,Geometry,Math,Fall 2025,69.2,61.6,D,1.0
GRD003603,STU00800,C302,CREATIVE WRITING,English,,80.8,79.9,  C,2.0
GRD003126,STU00693,C401,World History,Social Studies,Spring 2025,87.9,94.1,A,4.0
GRD003918,STU869,,French I,Languages,Spring 2024,72.0,72.3,C,2.0
GRD002232,STU00499,C602,Music Theory,Arts,Fall 2025,88.7,87.6,B,3.0
GRD000589,STU00132,C401,World History,Social Studies,Spring 2024,98.0,97.1,A,4.0
GRD000024,STU00006,C501,Introduction to Programming,Technology,Fall 2024,93.4,87.5,B,3.0
GRD003204,STU00712,C701,Physical Education,PE,Fall 2025,93.4,99.1,A,4.0
GRD003584,STU00797,C502,Web Development,TECHNOLOGY,Fall 2024,98.9,90.2,A,4.0
GRD003840,STU00852,C601,Visual Arts,Arts,Fall 2023,86.2,92.8,A,4.0
GRD001667,STU00378,C101,Algebra I,Math,Fall 2024,76.4,81.5,B,3.0
GRD004303,STU00956,C501,Introduction to Programming,Technology,  Spring 2024,84.5,94.0,A,4.0
GRD000252,STU00057,C101,Algebra I,Math,fall 2024,56.0,54.4,F,0.0
GRD001167,STU00262,C102,Geometry,Math,Spring 2025,75.3,71.7,C,2.0
GRD001998,STU00451,C601,Visual Arts,Arts,Fall 2023,58.4,67.5,D,1.0
GRD002079,STU00467,C101,Algebra  I,Math,Fall 2023,98.6,100,A,4.0
GRD003459,STU00769,C301,English Literature,English,fall 2024,54.3,63.4,D,1.0
GRD000053,S0013,C801,Spanish I,Languages,Spring 2024,80.0,77.6,C,2.0
GRD000362,STU00083,C202,Chemistry,Science,Spring 2025,,67.1,  D,1.0
GRD003022,STU00670,C103,Algebra II,Math,Fall 2024,68.2,64.9,D,1.0
GRD001604,STU00363,C301,English Literature,English,Spring 2024,97.0,94.6,A,4.0
GRD000840,STU00192,,French I,Languages,Fall 2025,71.7,77.8,C,2.0
GRD002931,STU00651,C103,Algebra II,Math,Fall 2025,95.0,100,A,4.0
GRD004493,STU00997,C701,Physical Education,PE,Fall 2025,92.4,,A,4.0
GRD000728,STU00166,C202,Chemistry,Science,Fall 2024,50.5,54.5,F,0.0
GRD000456,STU00104,C801,Spanish I,Languages,Fall 2025,93.6,90.1,A,4.0
GRD003791,stu00842,C302,creative writing,English,Spring 2024,85.9,79.3,C,2.0
GRD000719,STU00164,C201,Biology,Science,Spring 2024,56.2,48.5,F,0.0
GRD000701,STU00159,C101,Algebra I,Math,Fall 2024,63.1,63.3,D,1.0
GRD002186,STU00490,C402,Government & Civics,Social Studies,Fall 2023,54.8,52.5,F,0.0
GRD004253,STU00943,C601,Visual Arts,Arts,Spring 2025,53.8,63.2,,1.0
GRD001713,STU00388,C402,Government & Civics,Social Studies,Fall 2023,51.2,59.8,F,0.0
GRD001759,STU00399,C502,Web Development,Technology,Fall 2025,63.0,55.1,F,0.0
GRD001196,STU01190,C201,Biology,Science,Fall 2023,81.9,78.5,C,2.0
GRD002390,STU00532,C301,English Literature,English,Spring 2024,54.3,50.3,F,0.0
GRD002788,STU00620,C102,Geometry,Math,Fall 2023,56.0,59.5,F,0.0
GRD004083,STU00906,C602,,  Arts,Spring 2024,71.3,62.9,D,
GRD000479,STU00109,C701,Physical Education,pe,Fall 2023,55.1,50.4,F,0.0
GRD003308,STU00735,C801,Spanish I  ,Languages,Fall 2023,99.1,91.6,A,4.0
GRD004286,STU00951,,World History,Social Studies,Spring 2024,85.0,84.4,B,3.0
GRD001634,STU-00370,C802,French I,Languages,Spring 2024,80.7,80.2,B,3.0
GRD003053,STU00677,C802,French I,Languages,Fall 2023,68.7,66.1,D,1.0
GRD001936,STU439,C802,  French I,Languages,Fall 2024,57.4,57.3,F,0.0
GRD003070,STU00681,C203,Physics,Science,Spring 2025,80.9,87.9,B,3.0
GRD002379,STU00529,C701,Physical Education,PE,Spring 2024,74.4,81.1,B,3.0
GRD000639,STU00144,C802,French I,Languages,Spring 2025,91.3,100,A,4.0
GRD004107,STU00911,C103,Algebra II,Math,fall 2025,80.2,72.5,C,2.0
GRD003938,STU872,C301,English Literature,English,Fall 2023,51.3,54.9,F,0.0
GRD001433,STU00325,C101,Algebra I  ,math,Fall 2025,83.9,85.4,B,3.0
GRD002707,STU00602,C602,Music Theory,Arts,Fall 2024,89.0,87.8,B,3.0
GRD003345,STU01449,C502,Web Development  ,Technology,Spring 2025,52.2,55.7,F,0.0
GRD004178,STU00927,C701,Physical Education,PE,Fall 2023  ,63.9,72.5,,2.0
GRD002873,STU00638,C401,World History,social studies,Fall 2024,73.6,77.3,C,2.0
GRD003678,STU816,C701,Physical Education,PE,Fall 2024,77.9,82.9,B,3.0
GRD004221,STU00936,C103,Algebra II,Math,Fall 2025,78.0,68.2,D,1.0
GRD002354,STU00524,C801,  Spanish I,Languages,Fall 2024,87.2,84.5,B,3.0
GRD004459,STU00989,C201,Biology,Science,Spring 2025,81.3,82.0,B,3.0
GRD000540,STU00121,C602,Music Theory,Arts,Spring 2025,67.4,65.0,D,1.0
GRD003786,STU00840,C201,Biology,Science,  Fall 2024,65.2,73.8,C,2.0
GRD002606,STU00581,C701,Physical Education,PE,Fall 2024,57.7,63.8,D,1.0
GRD002967,STU00659,C301,English Literature,English,Spring 2025,74.8,,C,2.0
GRD003969,STU00879,C701,Physical Education,PE,Spring 2025,75.7,80.2,B,3.0
GRD003345,STU-00743,C502,Web Development  ,Technology,Spring 2025,52.2,55.7,F,0.0
GRD003712,STU00824,C402,Government & Civics,Social Studies,Fall 2023,65.2,73.1,C,2.0
GRD004494,STU00997,C101,Algebra I,Math,Spring 2024,55.1,64.2,D,1.0
GRD002741,STU00610,C502,Web Development,Technology,Fall 2025,81.9,84.5,b,3.0
GRD002088,STU00469,C302,Creative Writing,English,Spring 2025,71.5,78.6,C,2.0
GRD001849,STU00419,C701,Physical Education,PE,Spring 2025,65.0,60.2,D,1.0
GRD000865,196,C202,Chemistry,Science,Spring 2025,61.7,65.9,D,1.0
GRD003473,stu00772,C701,Physical Education,PE,Fall 2025,72.3,63.1,D,1.0
GRD004000,STU01454,C701,Physical Education,PE,SPRING 2024,58.2,48.2,F,0.0
GRD004198,STU00931,C302,Creative Writing,English,Fall 2025,81.9,86.1,B,3.0
GRD003654,STU00811,C501,Introduction to Programming,Technology,Fall 2024,91.8,96.2,A,4.0
GRD002086,STU00469,C203,Physics,Science,Spring 2025,95.0,96.4,A,4.0
GRD000117,STU00028,C201,Biology,  Science,Spring 2025,68.0,74.2,C,2.0
GRD001120,STU00252,C202,Chemistry,Science,Fall 2025,82.7,91.9,A,4.0
GRD001824,STU00412,C801,Spanish I,Languages,Spring 2025,87.2,84.8,B,3.0
GRD002300,STU00513,C502,Web Development,Technology  ,Fall 2025,52.7,55.1,F,0.0
GRD003167,STU00703,C103,Algebra II,Math,Spring 2024,73.1,81.6,B,3.0
GRD003472,STU00772,C201,Biology,Science,Fall 2024,82.8,74.7,C,2.0
GRD003212,STU00713,C203,Physics,Science,Fall 2024,60.7,69.0,D,1.0
GRD003709,STU00823,C302,Creative Writing,English,Fall 2023,57.0,57.2,F,0.0
GRD004214,STU00935,C302,Creative Writing,English,Fall 2024,73.9,73.4,C,2.0
GRD002568,STU00572,C701,Physical Education,PE,Fall 2025,,84.3,B,3.0
GRD004143,STU00919,C502,Web Development,Technology,Spring 2024,55.1,59.3,F,0.0
,STU00731,C402,Government & Civics,Social Studies,Fall 2025,80.3,88.4,B,3.0
GRD000503,STU00114,C501,INTRODUCTION TO PROGRAMMING,Technology,Spring 2024,58.1,51.8,F,0.0
GRD003652,STU00811,C701,Physical Education,PE,Fall 2025,79.9,83.6,B,3.0
GRD003586,STU00797,C701,Physical Education,PE,Spring 2024,55.7,61.9,D,1.0
GRD001503,STU00341,C301,English Literature,English,Fall 2023,65.5,60.8,D,1.0
GRD002357,STU00525,C601,Visual Arts,ARTS,Spring 2024,55.8,58.5,F,0.0
GRD002485,STU00554,C701,Physical Education,PE,Fall 2023,53.2,58.3,,0.0
GRD002123,STU00476,C602,Music Theory,Arts,Fall 2024,54.5,45.2,F,0.0
GRD002070,STU00466,C202,Chemistry,Science,Spring 2025,86.1,81.1,B,3.0
GRD002743,STU00610,C102,Geometry,Math,Fall 2024,83.4,89.4,B,3.0
GRD003456,STU00768,C701,Physical Education,PE,Spring 2025,61.1,59.3,F,0.0
GRD001389,STU00315,C502,Web Development,Technology,Spring 2024,70.2,77.5,C,
GRD004206,STU00933,C401,World History,Social Studies,Spring 2025,74.7,82.3,B,3.0
GRD004412,STU00979,C201,Biology,Science,Spring 2025,76.4,66.4,D,1.0
GRD004385,STU00973,C701,Physical Education,PE,Spring 2025,72.4,81.8,B,3.0
GRD002212,STU00495,C103,Algebra II,Math,Fall 2025,77.7,76.1,C,2.0
GRD002163,STU00485,C201,Biology,Science,Fall 2023,69.1,68.3,D,1.0
GRD002649,STU00590,C501,Introduction to Programming,Technology,Fall 2025,91.0,83.8,B,3.0
,STU00003,C801,Spanish I,Languages,Fall 2024,52.1,42.3,F,0.0
GRD002170,STU00487,C103,Algebra II,Math,Fall 2025,57.0,60.9,  D,1.0
GRD003735,STU00829,C102,Geometry,Math,Fall 2025,66.5,69.1,D,1.0
GRD003237,STU00720,C401,World History,,Fall 2024,88.6,83.1,B,3.0
GRD000579,STU00131,C301,English Literature,English  ,FALL 2024,69.0,61.4,D,1.0
GRD001632,STU00369,C801,Spanish I,Languages,Spring 2025,92.1,98.6,A,4.0
GRD000665,STU00151,C301,English Literature,English,Spring 2025,73.5,73.7,C,2.0
GRD003134,STU00696,C802,French I,Languages,Fall 2024,96.7,89.8,B,3.0
GRD000202,STU00047,C701,PHYSICAL EDUCATION,PE,Fall 2023,88.3,83.0,B,3.0
GRD001945,STU441,C701,Physical Education,PE,Spring 2024,54.3,48.4,F,0.0
GRD001175,STU00263,C701,Physical Education,PE,Spring 2024,65.1,58.1,F,0.0
GRD001328,STU00300,C701,Physical Education,PE,Fall 2025,50.8,46.1,F,0.0
GRD004045,STU00895,C501,Introduction to Programming,Technology,Fall 2023,68.8,65.0,D,1.0
GRD001681,STU00381,C203,Physics,Science,Fall 2024,91.4,86.6,B,3.0
GRD002236,STU00500,C602,Music Theory,Arts,Fall 2024,51.3,57.8,F  ,0.0
GRD000106,STU00025,C601,Visual Arts,Arts,Fall 2025,72.4,81.8,B,3.0
GRD001051,STU00238,C701,Physical Education,PE,Fall 2023,75.4,78.7,C,2.0
GRD002298,STU00513,C602,Music Theory,Arts,Fall 2025,,85.0,B,3.0
GRD000815,186,C801,Spanish I,Languages,Fall 2025,77.1,68.9,D,1.0
GRD002207,STU00494,C202,Chemistry,Science,Spring 2024  ,98.1,96.5,A,4.0
GRD003236,STU00719,,Spanish I,Languages,Fall 2025,54.2,63.0,D,1.0
GRD004499,STU00998,C203,Physics,Science,Fall 2023,64.3,61.3,D,1.0
GRD002499,STU00556,C301,English Literature,English,Fall 2024,50.5,47.9,F,0.0
GRD004259,STU00944,C102,Geometry,MATH,Fall 2024,64.9,55.7,F,0.0
GRD001479,335,C201,Biology,Science,,67.7,63.2,  D,1.0
GRD002418,STU00539,C203,Physics,Science,Spring 2024  ,91.6,90.2,A,4.0
GRD000076,STU00018,C201,Biology,Science,Fall 2025,92.6,90.1,A,4.0
GRD001424,STU00323,C801,Spanish I,Languages,Spring 2024,92.8,97.5,A,4.0
GRD004204,STU00933,C801,spanish i,Languages,Spring 2025  ,81.0,80.1,B,3.0
GRD001019,STU00231,C701,,PE,Fall 2024,90.1,88.7,B,3.0
GRD001375,STU00312,C501,Introduction to Programming,Technology,Spring 2025,61.2,67.7,D,1.0
GRD000826,STU00188,C302,Creative Writing,English,Fall 2024,97.9,94.4,A,4.0
GRD000015,S0004,C301,English Literature,,Fall 2024,,56.6,F,0.0
GRD004283,STU00950,C501,Introduction to Programming,  Technology,Fall 2025,79.4,87.0,B,3.0
GRD003121,STU00692,C202,Chemistry,Science,Spring 2025,79.2,80.9,B,3.0
GRD004156,STU00922,C103,Algebra II,Math,Spring 2025,92.9,93.0,A,4.0
GRD004434,984,C802,French I,,Spring 2024,66.4,60.3,D,1.0
GRD003902,STU00864,,Physical Education,PE,Fall 2025,53.6,58.5,F,0.0
GRD000932,STU00213,C801,Spanish I,Languages,Spring 2025,77.9,83.3,B,3.0
GRD003880,STU00860,C602,Music Theory,Arts,Fall 2023,92.7,90.4,A,4.0
GRD003199,STU00710,C502,Web Development,Technology,Spring 2025,86.8,,C,2.0
GRD003145,STU00699,C701,PHYSICAL EDUCATION,PE,Fall 2024,,93.2,A,4.0
,STU00310,C601,Visual Arts,Arts,Fall 2025,61.3,68.6,D,1.0
GRD002780,STU00618,C801,Spanish I,Languages,  Fall 2025,61.4,60.9,D,1.0
GRD000748,STU00170,C203,Physics,Science,Fall 2024,80.2,84.1,B,3.0
GRD002711,STU00604,C201,Biology,Science,Fall 2023,86.2,,A,4.0
GRD000841,STU00192,C601,Visual Arts,Arts,Fall 2023,93.5,90.9,A,4.0
GRD000049,STU00011,C602,Music Theory,ARTS,Fall 2024,95.3,89.6,B,3.0
,S0632,C502,Web Development,Technology,Fall 2025,84.9,86.0,B,3.0
GRD003543,STU00788,C202,Chemistry,Science,Spring 2024,72.9,65.3,D,1.0
GRD004015,STU00889,C602,Music Theory,Arts,Spring 2024,98.9,93.3,A,4.0
GRD003531,STU00786,C602,music theory,Arts,Fall 2025,51.6,57.5,F,0.0
GRD000416,STU00095,C102,Geometry,Math,Fall 2025,81.1,71.7,C,2.0
GRD001378,S0313,C602,Music Theory,Arts,Spring 2024,59.5,58.9,F,0.0
GRD001005,STU00228,C102,Geometry,Math,Spring 2024,97.9,97.6,A,4.0
GRD003865,STU00857,C102,Geometry,Math,Fall  2025,67.7,71.8,C,2.0
GRD002175,STU00488,C601,Visual Arts,Arts,Spring 2024,,67.7,D,1.0
GRD000899,S0204,C302,Creative Writing,English,Spring 2024,96.8,100,A,4.0
GRD001960,STU00444,C701,Physical Education,PE,Fall 2024,73.5,67.5,D,1.0
GRD000380,STU00086,C401,World History,Social Studies,Fall 2024,53.1,57.0,,0.0
GRD003519,STU00783,C101,Algebra I,Math,Spring 2025,60.9,53.3,F,0.0
GRD000650,STU-00147,C602,Music Theory,Arts,Fall 2025,82.8,81.5,B,3.0
GRD001294,STU00292,C701,Physical Education,PE,Spring 2024,66.1,57.5,,0.0
GRD001126,stu00254,C501,Introduction to Programming,Technology,Fall 2024,70.4,65.9,D,1.0
GRD002666,STU00593,C101,Algebra I,Math,Spring 2024,76.7,77.7,C,2.0
GRD000582,STU00131,C701,Physical Education,PE,Fall 2024,59.1,54.9,F,0.0
GRD004443,STU00986,C701,Physical Education,PE,Fall 2024,78.6,78.6,C,2.0
GRD001281,STU-00289,C502,Web Development,Technology  ,Fall 2023,81.3,78.8,C,2.0
GRD003418,STU00761,C701,Physical Education,PE,Spring 2025,91.4,95.1,A,4.0
GRD000025,STU00006,C602,Music Theory,Arts,Fall 2023,99.4,100,A,4.0
GRD002131,STU00478,C101,Algebra I,Math,Fall 2023,71.7,73.3,C,2.0
GRD003142,STU00698,C203,Physics,Science,Spring 2025,81.9,86.4,B,3.0
GRD000729,166,C502,Web Development,Technology,Fall 2025,62.0,68.5,D,1.0
GRD000833,STU00190,C501,Introduction to Programming,Technology,fall 2024,77.3,84.5,B,3.0
GRD001207,STU-00271,C602,Music Theory,Arts,Fall 2024,94.6,100,A,4.0
GRD003665,STU00814,C701,Physical Education,PE,Fall 2024,66.6,72.7,C,2.0
GRD004122,STU00914,C301,English Literature,English,Spring 2024,93.2,92.1,A,4.0
GRD001266,STU00286,C202,Chemistry,Science,Spring 2025,88.3,80.3,B,
GRD003173,STU00705,C402,Government & Civics,Social Studies,Spring 2025,85.3,76.9,C,2.0
GRD001606,STU00364,C501,Introduction  to  Programming,TECHNOLOGY,Spring 2025,90.4,82.5,B,3.0
GRD003288,STU730,C602,Music Theory,Arts,Fall 2025,85.0,85.6,B,3.0
,STU560,C701,,PE,Fall 2023,87.0,,A,4.0
GRD003346,stu00744,C502,Web Development,TECHNOLOGY,Fall 2023,93.0,100,A,4.0
GRD003604,STU00800,C102,Geometry,Math,Fall 2024,51.2,58.1,F,0.0
GRD002506,STU00558,C701,Physical Education,PE,Fall 2024,,81.6,B,3.0
GRD002005,stu00452,C401,World History  ,Social Studies,Fall 2025,,92.7,A,4.0
GRD000094,STU00023,C801,  Spanish I,Languages,Spring 2025,68.7,70.3,C,2.0
GRD003359,STU00746,C501,Introduction to Programming,Technology,Fall 2025,51.1,57.9,F,0.0
GRD003127,STU00694,C103,ALGEBRA II,  Math,Fall 2023,92.8,90.7,A,4.0
GRD001451,329,C401,World History,Social Studies,Fall 2025,60.9,52.3,F,0.0
GRD003042,STU00674,C701,Physical Education,PE,Fall 2025,74.6,71.4,C,2.0
GRD004091,S0908,C302,Creative Writing,English,Fall 2023,71.7,67.4,D,1.0
GRD003716,STU00825,C201,Biology,Science,Fall 2025,87.6,95.4,A,
GRD001677,STU00380,C802,French I,Languages,fall 2025,81.0,80.3,B,3.0
GRD001809,409,,Web Development,Technology,Fall 2025,,97.3,A,4.0
GRD001048,STU00237,C701,Physical Education,PE,Spring 2024,56.5,60.7,D,1.0
GRD001269,STU00286,C501,Introduction to Programming,Technology,Spring 2024,76.3,84.6,B,3.0
GRD000126,STU00030,C501,Introduction to Programming,Technology,Fall 2025,62.0,67.4,D,1.0
GRD001973,STU00446,C601,Visual Arts,Arts,Spring 2025,52.6,57.4,F,0.0
GRD002285,STU00510,C502,Web Development,Technology,Fall 2024,72.5,64.7,D,1.0
GRD001504,STU00341,C101,Algebra I,Math,Fall 2024,69.4,76.4,C,2.0
GRD002964,STU00658,C602,Music Theory,Arts,Fall  2025,73.1,70.2,C,2.0
GRD003225,STU00716,C501,Introduction to Programming,Technology,Spring 2024,65.0,64.4,D,1.0
GRD001938,STU00439,C102,Geometry,Math,Spring 2024,87.3,86.6,B,3.0
GRD001820,STU00411,C802,French I,Languages,  Spring 2025,55.1,61.0,D,1.0
GRD002742,STU01148,C202,CHEMISTRY,Science,Fall 2023,83.4,86.1,B,3.0
GRD003573,STU00794,C402,Government & Civics,Social Studies,Fall 2023,90.7,81.7,B,3.0
GRD002778,618,C401,World History,Social Studies,Fall 2025,61.8,70.8,C,
GRD000866,stu00197,C302,Creative  Writing,English,Spring 2025,61.0,58.1,F,0.0
GRD000868,STU00197,C203,physics,Science,Fall 2024,64.8,63.3,D,1.0
GRD000478,STU00108,C202,Chemistry,Science,Spring 2024,81.8,,C,2.0
GRD004044,STU00895,C103,Algebra II,Math,Spring 2024,,64.5,D,1.0
GRD001342,STU00304,C602,Music Theory,Arts,Spring 2025,67.5,,C,
GRD002391,STU00532,C701,PHYSICAL EDUCATION,PE,Spring 2025,71.9,70.7,C,2.0
GRD000096,STU00023,C302,  Creative Writing,English,Fall 2025,91.9,83.7,B,3.0
GRD001707,STU00387,C501,Introduction to Programming,Technology,Fall 2024,56.2,46.5,F,0.0
GRD003956,STU00876,C301,English Literature,English,  Fall 2025,98.0,100,A,4.0
GRD002597,STU00578,C401,World History,Social Studies,Spring 2024,54.4,60.5,D,1.0
GRD003705,STU00822,C301,English Literature,English,Fall 2024,51.2,61.0,D,1.0
GRD003639,STU00807,C802,French I,Languages,Spring 2024,81.9,88.3,B,3.0
GRD003970,STU00879,C801,Spanish I,languages,Spring 2024,74.8,84.8,B,3.0
GRD003069,STU00681,C302,Creative Writing,English,Spring 2024,74.1,78.0,C,2.0
GRD003537,STU00787,C201,Biology,Science,Fall 2023,54.8,51.0,F,0.0
GRD000152,STU00037,,Physics,Science,Fall 2024,59.2,58.3,F,0.0
GRD000086,STU00021,C701,Physical Education,PE,Spring 2024,96.7,87.8,B,3.0
GRD002451,STU00546,C301,English Literature,English,Spring 2024,52.4,53.7,F,0.0
GRD001141,STU-00256,C301,English Literature,English,  Fall 2023,95.3,100,A,
,STU00327,C801,Spanish I,Languages,Fall 2025,79.5,72.1,C,2.0
GRD004335,STU00964,C103,Algebra II,Math,Fall 2024,85.1,77.8,C,2.0
GRD000174,STU00042,C202,Chemistry,Science,Fall 2023,97.4,94.1,A,4.0
GRD003695,STU00820,C801,Spanish I,Languages,Fall 2025,81.8,83.3,B,3.0
GRD001772,STU00402,C701,Physical Education,PE,Spring 2025,72.3,63.3,D,1.0
GRD003759,STU00834,C601,Visual Arts,Arts,Fall 2023,67.4,71.0,C,2.0
GRD002484,STU00554,C502,Web Development,Technology,Fall 2024,81.4,90.2,A,4.0
GRD000570,STU00129,C501,Introduction to Programming,Technology,Fall 2023,75.7,84.2,B,3.0
GRD002279,STU00509,C701,Physical Education,PE,Spring 2025,65.1,58.9,F,0.0
GRD000618,STU00140,C101,Algebra I,Math,Fall 2025,77.0,85.4,B,3.0
GRD001771,STU00402,C502,Web Development,  Technology,Fall 2024,83.8,77.7,C,2.0
GRD004305,stu00956,C102,Geometry,Math,Fall 2024  ,61.0,69.1,D,1.0
GRD001485,STU00337,C103,,Math,Spring 2025,75.0,67.1,D,1.0
GRD003749,STU00832,C102,Geometry,Math,  Fall 2024,74.2,73.2,C,2.0
GRD004139,STU00918,C701,Physical Education  ,PE,,,69.1,D,1.0
GRD000323,STU00073,C701,Physical Education,PE,Spring 2025,55.7,46.3,F  ,0.0
GRD000251,STU00057,C701,Physical Education,PE,Spring 2024,65.8,70.3,C,2.0
GRD001908,STU00433,C401,World History,Social Studies,Fall 2024,99.9,90.0,A,4.0
GRD000304,STU00070,C402,Government & Civics,Social Studies,Spring 2025,79.8,72.1,C,2.0
GRD000902,STU205,C102,Geometry,Math,Fall 2024,60.8,59.2,F,0.0
GRD000733,STU00167,C103,Algebra II,Math,Fall 2023,66.2,66.8,D,1.0
GRD001955,STU00443,C401,World History,Social Studies,Fall 2024,52.4,56.1,F,0.0
GRD001206,STU00270,C801,Spanish I,Languages,Fall 2025,87.7,91.0,A,4.0
GRD002626,STU00585,C302,Creative Writing,English,Fall 2025,84.4,82.5,  B,3.0
GRD001556,STU00352,,Music Theory,Arts,Fall 2025,88.1,90.2,A,4.0
GRD003354,STU00745,C802,French I,  Languages,Spring 2025,99.6,100,A,4.0
GRD004227,stu00938,C203,Physics,,Spring 2024,61.3,57.8,F,0.0
GRD000648,stu00147,C202,Chemistry,Science,Spring 2025,89.5,92.7,A,4.0
GRD000122,STU00029,C101,Algebra I,Math,Fall 2025,52.2,,F,
GRD001692,STU00384,C801,Spanish I,Languages,Fall 2024,53.4,49.3,F,0.0
GRD000601,STU00136,C302,Creative Writing,English,Spring 2025,90.6,100,A,4.0
GRD003657,STU812,C402,Government & Civics,Social Studies,Spring 2024,91.1,84.6,B,3.0
GRD004337,STU00964,C602,Music Theory,Arts,Fall 2023,78.7,,B,3.0
GRD002149,STU00482,C802,French I,Languages,Spring 2024,85.8,81.5,B,3.0
GRD001741,STU00395,C201,Biology,Science,Fall 2025,89.5,89.5,B,3.0
GRD003744,STU00831,C302,Creative Writing,English,Spring 2024,65.3,61.0,D,1.0
GRD004051,STU00897,C701,Physical  Education,PE,Spring 2024,90.6,97.6,A,4.0
GRD001961,STU444,C501,  Introduction to Programming,Technology,,65.6,69.9,D,1.0
GRD004478,STU00993,C101,Algebra I,Math,Fall 2025,71.5,69.2,D,1.0
GRD002023,STU455,C701,Physical Education,PE,Fall 2023,50.1,46.6,F,0.0
GRD002508,STU00558,C102,,Math,Fall 2024,87.0,78.7,C,2.0
GRD000521,STU00117,,Music Theory,Arts,Fall 2024,76.1,78.7,C,2.0
GRD004000,STU00885,C701,Physical Education,PE,SPRING 2024,58.2,48.2,F,0.0
GRD003021,STU00670,C501,INTRODUCTION TO PROGRAMMING,Technology,Spring 2025,67.9,73.7,C,2.0
GRD004162,924,C502,Web Development,Technology,Fall 2024,74.4,79.8,C,2.0
GRD001723,STU00391,C302,Creative Writing,English,Fall 2023,79.4,69.6,D,1.0
GRD003917,STU00868,C502,Web Development,Technology,Fall 2024,54.6,51.4,F,0.0
GRD000828,STU00189,C502,,Technology,Fall 2025,85.9,77.9,C,2.0
GRD003050,STU00676,C701,Physical Education,PE,Fall 2025,74.3,81.0,B,3.0
,STU00747,C501,Introduction to Programming,Technology,Fall 2023,79.2,72.1,C,2.0
GRD004325,STU00962,C801,Spanish I,Languages,Fall 2025,91.5,90.6,A,4.0
GRD003625,STU00805,C203,Physics,science,Fall 2024,54.5,59.6,  F,0.0
GRD003748,STU00832,C301,English Literature,English,Spring 2025,96.1,100,A,4.0
GRD002762,STU00614,C602,Music Theory,Arts,Spring 2025,51.2,51.7,F,0.0
GRD004461,STU00990,C402,Government & Civics,Social Studies,Fall 2025,79.8,74.1,C,2.0
GRD000881,STU00200,C502,Web Development,Technology,Spring 2025,95.0,98.3,A,4.0
GRD002199,STU00493,C102,Geometry,  Math,Spring 2024,50.0,49.1,F,0.0
GRD000442,STU00101,C402,Government & Civics,Social Studies,Fall 2025,71.1,61.6,D,1.0
GRD003433,STU00763,C501,Introduction to Programming,Technology,Fall 2025,52.6,57.4,F,0.0
GRD003874,stu00859,C402,Government & Civics,Social Studies,Fall 2023,92.4,96.0,A,4.0
GRD004467,STU00991,C301,English Literature,English,Spring 2025,51.0,43.0,F,0.0
GRD002769,STU00616,C602,Music Theory,Arts,Fall 2023,74.2,65.9,D,1.0
GRD001193,STU00267,C101,Algebra I,Math,Fall 2025,89.0,87.0,B,3.0
GRD003667,STU00814,C102,Geometry,Math,Spring 2024,81.0,,C,2.0
GRD003101,STU00688,,Physical Education,PE,Spring 2024,55.0,57.4,F,0.0
,STU00928,C202,Chemistry,Science,Fall 2024,90.8,97.5,A,4.0
GRD002589,STU00576,C401,World History,Social Studies,Fall 2023,52.0,53.7,F,0.0
GRD002222,STU00497,C602,Music Theory,Arts,Fall 2023,96.1,100,A,4.0
GRD002976,STU00661,C601,Visual Arts,Arts,Fall 2023,65.2,55.8,F,0.0
GRD002535,STU00565,C202,Chemistry,Science,Fall 2024,54.1,54.9,F,0.0
GRD002635,STU00587,C402,GOVERNMENT & CIVICS,Social Studies,Spring 2024,76.9,83.8,B,3.0
GRD002795,STU00621,C102,Geometry,Math,Spring 2024,60.4,68.5,D,1.0
GRD000652,STU00147,C701,Physical Education,PE,Spring 2025,73.5,79.6,C,2.0
GRD000446,STU00102,C701,Physical Education,PE,Fall 2025,66.5,59.1,F,0.0
,STU00224,C201,Biology,Science,Fall 2025,59.2,61.8,D,1.0
GRD001590,stu00360,C301,English Literature,English,Fall 2023,75.6,77.4,C,2.0
GRD004340,STU00964,C801,Spanish I,Languages,Spring 2024,86.1,90.7,A,4.0
GRD000299,STU00069,C402,Government  &  Civics,Social Studies,Fall 2023,60.5,60.2,d,1.0
GRD002521,STU00562,C502,Web Development,technology,Spring 2025,90.8,96.8,A,4.0
GRD003443,STU00766,C502,Web Development,Technology,Spring 2024,,61.4,D,1.0
GRD002980,STU00661,C502,Web Development,Technology,Spring 2024,75.5,81.9,B,3.0
GRD000959,STU00218,C502,Web Development,Technology,Spring 2025,65.5,69.0,D,1.0
GRD003107,STU00689,C701,Physical Education,PE,Spring 2025,94.7,,A  ,4.0
GRD003603,STU00800,C302,Creative Writing,English,,80.8,79.9,  C,2.0
GRD003415,760,C701,Physical Education,PE,Fall 2023,70.5,69.9,D,1.0
GRD003873,STU00859,C501,Introduction to Programming,Technology,Spring 2024,96.6,89.0,B  ,3.0
GRD001088,STU00246,C102,Geometry,  Math,Spring 2025,53.9,60.5,d,1.0
GRD000900,STU00205,C802,French I,Languages,Fall 2024,98.3,99.9,A,4.0
GRD002737,STU00609,C202,Chemistry,Science,Fall 2023,89.7,82.6,  B,3.0
GRD001244,STU00280,C402,Government & Civics,Social Studies,Fall 2024,56.5,54.9,F,0.0
GRD002785,620,C602,Music Theory,Arts,Fall 2025,95.9,100,A,4.0
GRD003091,STU00685,C401,World History,Social Studies,Spring 2025,94.8,98.9,A,4.0
GRD004505,STU00999,C401,World History,Social Studies,Spring 2024,79.1,76.5,C,2.0
GRD003512,STU00781,C701,Physical Education,PE,Spring 2025,63.6,56.5,F,0.0
GRD000032,STU00007,C203,Physics,Science,Fall 2025,53.9,46.4,F,0.0
GRD003018,STU00669,C501,Introduction  to  Programming,Technology,Fall 2025,82.8,79.6,C,2.0
GRD002247,STU00502,C502,Web Development,Technology,,62.6,60.8,D,1.0
GRD002999,STU00665,,Chemistry,,Fall 2023,52.4,60.2,D,1.0
GRD004310,STU00958,C301,English Literature,English,Fall 2024,93.3,89.2,B,3.0
GRD000780,STU00178,C203,Physics,Science,Spring 2024,96.7,100,A,4.0
GRD002384,S0531,C501,Introduction to Programming,TECHNOLOGY,Spring 2024,52.8,46.6,F,0.0
GRD001278,STU00288,C601,Visual  Arts,Arts,Fall 2024,94.5,87.5,B,3.0
GRD000895,STU00204,C801,Spanish I,Languages,Fall 2024,60.0,66.5,D,1.0
GRD002533,STU00565,C102,Geometry,Math,Fall 2025,57.3,62.9,D,1.0
GRD002022,STU455,C101,Algebra I,Math,,61.3,67.4,D,1.0
GRD001675,STU00380,C601,Visual Arts,Arts,Spring 2025,92.9,95.7,A,4.0
GRD003338,STU00742,C801,Spanish I,Languages,Spring 2025,84.6,85.3,B,3.0
GRD003502,STU00778,C701,Physical Education,PE,Fall 2024,51.0,52.4,F,0.0
GRD003540,STU00787,C401,WORLD HISTORY,Social Studies,Fall  2023,94.1,96.6,A,4.0
GRD002764,STU00615,C202,Chemistry,Science,Fall 2025,64.7,65.3,D,1.0
GRD002526,stu00563,,Physics,Science,Fall 2023,89.9,83.6,B,3.0
GRD000802,STU182,C501,Introduction to Programming,Technology,Fall 2023,55.5,64.8,D,1.0
GRD003825,STU00850,C602,Music Theory,Arts,SPRING 2024,52.2,48.8,F,0.0
GRD003919,STU00869,C402,Government & Civics,Social Studies,Spring 2025,82.9,86.2,B,3.0
GRD000910,STU-00208,C501,INTRODUCTION TO PROGRAMMING,Technology,Fall 2023,91.5,100,A,4.0
GRD002852,STU00633,C201,Biology,,Spring 2025,95.1,100,A,4.0
GRD001163,STU00261,C601,Visual Arts,Arts,Spring 2024,58.2,64.4,D,1.0
GRD002261,STU00505,C401,World History,Social Studies,Spring 2025,98.2,88.3,B,3.0
GRD003372,STU00750,C602,Music Theory,Arts,Fall 2024,97.0,96.1,A,4.0
GRD001161,STU00260,C602,Music Theory,Arts,Spring 2025,64.8,72.8,C,2.0
GRD003523,STU00784,C401,world history,Social Studies,Fall 2025,94.7,95.4,A,4.0
GRD001384,STU00314,C301,English Literature,English  ,Fall 2024,70.7,68.4,D,1.0
GRD003154,STU00700,C801,Spanish I,Languages,Fall 2023,53.9,51.3,F,0.0
GRD003218,STU00715,C203,,Science,Fall 2024,85.6,,A,
GRD004066,STU00902,C301,ENGLISH LITERATURE,English,Fall 2025,88.0,91.4,A,4.0
GRD001248,STU00281,C701,  Physical Education,PE,Fall 2025,97.5,89.6,B,3.0
GRD001149,STU00258,C102,Geometry,Math,Fall 2025,51.4,43.0,F,0.0
GRD001137,S0256,C701,Physical Education,PE,Fall 2024,94.2,98.8,A,4.0
GRD002904,S0645,C401,World History,Social  Studies,Spring 2025,58.4,64.1,D,1.0
GRD003529,STU-00785,C801,Spanish I,Languages,Fall 2025,90.3,88.9,B,3.0
GRD003650,STU00811,C801,Spanish I,Languages,Fall 2024,95.4,91.2,A,4.0
GRD001366,STU00309,C502,Web Development,Technology,Fall 2024,51.1,53.3,F,0.0
GRD003306,STU00735,C203,Physics,science,Spring 2024,75.5,82.5,B,3.0
GRD001408,STU00320,C102,Geometry,Math,Fall 2024,74.1,64.7,D,1.0
GRD001578,STU-00357,C301,English  Literature,English,Spring 2025,80.8,84.1,B,
GRD001201,STU00269,C801,Spanish I,Languages,  Fall 2024,91.9,98.9,A,4.0
GRD004407,STU00978,C402,Government & Civics,,Spring 2024,78.5,75.2,C,2.0
GRD003883,STU00861,C501,Introduction to Programming,Technology,Fall 2024,58.6,67.9,D,1.0
GRD002507,STU00558,C402,  Government & Civics,social studies,Fall 2025,,75.8,C,2.0
GRD001253,STU00282,C502,Web Development,Technology,  Fall 2025,93.3,98.7,A,4.0
GRD002900,STU00645,C802,French I,Languages,Fall 2024,,70.8,C,2.0
GRD001812,STU00409,C802,French I,Languages,Fall 2025,,58.6,F,0.0
GRD003869,STU00858,C601,,Arts,Spring 2025,90.1,96.5,A,4.0
GRD001054,STU00238,C802,French I,Languages,,58.1,55.9,F,0.0
GRD000823,STU-00188,C401,World History,Social Studies,Fall 2023,59.4,68.4,D,1.0
GRD004336,STU00964,C501,Introduction to Programming,Technology,Fall 2025,87.9,86.8,B,3.0
,STU00278,C801,Spanish I,Languages,Fall 2025,60.7,64.7,D,1.0
GRD001390,STU-00315,C402,Government & Civics,Social Studies,,68.9,77.5,C,2.0
GRD002819,STU00626,C701,Physical Education,PE,Spring 2024,96.0,95.5,A,4.0
GRD002094,STU00470,C802,French I,Languages,Spring 2024,82.9,82.2,B,
GRD003729,STU00828,C202,Chemistry,Science,Spring 2025,,70.4,C,2.0
,STU00415,C501,Introduction to Programming,Technology,Fall 2024,95.7,99.9,A,4.0
GRD003888,STU-00862,C802,French I,Languages,Fall 2024,60.9,66.2,D,1.0
,STU00009,C101,Algebra I,Math,Spring 2024,80.9,81.6,B,3.0
GRD004472,992,C701,Physical Education,PE,Fall 2023,98.8,97.8,A,4.0
GRD000440,STU00100,C701,Physical Education,  PE,Fall 2023,68.6,65.6,D,1.0
GRD004300,STU00955,C502,  Web Development,Technology,Fall 2023,83.2,74.7,C,2.0
GRD002288,STU00511,C402,,Social Studies,Fall 2023,69.0,77.1,  C,2.0
,STU00987,C802,French I,Languages,Spring 2025,63.8,57.5,F,0.0
GRD002563,STU00571,C302,Creative Writing,English,Spring  2025,86.3,79.8,C,2.0
GRD004240,STU00940,C801,Spanish I,Languages,Spring 2025,61.1,53.9,F,0.0
GRD003660,STU813,C802,French I,Languages  ,Fall 2024,83.6,90.0,A,4.0
,STU00652,C401,World History,Social Studies,Fall 2023,82.7,81.1,B,3.0
GRD000119,STU00028,C602,Music Theory  ,Arts,Fall 2025,98.7,99.3,A,4.0
GRD003450,STU00767,C701,Physical Education  ,PE,Fall 2024,50.3,49.0,F,0.0
GRD004228,STU00938,C801,Spanish I,Languages,Fall 2025,72.8,75.7,C,2.0
GRD003627,STU00805,C102,Geometry,Math,,65.2,73.3,C,2.0
GRD002316,STU00516,C701,Physical Education,PE,fall 2024,68.9,74.1,C,2.0
GRD003138,STU00697,C501,Introduction to Programming,Technology,Fall  2024,77.4,77.4,C,2.0
GRD004142,STU00919,C301,,English,Spring 2024,98.1,94.5,A,4.0
GRD000818,STU00187,C701,Physical Education,PE,Spring 2024,72.3,82.0,,3.0
GRD002639,S0588,C302,Creative Writing,English,Spring 2024,52.0,49.0,F,0.0
GRD000355,S0081,C701,Physical Education,PE,Fall 2025,55.9,63.8,D,1.0
GRD002103,STU00472,C801,  Spanish I,Languages,Fall 2025,89.5,86.1,B,3.0
GRD002941,STU00653,C601,Visual Arts,Arts,,75.7,78.0,C,2.0
GRD000283,STU00065,C502,Web Development,TECHNOLOGY,Fall 2025,64.4,71.7,C,2.0
GRD000062,STU00014,C501,Introduction to Programming,Technology,Spring 2024,74.6,76.2,C,2.0
GRD003703,STU00822,C201,Biology,Science,Spring 2025,54.8,51.9,F,0.0
GRD002539,STU00566,C501,Introduction to Programming,Technology,Spring 2025,67.4,75.6,C,2.0
GRD003939,STU00872,C602,Music Theory,Arts,Spring 2024,76.7,81.7,B,3.0
GRD002009,STU00453,C602,Music Theory,Arts,Spring 2025,86.1,89.4,B,3.0
GRD000566,STU00127,C601,Visual Arts,Arts,Fall 2024,57.2,60.6,D,1.0
GRD001821,STU00411,C401,World History  ,Social Studies,Spring 2024,52.9,46.1,F,
GRD001379,STU00313,C101,Algebra I,Math,Fall 2023,83.1,86.6,B,3.0
GRD000871,STU00197,C602,Music  Theory,Arts,Spring 2025,80.8,78.7,C,2.0
GRD003913,STU00867,C701,Physical Education,PE,Fall  2023,82.2,73.4,C,2.0
GRD004194,STU00931,C801,Spanish I,Languages,Spring 2024,55.2,56.0,F,0.0
GRD002258,STU00505,C201,Biology,Science,Fall 2025,89.5,80.2,,3.0
GRD002344,STU00521,C103,Algebra II,Math,Fall 2023,89.2,97.3,A,4.0
GRD002220,496,,ALGEBRA I,,Spring 2025,65.3,60.5,D,1.0
GRD001296,STU00293,C701,Physical Education  ,PE,Fall 2024,93.5,88.4,B,3.0
GRD002991,STU00663,C802,French I  ,Languages,Spring 2024,62.2,60.5,D,1.0
GRD001208,STU00271,C401,World History,Social Studies,fall 2024,93.0,100,a,4.0
GRD002278,STU00508,C602,Music Theory,Arts  ,Spring 2025,81.4,76.1,C,2.0
GRD003117,STU00691,C103,Algebra II,Math,Spring 2025,56.2,50.8,F,0.0
,STU00510,C402,Government & Civics,Social Studies,Spring 2024,63.5,72.9,C,2.0
GRD000048,STU00011,C701,physical education,PE,Fall 2025,57.3,52.8,F,0.0
GRD002050,STU00462,C802,,Languages,Fall 2024,83.4,86.4,B,3.0
GRD001864,STU00422,C802,French I,Languages,Spring 2025,94.4,95.4,A,4.0
GRD003260,STU00724,C203,Physics,Science,Spring 2024,72.3,76.3,C,2.0
GRD000944,STU00215,C701,,PE,Fall 2023,68.7,66.2,D,1.0
GRD001410,STU00320,C203,Physics,Science,Fall 2025,50.0,46.8,F,0.0
GRD004042,STU00895,C701,Physical Education,PE,Spring 2024,96.4,95.1,A,4.0
GRD002172,STU00487,C801,Spanish I,Languages,Fall 2024,92.8,84.2,B,
GRD002321,STU00517,C401,World History,Social Studies,Spring 2024,73.1,71.7,C,2.0
GRD001626,STU00368,C202,Chemistry,Science,Fall 2024,59.3,63.8,D,1.0
GRD004079,STU00905,C401,World History,Social Studies,Spring 2024,99.4,92.0,A,4.0
GRD000159,STU00039,C502,Web  Development,Technology,Spring 2024,95.0,87.4,B,3.0
GRD000547,STU00123,C802,French I,Languages,fall 2025,69.8,67.9,D,1.0
GRD001156,STU00259,C601,Visual Arts,Arts,Fall 2025,69.4,71.3,C,2.0
GRD001802,STU00408,C601,Visual Arts  ,Arts,Fall 2023,97.7,95.0,A,4.0
GRD002929,STU00651,C502,Web Development,Technology,Spring 2024,86.0,92.3,A,4.0
GRD000178,43,C802,French I,Languages,Fall 2023,51.4,51.4,F,0.0
GRD000059,STU00014,C402,Government & Civics,Social Studies,Spring 2024,86.3,93.8,A,4.0
GRD000317,STU72,C701,  Physical Education,PE,Fall 2024,58.0,65.9,D,1.0
GRD000258,STU00059,C501,Introduction to Programming,Technology,Fall 2025,94.2,86.8,B,3.0
GRD000305,STU00070,C301,English Literature,English,Fall 2024,92.2,94.0,A,4.0
GRD002650,STU00590,C401,World History,Social Studies,Spring 2025,84.9,86.2,B,3.0
GRD003120,STU00692,C401,World History,Social Studies,Fall 2024,52.6,45.8,F,0.0
GRD000774,STU00177,C501,Introduction to Programming,Technology,Spring 2025,94.8,100,A,4.0
GRD000270,STU00062,C201,Biology,science,Spring 2024,90.4,94.2,A,4.0
GRD000819,STU00187,C301,ENGLISH LITERATURE,English,Fall 2024,95.5,98.9,A,4.0
GRD003547,STU789,C601,Visual Arts,Arts  ,Fall 2023,58.8,59.6,F,0.0
GRD001571,STU00356,C401,World History,Social Studies,Fall 2024,63.5,68.3,D,1.0
GRD000154,STU00038,C401,World History,Social Studies,Spring 2024,77.6,77.2,C,2.0
GRD004308,STU00957,C701,Physical Education,PE,Fall 2025,82.1,79.5,c,2.0
GRD001565,STU00354,C402,government & civics,Social Studies,Fall 2024,82.4,84.6,B,3.0
GRD001270,STU00287,C502,Web Development,Technology,Fall 2024,98.9,100,A,4.0
GRD002096,STU00471,C701,physical education,PE,Fall 2024,79.3,85.0,B,3.0
GRD001286,STU00290,C701,Physical Education,PE,Spring 2025,56.5,65.2,D,1.0
GRD001118,STU00252,C801,Spanish I,Languages,Fall 2025,78.2,85.1,B,3.0
GRD001033,STU00234,C101,Algebra I,Math  ,Fall  2024,50.7,45.9,F,0.0
GRD004132,STU00916,C301,English Literature,English,Spring 2024,66.3,65.6,D,1.0
GRD001548,STU00350,C203,,Science,Fall 2023,51.2,49.2,F,0.0
GRD001773,STU00402,C103,Algebra II,Math,Fall 2024,93.4,96.8,A,4.0
GRD001478,STU00335,C301,English Literature,English,Spring 2025,52.7,60.1,D,1.0
GRD001745,STU00396,C701,Physical Education,PE,Spring 2025,,72.9,C,2.0
GRD001159,STU00260,,World History,Social Studies,Spring 2025,89.0,93.2,A,4.0
GRD001952,STU00442,C502,Web Development,Technology,,89.4,95.6,A,4.0
GRD000744,STU00169,C201,Biology,Science,Spring 2024,64.4,63.3,D,1.0
GRD003953,STU00875,C203,Physics,Science,Fall 2024,97.2,87.2,B,3.0
GRD000424,STU00097,C701,Physical  Education,PE,Fall 2025,73.1,71.2,C,2.0
GRD000793,STU00180,C701,Physical Education,PE,Spring 2024,86.7,80.5,B,3.0
GRD004182,STU00928,C301,English Literature,English,Fall 2025,74.1,77.1,C,2.0
,STU00403,C203,Physics,Science,Spring 2024,94.9,97.1,A,
GRD002102,STU00472,,Visual Arts,Arts,Fall 2025,59.4,50.4,F,0.0
GRD003927,STU00870,C701,Physical Education,PE,Spring 2024,99.4,97.6,A,4.0
GRD002679,S0596,C501,Introduction to Programming,Technology,Spring 2025,51.3,56.6,F,0.0
GRD003419,STU00761,C101,Algebra I,Math,Spring 2024,69.4,75.2,C,2.0
GRD002400,STU00535,C602,Music Theory,Arts  ,Spring 2025,52.1,45.5,F,0.0
GRD000443,STU00101,C501,Introduction to Programming,Technology,Fall 2025,74.8,64.8,D,1.0
GRD001142,STU00256,C601,Visual Arts,Arts,Spring 2024,75.1,65.4,D,1.0
GRD003252,STU00723,C103,Algebra II,Math,Spring 2025,68.4,78.0,C,2.0
GRD002369,STU00527,C301,English Literature,English,Fall 2023,82.8,83.2,B,3.0
GRD000440,STU00100,C701,Physical Education,  PE,Fall 2023,68.6,65.6,D,1.0
GRD002378,STU00529,C302,Creative Writing,English,Fall 2025,98.0,91.9,,4.0
GRD003743,STU00831,C602,Music Theory,Arts,Spring 2024,68.7,60.1,D,1.0
GRD000137,STU00033,C301,English Literature,English,Fall 2024,83.9,78.6,C,2.0
GRD003073,STU-00681,C501,Introduction to Programming,,Spring 2024,68.9,73.7,C,2.0
GRD004402,STU00977,C402,Government & Civics,Social Studies,Spring 2025,82.6,76.6,C,2.0
GRD001338,STU303,C602,Music Theory,,Fall 2023,59.8,61.0,D,
,STU00843,C201,Biology,Science,Spring 2024,,88.4,B,3.0
GRD002301,STU00513,C302,Creative Writing,English,Spring 2024,54.3,53.6,F,0.0
GRD001661,STU00376,C501,Introduction to Programming,Technology,Spring 2025,95.0,94.3,A,4.0
GRD001740,STU00395,,World History,Social Studies,fall 2025,60.3,69.4,D,1.0
GRD000674,STU00153,C202,Chemistry,Science,Spring 2024,81.9,88.9,B,3.0
GRD000770,STU00175,C701,Physical Education,PE,Fall 2023,65.2,60.2,D,1.0
GRD001601,STU00362,C502,,Technology,Fall 2025,82.7,82.7,B,3.0
GRD001754,STU00398,C202,Chemistry,Science,Spring 2025,51.5,54.7,F,0.0
GRD000825,STU00188,C801,Spanish I,Languages,Fall 2024,,55.1,F,0.0
GRD001255,STU00283,C102,Geometry,Math,,90.2,96.2,A,4.0
GRD000504,STU00114,C401,World History,Social Studies,Fall 2025,99.2,100,A,4.0
GRD002029,STU00457,C101,Algebra I,Math,Fall 2023,60.3,65.0,D,1.0
GRD000860,STU00195,C302,CREATIVE WRITING,English,Spring 2025,52.5,44.7,F,0.0
GRD002331,STU00519,C202,Chemistry,Science,Fall 2024,79.1,82.1,B,
GRD001352,STU00306,C801,Spanish I,Languages,Fall 2024,65.8,60.3,D,1.0
GRD003411,STU00759,C102,Geometry,Math,Spring 2024,76.2,79.6,,2.0
GRD002447,STU00545,C701,Physical Education,PE,spring 2024,88.6,86.0,B,3.0
GRD002243,STU00501,C401,WORLD HISTORY,Social Studies,Fall 2024,57.4,48.0,F,
GRD002104,STU00472,C302,Creative Writing,English,Fall 2025,98.9,97.6,A,4.0
GRD001235,STU00278,C601,Visual Arts,Arts,Fall 2023,79.7,79.2,C,2.0
GRD003131,STU00695,C401,World History,Social Studies,Fall 2023,65.0,67.0,D,1.0
GRD001625,STU00368,C103,Algebra II,Math,Spring 2025,97.8,89.1,B,3.0
GRD003423,STU00761,C801,spanish i,Languages,Spring 2024  ,79.3,78.1,C,2.0
GRD001635,STU00370,C502,Web Development,,Spring 2025,68.3,69.5,D,1.0
GRD001105,STU00249,C502,Web Development,Technology,Fall 2024,72.6,70.4,C,2.0
GRD001876,STU00425,C201,Biology,Science,Spring 2024  ,97.2,100,A,4.0
GRD003062,STU00679,C102,GEOMETRY,Math,Fall 2024,94.6,100,A,4.0
GRD004090,STU00907,C302,Creative Writing,English,Spring 2024,82.8,,B,3.0
GRD004078,STU00905,C201,Biology,Science,Fall 2024,77.4,74.3,C,2.0
GRD002455,STU00547,C801,Spanish I,Languages,Fall 2023,84.8,,B,3.0
GRD001205,STU00270,C602,MUSIC THEORY,Arts,Spring 2024,74.3,84.2,B,3.0
GRD001589,STU00360,C701,Physical Education,PE,Fall 2023,98.7,100,A,4.0
GRD000417,STU00095,,World History,,Fall 2023,91.9,89.3,B,3.0
,STU00943,C402,Government & Civics,Social Studies,fall 2023,70.9,77.4,C,2.0
,STU00249,C402,Government & Civics,SOCIAL STUDIES,Fall 2025,82.3,86.0,B,3.0
GRD002531,STU00564,C301,English Literature,English,Spring 2024,53.6,46.3,F,0.0
GRD003779,STU00839,C102,Geometry,  Math,Fall 2024,98.0,91.7,A,4.0
GRD003116,STU00691,C701,Physical Education,PE,Fall 2025,58.1,54.7,F,0.0
GRD000172,STU00042,C102,Geometry,Math,Spring 2024,85.7,77.3,C,2.0
GRD002206,STU00494,C501,Introduction to Programming,Technology  ,Fall 2023,60.2,51.4,F,0.0
GRD004205,stu00933,C701,Physical  Education,PE,Fall 2024,73.4,83.1,B,3.0
GRD004391,STU00974,C502,Web Development,Technology,Spring 2024,88.1,96.8,A,4.0
GRD001988,STU00449,C202,Chemistry,Science,Fall 2024,55.2,61.8,D,1.0
GRD003930,STU00871,C402,government & civics,Social Studies,Fall 2023,72.9,63.5,D,1.0
GRD002560,STU00570,C701,Physical Education,PE,Fall 2023,90.1,87.3,B,3.0
GRD000108,26,C202,Chemistry,Science,Spring 2025,78.4,86.3,B,3.0
GRD000436,STU00099,C402,Government & Civics,Social Studies,Spring  2024,79.5,88.1,B,3.0
GRD004439,STU00985,C701,Physical Education,PE,Fall 2025,79.0,70.1,C,2.0
,STU00450,C401,World History,Social Studies,Fall 2024,51.8,60.6,D,1.0
GRD002057,463,C102,Geometry,Math,Fall 2023,52.1,,F,
GRD000611,STU00138,C402,Government & Civics,social studies,Fall 2024,92.2,96.4,A,4.0
GRD002095,471,C802,,Languages,Spring 2025,97.4,91.2,A,4.0
GRD001065,STU00241,C201,Biology,Science,Fall 2025,68.7,60.4,D,1.0
GRD001585,STU00359,C501,Introduction to Programming,Technology,Fall 2024,56.2,65.6,D,1.0
,STU00534,C203,Physics,Science,Spring 2025,50.6,60.2,D,1.0
GRD004095,STU00908,C202,Chemistry,Science,Fall 2025,77.3,81.0,B,3.0
GRD000038,STU00008,C701,Physical Education,PE,Spring 2025,68.8,66.5,D,1.0
GRD001322,STU00298,C102,Geometry,Math,Spring 2024,76.4,71.6,C,2.0
GRD003790,STU00841,C203,Physics,Science,  Fall 2025,89.0,96.6,A,4.0
GRD002317,STU00516,C602,Music Theory,Arts,Spring 2025,68.7,76.9,C,2.0
GRD000398,STU00090,C701,physical education,PE,Spring 2025,66.2,65.5,D,1.0
GRD000321,STU00073,C802,French I,Languages,Fall 2023,,97.8,A,4.0
GRD001909,STU00433,C101,Algebra I,Math,Spring 2025,96.1,,B,3.0
GRD003907,STU00866,C701,Physical  Education,PE,Fall 2024,88.2,87.2,B,3.0
GRD001447,STU00328,C101,Algebra I,Math,Spring 2025,61.8,61.6,D,1.0
GRD001124,STU00253,C103,Algebra II,Math,Spring 2025,52.1,51.6,F,0.0
GRD002335,STU00520,C203,Physics,Science,Fall 2024,60.3,52.6,F,0.0
GRD004344,STU00965,C801,Spanish I,Languages,Fall 2023,,79.9,c,2.0
GRD000644,STU00145,C701,Physical Education,PE,Fall 2023,65.0,66.2,D,1.0
GRD003246,STU00722,C701,Physical Education,PE,Fall 2024,90.3,100.0,A,4.0
GRD000470,STU00107,C701,Physical Education,PE,Spring 2024,78.2,77.8,C,2.0
GRD003480,STU00774,C502,Web Development,Technology,Spring 2024,94.9,97.6,A,4.0
GRD000344,STU00078,C502,Web Development,Technology,Fall 2024,83.8,76.0,C,2.0
GRD000580,STU00131,C101,Algebra I,Math,Spring 2025,98.0,92.1,A,4.0
GRD000074,STU00018,C502,Web Development,TECHNOLOGY,Fall 2024,88.1,,B,3.0
GRD000179,STU00043,C402,Government & Civics,Social Studies,fall 2024,,91.7,A,4.0
GRD000583,STU00131,C402,Government & Civics,Social Studies  ,Fall 2025,94.6,92.7,A,4.0
GRD000480,S0109,C502,Web Development,Technology,Fall 2023,50.6,46.2,,0.0
GRD003933,871,C101,,Math,Fall 2024,60.7,56.2,F,0.0
GRD001584,STU00359,C302,Creative Writing,English,Spring 2024,67.4,62.1,D,1.0
GRD001917,STU00435,C501,Introduction to Programming,Technology,Fall 2023,88.8,97.6,A,4.0
GRD002566,S0571,C801,Spanish I,Languages,Fall 2023,50.2,53.4,F,0.0
GRD004188,STU00930,C602,Music Theory,Arts,Spring 2024,62.0,64.5,D,1.0
GRD001242,STU279,C602,Music  Theory,Arts,Fall 2025,80.5,86.7,B,3.0
GRD003762,STU00835,C501,Introduction to Programming,Technology,Spring 2024,68.0,77.3,C,2.0
GRD000905,STU00206,C502,Web Development,Technology,Spring 2024,82.4,87.3,B,3.0
GRD001265,STU00286,C801,Spanish I,Languages,Fall 2025,78.1,79.0,C,2.0
GRD003746,STU00831,C201,Biology,Science,Fall 2023,91.9,86.1,B,3.0
GRD000296,STU00068,C802,French I,Languages,Fall 2025  ,92.4,88.3,B,3.0
GRD001783,STU404,C501,Introduction to Programming,Technology,Spring 2025,87.3,79.9,C,2.0
GRD002505,STU00558,C501,Introduction to Programming,Technology,Fall 2025,72.7,67.2,D,1.0
GRD004301,STU00955,C203,Physics,Science,Fall 2024,65.9,71.5,C,2.0
GRD003553,STU00790,C801,Spanish I,Languages,Fall 2025,63.3,72.0,C,2.0
GRD000522,STU00117,C301,English Literature,English,Spring 2025  ,98.9,90.8,A,4.0
GRD004196,STU00931,C203,PHYSICS,  Science,Fall 2024,58.2,50.8,F,0.0
GRD000847,STU00193,C102,  Geometry,Math,Fall 2023,,91.3,A,
GRD004307,STU00957,C602,Music Theory,Arts,Fall 2024,91.2,88.9,B,3.0
GRD001615,STU-00366,C701,Physical Education  ,PE  ,Fall 2024,70.3,61.0,D,1.0
GRD000713,STU00162,C701,Physical Education,PE,Fall 2025,65.5,71.1,C,2.0
GRD000230,STU00053,C201,,SCIENCE,Fall 2023,62.0,56.0,F,0.0
GRD002211,STU00495,C602,Music Theory,Arts,Fall 2024,59.2,64.8,D,1.0
GRD002470,STU-00550,C701,Physical Education,PE,Spring 2025,69.5,74.8,,2.0
GRD002600,STU00579,C601,Visual Arts,Arts,  Fall 2025,50.7,41.6,F,0.0
GRD003136,STU00696,C302,Creative Writing,English,Fall 2024,84.5,85.3,B,3.0
GRD001070,STU00242,C701,Physical Education,PE,fall 2025,74.9,66.2,D  ,1.0
GRD003611,STU00802,C402,,Social Studies,Spring 2025,61.0,54.8,F,0.0
GRD002620,STU00584,C302,Creative Writing,English,Fall 2024,92.8,93.9,A,4.0
GRD001558,STU00353,C502,Web Development,Technology,Fall 2024,73.8,65.6,D,1.0
GRD000439,STU00100,C601,Visual Arts,Arts,Fall  2024,50.0,48.4,F,0.0
GRD001846,STU00418,C103,Algebra II,Math,Fall 2023,88.1,95.0,,4.0
GRD003773,STU00837,C602,Music Theory,Arts,Spring 2024,74.9,82.0,B,3.0
GRD001036,STU00235,C802,French I,Languages,Spring 2025,60.0,56.7,F,
,STU00985,C301,English Literature,English,Fall  2025,86.0,,A,4.0
GRD003835,STU00851,C201,Biology,Science,Fall 2024,83.6,93.2,A,4.0
GRD000249,STU00057,C402,Government & Civics,Social Studies,Spring 2025,94.3,100,A,4.0
,STU00195,C801,Spanish I,Languages,Spring 2025,51.3,41.4,F,0.0
GRD000306,STU00070,C501,Introduction to Programming,Technology,Fall 2025,53.4,54.9,F,0.0
GRD000735,STU01090,C201,Biology,Science,Spring 2024,88.0,82.1,B,3.0
GRD001966,STU00445,C302,Creative Writing,English,Fall 2024,73.0,74.2,C,2.0
GRD000576,STU00130,C501,Introduction to Programming,Technology,Spring 2025,88.1,97.7,A,4.0
GRD000067,STU00016,C202,Chemistry,Science,Fall 2025  ,53.9,50.8,F,0.0
GRD000556,STU00125,C402,Government & Civics,Social Studies,Fall 2024,52.9,54.2,F  ,0.0
GRD003589,STU00798,C202,Chemistry,Science,Fall 2023,70.4,73.5,C,2.0
GRD003326,STU00739,C301,English Literature,English,fall 2024,63.7,66.8,D,1.0
GRD002115,STU00474,C401,World History,Social Studies,Spring 2024,62.0,56.6,F,
GRD001967,STU00445,C502,Web Development,Technology,Fall 2023,75.2,72.2,C,2.0
GRD001382,STU00314,C201,Biology,Science,fall 2025,75.9,72.4,C,2.0
GRD004075,STU00904,C402,Government & Civics,Social Studies,Fall 2024,65.2,66.4,D,1.0
GRD003932,STU00871,C701,Physical Education,PE,Spring 2025,50.7,54.8,F,0.0
GRD004371,STU00971,C302,Creative Writing,English,Fall 2025,67.1,58.9,F,0.0
GRD001006,STU-00228,C203,Physics  ,Science,Fall 2023  ,67.8,76.5,C,2.0
GRD003518,STU00782,C802,French I,Languages,Fall 2023,81.2,82.2,,3.0
GRD002997,STU00665,C502,Web  Development,Technology,Fall 2023,77.3,,,3.0
GRD000573,STU00129,C302,Creative Writing,English,Fall 2023,84.5,85.2,B  ,3.0
GRD003188,STU00708,C602,Music Theory,Arts,Spring 2025,64.1,73.4,,2.0
GRD003435,STU00764,C802,French I,,FALL 2025,75.6,75.5,C,2.0
GRD003725,STU00827,C202,Chemistry,Science,Spring 2024,96.7,91.3,A,4.0
GRD002364,STU526,C701,Physical Education,PE,Spring 2025,90.5,84.9,B,
GRD004210,934,C202,Chemistry,Science,Fall 2025,87.0,81.0,B,3.0
GRD000661,STU00150,C103,Algebra II,  Math,Fall 2023,71.8,74.5,C,2.0
GRD004052,STU00897,C402,Government  &  Civics,Social Studies,Fall 2025,63.8,71.0,C,2.0
GRD003832,STU00851,C801,Spanish I,Languages,Fall 2024,69.1,77.4,C,2.0
GRD002930,STU00651,C602,Music Theory,Arts,Spring  2024,78.0,69.8,D,1.0
GRD003239,STU-00720,C301,English Literature,English,Spring 2024,95.4,96.0,A,4.0
GRD003141,STU00698,C502,Web Development,Technology,Fall 2023,65.4,63.2,D,1.0
GRD003570,793,C701,Physical Education,PE,Fall 2024,92.1,100.0,A,4.0
GRD001267,STU00286,C401,world history,Social Studies,Fall 2025,,79.3,C,2.0
GRD002714,STU00605,C401,World History,Social Studies,Fall 2023,75.6,74.2,C,
GRD001483,STU00336,C701,Physical Education,PE,Fall 2023,69.4,75.0,C,2.0
GRD004038,STU00894,,Physics,Science,Fall 2023,79.0,84.0,B,3.0
GRD000543,STU00122,C502,Web Development,Technology,fall 2024,72.9,79.6,C,2.0
GRD001472,STU00333,C401,World History,Social Studies,Fall 2025,91.6,84.1,B,3.0
GRD000755,stu00173,C701,Physical Education,PE,Spring 2025,57.9,53.3,F,0.0
GRD001213,STU00272,C301,English Literature,English,Fall 2025,80.9,88.9,B,3.0
GRD002753,STU00612,C103,Algebra II,Math,Fall 2025,65.5,,C,2.0
GRD000938,STU00214,C502,Web Development,Technology,Fall 2025,96.4,89.0,B,3.0
GRD001432,STU00325,C401,World History,Social Studies,FALL 2024,79.8,88.4,B,3.0
GRD004087,STU00907,C802,French I,Languages,Fall 2025,73.8,71.7,C,2.0
GRD003080,STU00683,C701,Physical Education,PE,Spring 2024,52.2,54.6,F,0.0
GRD001127,STU00254,C203,Physics,Science,Spring 2024,99.1,93.8,A,4.0
GRD000132,STU00032,C601,Visual Arts,Arts,Spring 2024,96.5,87.8,B,3.0
GRD003538,STU00787,C301,English Literature,English,Spring 2024,67.2,63.7,D,1.0
,STU00076,C701,Physical Education,PE,Spring 2024,63.1,71.0,C,2.0
GRD000555,STU00125,C501,Introduction to Programming,Technology,Fall 2025,83.4,76.1,C,2.0
GRD001053,STU00238,C301,English Literature,English,  Spring 2025,52.1,60.3,D,1.0
GRD000616,139,C202,Chemistry  ,Science,Fall 2024,76.0,76.1,C,2.0
GRD000751,STU00171,C101,Algebra I,Math,Spring 2025,52.8,47.2,F,0.0
GRD000605,STU00137,C501,Introduction  to  Programming,Technology,Spring 2024,73.6,76.8,C,2.0
GRD000441,STU00101,C102,Geometry,Math,Spring 2024,50.5,56.1,F,0.0
GRD002021,STU00455,C602,Music Theory,Arts,Spring 2025,56.5,63.7,D,1.0
GRD000666,STU00151,C203,Physics,Science,Spring 2025,84.3,77.9,C,2.0
GRD003844,STU00853,C601,Visual Arts,Arts,Fall 2024,97.6,100,,4.0
GRD002107,STU00473,C801,Spanish I,Languages,Fall 2025,88.5,89.8,B,3.0
GRD003146,STU00699,C101,Algebra I,Math,Fall 2023,54.0,48.4,F,
GRD002138,STU00479,C102,Geometry,Math,Fall 2023,73.8,79.7,c,2.0
GRD001528,STU00347,C502,Web Development,Technology,Fall 2023,53.4,49.0,F,0.0
GRD004117,STU00913,C502,Web Development,Technology,Spring 2025,73.3,64.6,D  ,1.0
GRD002966,STU00659,C202,Chemistry,Science,Fall 2025,88.1,80.7,B  ,3.0
GRD003949,874,C101,Algebra I,Math,Spring 2025,73.8,76.6,C,2.0
GRD000207,STU00048,C101,Algebra I,Math,Spring 2024,99.7,92.5,A,4.0
GRD004057,STU00899,C202,Chemistry,Science,Spring 2025,51.2,43.3,F,0.0
GRD003814,STU00847,C101,Algebra I,Math,FALL 2024,62.8,68.2,D,1.0
GRD001305,STU00295,C103,Algebra II,Math,Spring 2024,79.1,75.3,C,2.0
GRD001307,STU00295,C502,Web Development  ,Technology,Spring 2025,,92.1,A,4.0
GRD000560,STU00126,C402,Government & Civics,Social Studies,Fall 2024,64.7,58.3,F,0.0
GRD002268,STU00507,C102,Geometry,Math,Fall 2023,88.9,86.9,B,3.0
GRD001888,STU00428,C202,Chemistry,Science,Spring 2025,59.9,50.0,F,0.0
GRD000880,STU00200,C103,Algebra II,Math,Spring 2025,69.4,78.0,C,2.0
GRD003686,STU00818,C301,English Literature,English,Fall 2024,77.8,69.6,D,1.0
GRD002583,STU00575,C302,creative writing,English,Fall 2023,81.8,79.6,C,2.0
GRD004105,STU00910,C801,Spanish I,Languages,Fall 2023,64.2,54.7,F,0.0
GRD002518,STU00561,C502,Web Development,Technology,Fall 2024,88.8,96.6,A,4.0
GRD000886,STU00201,C701,Physical Education,PE,Spring 2024,83.1,74.1,C,2.0
GRD000176,STU00042,C602,Music Theory,Arts,Fall 2025,92.1,96.8,a,4.0
,STU00058,C701,Physical Education,PE,Fall 2023,97.9,88.7,B,3.0
GRD002676,STU00595,C601,Visual Arts,Arts,Spring 2025,64.2,73.4,C,2.0
GRD000477,S0108,C701,Physical Education,PE,Spring 2024,81.9,87.7,B  ,3.0
GRD001730,S0392,C801,Spanish I,Languages,Fall 2024,88.2,86.7,B,3.0
GRD002831,STU00629,C801,Spanish I,Languages,Spring 2024,65.8,75.2,C,2.0
GRD001058,STU239,C203,Physics,Science,  Spring 2024,95.7,86.5,B,
GRD001697,STU00384,C501,Introduction to Programming,Technology,Fall 2023,77.8,81.8,B,3.0
GRD001968,STU00445,C103,Algebra II,MATH,Spring 2025,81.4,74.2,C,2.0
GRD002470,STU-00550,C701,Physical Education,PE,Spring 2025,69.5,74.8,,2.0
GRD004231,STU00938,C402,Government & Civics,Social Studies,Fall 2025,79.9,,B,3.0
GRD003437,S0764,C701,Physical Education,PE,Fall 2023,51.0,44.4,F,0.0
GRD002570,STU00572,C602,Music Theory,Arts,Fall 2025,68.4,59.4,F,0.0
GRD000773,STU00176,C801,Spanish I,Languages,Fall 2023,85.9,81.1,B,3.0
GRD003957,STU00876,C402,Government & Civics,Social Studies,Fall 2024,94.7,97.8,A,4.0
GRD003876,STU00859,C601,visual arts,Arts,Spring 2025,86.1,94.2,A,4.0
GRD000475,STU00108,C103,Algebra II,Math,Fall 2024,57.1,57.8,F,0.0
GRD002454,STU00547,C201,Biology,Science,Fall 2025,73.8,67.3,D,1.0
GRD000660,STU00150,C601,Visual Arts,Arts,Spring 2024,51.7,60.4,D,1.0
GRD000259,STU-00059,C202,Chemistry,Science,SPRING 2025,73.8,70.5,C,2.0
GRD001726,STU00391,C201,Biology,Science,Spring 2025,66.3,73.9,C,2.0
GRD000204,STU00047,C502,Web Development,Technology,  Fall 2024,50.8,40.9,F,0.0
GRD001194,STU00267,C801,Spanish I,Languages,Fall 2025,89.0,89.1,B,3.0
GRD003997,STU00885,C502,Web Development,Technology,Spring 2024,75.0,66.5,D,1.0
GRD001818,STU00410,C502,Web Development,Technology,Spring 2025,63.6,62.5,D,1.0
GRD000327,STU00074,C402,Government & Civics,Social Studies,Fall 2024,,82.5,B,3.0
GRD003214,714,C301,English Literature,english,Spring 2024,62.9,70.1,C,2.0
GRD001660,STU00376,C202,Chemistry,Science,Fall 2023,60.3,55.3,F,0.0
GRD001199,STU00268,C302,,English,Fall 2025,95.6,92.3,A,
GRD002810,STU00625,C602,Music Theory,Arts,Spring 2025,99.4,,A,4.0
GRD000516,STU00116,C601,Visual Arts,Arts,,64.8,64.5,D,1.0
GRD002309,STU515,C201,Biology,Science,Fall 2024,66.6,68.6,D,1.0
GRD002274,STU00508,C301,English  Literature,English,Spring 2024,58.0,54.9,F,
GRD000645,STU00146,C301,English Literature,English,,53.4,56.2,F,0.0
GRD000328,74,C801,Spanish I,Languages,Fall 2023,51.4,49.9,F,0.0
GRD000387,STU00088,C601,,Arts  ,Spring 2024,66.2,72.3,C,2.0
GRD003961,STU00877,,Web Development,Technology,Fall 2024,75.9,75.9,C,2.0
GRD003617,STU00803,C203,Physics,Science,Fall 2023,85.1,90.3,A,4.0
GRD000374,STU00085,C701,Physical Education,PE,Fall 2024,52.7,49.8,F,0.0
GRD003763,STU00835,C203,Physics,Science,Fall 2024,76.3,67.9,D,1.0
GRD003837,STU00852,C801,Spanish I,Languages,Fall 2024,62.6,69.5,D,1.0
,S0597,C601,Visual Arts,Arts,Fall 2023,84.6,89.9,B,3.0
GRD002423,STU00540,C401,World History,Social Studies,Fall 2025,91.8,100,A,4.0
GRD003736,829,C701,Physical Education,PE,Fall 2025,63.5,72.5,C,2.0
GRD003054,STU00677,C501,  Introduction to Programming,Technology,Fall 2023,65.8,69.9,D,1.0
GRD003159,STU00701,C102,Geometry,Math,Spring 2025,78.5,87.9,B,
GRD003016,STU01293,C202,Chemistry,Science,spring 2025,79.8,70.5,C,2.0
GRD002049,STU00462,C202,Chemistry,Science,Spring 2024,83.7,87.5,B,3.0
GRD002151,STU00482,C602,,Arts,Spring 2025,83.3,88.0,B,3.0
GRD002657,STU00592,C402,Government & Civics,Social Studies,Spring 2025,76.2,84.1,B,3.0
GRD004033,STU00892,C501,Introduction to Programming,Technology,Spring 2025,99.4,93.4,A,4.0
GRD002205,STU00494,C101,Algebra I,Math,Fall 2024,90.0,97.9,A,4.0
GRD003811,STU00847,C801,Spanish I,Languages,Fall 2024,89.9,83.5,B,3.0
GRD002515,STU00560,C103,Algebra II,Math,,54.3,47.5,F,0.0
GRD001125,STU00253,C201,Biology,Science,Fall 2025,72.7,79.6,C,2.0
GRD003767,S0836,C202,Chemistry,Science,Fall 2025,77.3,87.3,B,3.0
GRD000342,STU00078,C701,Physical Education,PE,Fall 2024,80.7,89.5,B,3.0
GRD003362,STU00747,C701,Physical Education,PE,Fall 2025,60.3,58.0,F,0.0
GRD000662,STU150,C301,English Literature,English,Fall 2024,55.5,64.2,D,1.0
GRD000960,STU00219,C301,English Literature,English,Spring 2024,53.2,44.5,F,0.0
GRD000191,STU00045,C601,Visual Arts,Arts,Spring 2024,75.2,78.9,C,2.0
GRD002482,STU00553,C601,Visual Arts,Arts,Spring 2025,97.1,93.4,A,4.0
GRD003576,STU00794,C601,Visual Arts,Arts,Fall 2025,61.2,68.8,d,
GRD000293,STU00067,C102,Geometry,Math,Fall 2023,53.5,60.6,D,1.0
GRD003268,STU00726,C501,Introduction to Programming,Technology,Fall 2025,90.0,82.6,B,3.0
GRD004166,STU00925,C103,Algebra II,Math,Fall 2023,84.2,88.2,B,3.0
GRD002452,STU00546,C501,Introduction to Programming,  Technology,Fall 2025,97.0,97.2,A,4.0
GRD000140,STU00034,C103,Algebra II,math,,66.0,57.9,F,0.0
GRD001433,STU00325,C101,Algebra I,math,Fall 2025,83.9,85.4,B,3.0
GRD000816,STU00186,C201,Biology,Science,Fall 2023,75.2,81.6,B,3.0
GRD001946,stu00441,C401,World History,Social Studies  ,Fall 2023,87.0,86.1,B,3.0
GRD002878,STU00640,C202,Chemistry,Science,Fall 2023,57.2,65.1,D,
GRD001698,STU00385,C202,Chemistry,,Spring 2025,61.1,62.1,D,1.0
GRD004174,STU00927,C801,Spanish I,Languages,Fall 2024,94.6,,A,4.0
GRD000064,STU00015,C302,Creative Writing,English,Fall 2025,64.7,66.9,,1.0
,STU00592,,Creative Writing,English,Spring 2025,90.9,97.2,a,4.0
GRD001385,STU00314,C401,World History,Social Studies,spring 2025,93.2,87.4,B,3.0
GRD003153,STU00700,C601,VISUAL ARTS,Arts,Spring 2024,51.6,55.1,F,0.0
GRD002647,STU00589,C401,World History,Social Studies,fall 2025,53.6,59.9,F,0.0
GRD004234,STU-00939,C102,Geometry,Math,Spring 2025,61.9,62.3,D,1.0
GRD001165,STU00261,,World History,Social Studies,,57.7,57.3,F,0.0
GRD001886,STU00428,C401,World History,Social Studies,Spring 2024,92.5,88.3,B,3.0
GRD000736,STU00167,C402,Government & Civics,Social Studies,Fall 2024,55.4,65.3,D,1.0
GRD000529,STU00119,C701,Physical Education,  PE,Fall 2023,85.3,,A,4.0
GRD003808,S0846,C601,Visual Arts,Arts,Spring 2025,65.4,71.5,C,2.0
GRD001367,STU00309,C102,Geometry,Math,Fall 2023  ,67.8,67.7,D,1.0
GRD003016,STU00669,C202,Chemistry,Science,spring 2025,79.8,70.5,C,2.0
GRD003694,STU00820,C103,Algebra II,Math,Fall 2025,75.8,84.0,B,3.0
GRD003910,STU00867,C101,Algebra I,Math,Fall 2023,76.4,72.3,C,2.0
GRD000659,STU00150,C402,Government & Civics,Social Studies,Fall 2023,55.6,60.3,D,1.0
GRD004327,STU00962,C301,English Literature,English,FALL 2025,,66.3,D,1.0
GRD003009,STU00667,,French I,Languages  ,Fall 2025,75.8,73.1,C,2.0
GRD004404,STU00978,C701,Physical Education,PE,Fall 2023,61.7,63.8,D,1.0
,STU00304,C401,World History,Social Studies,Fall 2024,94.7,98.6,A,4.0
GRD001252,STU00282,C302,Creative Writing,English,Fall 2024  ,55.8,60.2,D,1.0
GRD003151,stu00700,C103,Algebra II,Math,Spring 2024,60.1,61.2,D,1.0
GRD003214,714,C301,English Literature,english,Spring 2024,62.9,70.1,C,2.0
GRD002347,STU00522,C402,Government & Civics,Social Studies,Spring 2025,67.8,76.8,C,2.0
GRD002430,STU00542,C802,French  I,Languages,Fall 2024,74.6,71.4,C,2.0
GRD004287,STU00951,C802,French I,Languages,Fall 2024,80.2,85.9,B,3.0
GRD001920,STU00436,C502,Web Development,Technology,Spring 2024,67.5,68.0,D  ,1.0
GRD003597,STU00799,C602,Music Theory,Arts,Spring 2025,56.3,59.2,F,0.0
GRD002656,STU00591,C401,World History,Social Studies,Fall 2023,99.8,98.6,A,4.0
GRD001770,STU00401,C501,Introduction to Programming,Technology,Fall 2023,50.4,57.6,F,0.0
GRD003442,STU00766,C102,Geometry,Math,Fall 2023,99.8,100,A,4.0
GRD003043,STU00674,C801,Spanish I,Languages,Fall 2025,63.2,66.0,D,1.0
GRD000087,STU00021,C202,Chemistry,Science,Fall 2024,60.8,70.4,C,2.0
GRD003887,stu00862,C602,Music Theory  ,Arts,Spring 2025,51.7,58.0,F,0.0
GRD002616,583,C302,Creative Writing,English,,63.7,57.2,F,0.0
GRD003124,STU00693,C103,Algebra II,Math,Fall 2025,89.8,79.9,C,2.0
,STU00600,C701,Physical Education,PE,  Spring 2025,74.9,65.7,D,1.0
GRD001942,STU00440,C101,,Math,Fall 2023,76.5,78.6,C,2.0
GRD000977,STU00222,C401,World History,Social Studies,Spring 2024,88.1,95.9,A,4.0
GRD000702,STU159,C502,Web Development,technology,  Spring 2024,75.0,71.2,C,2.0
GRD004294,STU00953,C102,Geometry,Math,  Fall 2024,96.0,98.7,A,4.0
GRD003952,STU00875,C302,Creative Writing,English,Fall 2023,86.7,96.3,A,4.0
GRD003171,STU00704,C601,Visual Arts,Arts,Spring 2024,84.5,76.6,C,2.0
GRD003772,837,C102,Geometry,Math,Fall 2024,86.8,96.3,A,4.0
GRD003899,STU00864,C302,Creative Writing,English,spring 2024,81.3,83.4,B,3.0
GRD000391,STU00089,C602,,Arts,FALL 2025,93.1,100,A,4.0
GRD000756,STU00173,C802,French I,Languages,Fall 2024,77.2,80.1,B,3.0
GRD003533,STU00786,C501,Introduction to Programming,Technology,Fall 2025,99.0,94.4,A,4.0
GRD002902,STU00645,C202,Chemistry,Science,Spring 2025,71.4,63.8,D,1.0
GRD003466,STU00771,C701,Physical Education,PE  ,Fall 2025,,73.8,C,2.0
GRD001990,STU00449,C101,Algebra I,Math,Fall 2023,54.9,46.0,F,
GRD001073,STU00242,C601,,Arts,Spring 2025,52.0,61.3,D,1.0
GRD000915,STU00208,C602,Music Theory,Arts,Spring 2024,53.4,55.8,F,0.0
GRD001428,STU00324,C502,Web Development,Technology,Fall 2024,53.1,44.0,F,0.0
GRD004195,STU00931,C101,algebra i,Math,,65.2,56.4,F,0.0
GRD003713,824,C602,Music Theory,Arts,Fall 2024,72.6,63.8,D,1.0
GRD001204,STU00270,C502,Web Development,Technology,Spring 2024,87.7,88.3,B,3.0
GRD001861,STU00421,C801,Spanish  I,Languages,Fall 2025,76.0,75.0,C,2.0
GRD003088,STU00685,C203,Physics,Science,Fall 2023,61.7,67.0,D,1.0
GRD000867,STU00197,C103,Algebra II,Math,Spring 2024,83.4,82.5,B,3.0
GRD001371,STU00311,C202,Chemistry,Science,Spring 2024,73.8,82.4,B,3.0
GRD004026,STU00891,C203,Physics,Science,Spring 2025,68.0,71.2,C,2.0
GRD003065,STU00680,C103,Algebra II,,Fall 2024,71.7,75.9,C,2.0
GRD003327,STU00739,C601,Visual Arts,Arts,Fall 2023,75.4,78.2,,2.0
GRD002297,STU00513,C801,Spanish I,LANGUAGES,Spring 2025,79.1,85.0,B,
GRD000761,STU00174,C802,French I,languages,Fall 2023,,62.6,D,1.0
GRD003221,STU00716,C203,Physics,Science,Fall 2024,58.3,64.9,D,1.0
GRD002635,STU00587,C402,Government & Civics,Social Studies,Spring 2024,76.9,83.8,B,3.0
GRD000536,STU00120,C101,Algebra I,Math,,70.3,61.4,d,1.0
GRD003683,STU00817,C801,Spanish I,languages,Fall 2023,58.5,63.5,D,1.0
GRD000115,STU00027,C601,Visual Arts,Arts,Spring 2024,77.9,85.6,B,3.0
GRD003656,STU00812,C203,Physics,Science,Spring 2025,51.4,52.1,F,0.0
,STU00890,C102,Geometry,Math,Spring 2025,58.5,65.3,D,1.0
GRD000515,STU01132,C802,French I,Languages,Fall 2024,50.3,49.9,F,0.0
GRD003453,STU00768,C502,web development,Technology,Fall 2024,85.3,84.4,B,3.0
GRD003351,STU00744,C601,VISUAL ARTS,Arts,Fall 2024,67.7,59.7,F,0.0
GRD001097,STU00247,C203,Physics,Science,Fall 2025,62.1,,D,
GRD001330,STU00300,C301,English Literature,English,Fall 2024,66.2,71.3,C,2.0
GRD002805,S0623,C801,Spanish I,Languages,Fall 2024,84.7,,B,3.0
GRD000926,STU00211,C502,Web Development,Technology,Fall 2025,,75.5,  C,2.0
GRD000676,stu00153,C802,French I,Languages,Fall 2025,56.4,52.4,F,0.0
GRD003314,stu00737,C103,Algebra II,Math,Spring 2025,55.6,50.5,F,0.0
GRD003382,STU00753,C601,visual arts,,Fall 2025,73.8,68.7,D,1.0
,STU00317,C801,Spanish I,Languages,Spring 2025,79.4,87.5,B,3.0
GRD001642,372,C801,Spanish I,Languages,Fall 2024,71.3,65.4,D,1.0
GRD001950,STU00442,C401,World History,Social Studies,Fall 2024,87.0,93.5,A,4.0
GRD003630,STU00806,C103,Algebra II,Math  ,Spring 2024,62.8,69.9,D,1.0
GRD002921,STU00649,C601,Visual Arts,Arts,Fall 2025,77.2,73.0,C,2.0
GRD003871,STU00858,C501,,Technology,Fall 2025,87.2,82.5,B,3.0
GRD002690,STU00599,C201,Biology,Science,Spring 2024,98.7,100,A,4.0
GRD002174,STU00488,C201,Biology,Science,Spring 2024,61.7,56.1,F,0.0
GRD003129,STU00694,C301,English Literature,English,Fall 2023,65.7,64.7,D,1.0
GRD001978,STU00447,C601,Visual Arts,Arts,Spring 2024,67.6,77.5,C,2.0
GRD003301,S0734,C602,Music Theory,Arts,Spring 2024,99.4,100,A,4.0
GRD002529,STU00564,C601,  Visual Arts,Arts,Spring 2025,93.1,95.0,A,4.0
GRD001123,STU00253,C502,Web Development,Technology,Fall 2025,50.1,58.2,F,0.0
GRD002908,STU647,C402,Government & Civics,Social Studies,Fall 2025,70.1,74.9,C,2.0
GRD003249,STU00722,C402,Government & Civics,Social Studies,Spring 2024,68.0,60.4,D,1.0
GRD001172,STU00263,C102,Geometry,Math,Fall 2023,70.6,73.0,C,2.0
GRD000672,STU00152,C701,Physical Education,PE,Fall 2025,,56.3,F,0.0
GRD002146,STU00481,C201,Biology,Science,Spring 2024,87.3,95.3,A,4.0
GRD002227,STU00498,C701,Physical Education,PE,Spring 2024,52.9,52.1,F,
GRD003384,STU00754,C301,English Literature,English,Fall  2024,63.8,56.0,F,0.0
GRD000260,STU00059,,Visual Arts,Arts,Spring 2024,81.4,80.9,B,
GRD004322,STU00961,C601,  Visual Arts,Arts,Fall 2024,54.2,47.3,F,0.0
GRD001944,STU00440,C801,Spanish I,Languages,Spring 2025,53.5,50.1,F,0.0
GRD002952,STU00656,C401,World History  ,Social Studies,Spring 2025,60.3,69.8,D,1.0
GRD002196,STU00492,C601,Visual Arts,Arts,Fall 2023,74.0,68.5,D,1.0
GRD002524,stu00562,C402,Government & Civics,Social Studies,Spring 2025,70.3,66.6,D,1.0
GRD000318,STU00072,C501,Introduction to Programming,Technology,Fall 2023,91.6,97.5,A,4.0
GRD000338,STU00077,C402,,Social Studies,Fall  2025,68.2,62.9,D,1.0
GRD003322,STU00739,C202,Chemistry,Science,Fall 2024,81.9,74.0,C,2.0
GRD001693,STU00384,C301,English Literature,English,Fall 2023  ,93.1,100,A,4.0
GRD003615,STU00803,C501,Introduction  to  Programming,Technology,SPRING 2025,100.0,99.3,A,4.0
GRD000274,STU00063,C801,Spanish I,Languages,Fall 2025,66.4,70.9,C,2.0
GRD002678,STU00596,C302,Creative  Writing,English,Spring 2025,73.1,79.6,C,2.0
GRD002726,STU00607,C103,Algebra II,Math,Fall 2023,62.3,56.5,F,0.0
GRD000193,STU00045,C102,,Math,Spring 2024,81.6,78.2,C,2.0
GRD004373,STU00971,C103,Algebra II,Math,SPRING 2024,67.1,61.2,D,1.0
GRD002349,STU00523,C103,Algebra II,Math,Fall 2025,93.5,91.3,A,4.0
GRD001140,STU00256,C103,Algebra II,Math,Fall 2024,60.8,51.0,F  ,0.0
GRD001982,stu00448,C602,Music Theory,Arts,Spring 2024,72.9,64.1,D,1.0
GRD004292,STU00953,C301,English Literature,English,Fall 2024,72.4,73.7,C,2.0
GRD001072,STU242,C801,Spanish I,Languages,Spring 2025,78.4,71.7,C,
GRD002042,STU00460,C802,French I,Languages,Spring 2024,81.2,81.1,B,3.0
GRD000947,STU00216,C601,Visual Arts  ,Arts,Fall 2025,86.4,87.3,B,3.0
GRD002468,STU00550,,Government & Civics,Social Studies,Fall 2023,51.5,45.9,,0.0
GRD003479,STU00774,C701,Physical Education,PE,SPRING 2025,58.1,67.1,D,1.0
GRD002567,STU00572,C103,Algebra II,Math  ,Spring 2025,72.4,74.4,C,2.0
GRD002767,STU00615,C401,World History,Social Studies,Fall 2023,70.7,74.7,C,2.0
GRD003739,STU00830,C401,World History,Social Studies,Spring 2025,68.1,75.7,C,2.0
,STU00647,C602,Music Theory,Arts,Spring 2025,73.7,70.8,C,2.0
GRD004003,STU00886,C801,,Languages,Spring 2025,91.3,96.4,A,4.0
GRD001309,STU00296,C302,Creative Writing,English,Spring 2025,96.9,100,A,4.0
GRD000307,STU00070,C602,Music Theory,Arts,Spring 2024,61.4,66.7,D,1.0
GRD002534,STU00565,C302,Creative Writing,English,Fall 2023,62.5,66.6,D,1.0
GRD000749,STU00171,C301,English Literature,English,Fall 2025,56.9,56.1,F,0.0
GRD004448,STU00986,C602,Music Theory,Arts,Spring 2024,63.1,53.4,F,0.0
GRD000124,STU00030,C301,English Literature,English,Spring 2024,51.5,54.1,F,0.0
GRD001133,STU00255,C402,Government & Civics,Social Studies,Fall 2025,63.9,66.8,D,1.0
GRD003425,STU00762,C102,Geometry,Math,Spring 2024,78.8,71.5,C,2.0
GRD000812,STU00185,C601,Visual Arts,Arts,Fall 2023  ,50.8,53.4,F,0.0
GRD003503,STU00779,C601,Visual Arts,Arts,Spring 2025,51.9,53.6,F,0.0
GRD000966,STU220,C602,Music Theory,Arts,Fall 2023,97.7,90.3,A,4.0
GRD002503,STU00557,C302,Creative Writing,English,Spring 2025,71.4,70.8,C,2.0
GRD000221,STU00050,C701,Physical Education,PE,Fall 2024,84.1,78.7,C,2.0
GRD000014,STU00004,C602,Music Theory,Arts,Spring 2025,69.5,72.6,C,2.0
GRD003278,STU00728,C102,Geometry,Math,Spring 2025,57.9,,F,0.0
GRD001722,STU00391,C501,Introduction to Programming,technology,Fall 2024,81.5,84.5,B,
GRD000876,STU00199,C103,Algebra II,Math,Fall 2023,77.3,76.7,C,2.0
,STU00755,C801,Spanish I,Languages,Spring 2025,60.7,60.7,D,1.0
GRD003714,STU00824,C103,Algebra II,Math,Spring 2025,87.9,93.1,A,4.0
GRD004177,STU00927,,Visual Arts,Arts,Spring 2024,85.2,85.7,B,3.0
GRD002178,STU00489,C601,Visual Arts,Arts,Spring 2025,97.2,100,A,4.0
GRD001122,STU00253,C302,Creative Writing,English,Fall 2023,95.0,100,A,4.0
GRD001247,STU00281,C102,Geometry  ,Math,Spring 2024,94.3,94.8,A,4.0
GRD003677,STU00816,C401,World History,Social Studies,Fall 2024,50.3,,F,0.0
GRD000591,STU00133,C501,Introduction to Programming,Technology,Spring 2024,95.3,100,A,4.0
GRD003287,STU00730,C502,Web Development,Technology,fall 2023,66.3,72.7,C,2.0
GRD004375,STU00971,C601,Visual Arts,Arts,Fall 2023,63.8,60.9,D,1.0
GRD001018,STU00231,C501,Introduction to Programming,Technology,Spring 2024,91.1,,A,4.0
GRD002754,STU00612,C602,Music Theory,Arts,  Spring 2024,71.2,75.8,C,2.0
GRD001948,STU00441,C801,Spanish I,Languages,Fall 2025,53.4,55.5,F,0.0
GRD000537,STU00120,C302,Creative Writing,English,  Fall 2023,52.9,,F,0.0
GRD004022,STU00890,C701,Physical Education,,Fall 2023,93.1,96.3,A,4.0
GRD000606,137,C401,  World History,Social Studies,Fall 2023,83.1,85.4,B  ,3.0
GRD000837,STU00191,C402,Government & Civics,Social Studies,FALL 2024,94.3,100,A,4.0
GRD001273,STU287,,World History,Social Studies,Fall 2023,66.5,57.7,F,0.0
GRD001792,STU00406,C701,Physical Education,PE,Fall 2025,83.3,85.7,B,3.0
GRD002700,STU00601,C601,,ARTS,Fall 2025,80.0,80.6,B,3.0
GRD001130,STU00254,C701,Physical Education,PE,Fall 2025,65.6,74.3,C,2.0
GRD000346,STU00078,C301,English Literature,English,Spring 2025,59.6,55.0,F,
GRD004081,S0906,C103,  Algebra II,Math,Spring 2025,80.6,90.3,A,4.0
GRD001234,STU00278,C302,Creative Writing,English,Fall 2023,55.9,51.6,f,0.0
GRD000759,STU00173,C501,Introduction to Programming,,Spring 2025,77.0,69.7,D,1.0
GRD002283,STU00510,C301,English Literature,English,Spring 2025,61.1,63.7,D,1.0
GRD003807,STU00846,C101,Algebra I,,Spring 2025,57.1,48.3,F,0.0
GRD004316,STU00960,C203,Physics,Science,Spring 2024,94.3,89.0,B,3.0
GRD002121,S0476,C801,Spanish I,Languages,Spring 2024,78.9,88.0,  B,3.0
GRD003375,STU00751,C701,,PE,Fall 2025,98.4,,A  ,4.0
GRD003508,STU00780,C801,Spanish I,Languages,Fall 2024,52.8,51.1,  F,0.0
GRD000420,STU00096,C202,Chemistry,Science,Fall 2024,54.8,54.9,F,0.0
GRD000745,STU00170,C301,English Literature,English,Fall 2023,83.7,77.1,C,2.0
GRD004506,STU-01000,C201,Biology,Science,Fall 2024,93.6,84.0,B,3.0
GRD002914,STU00648,C601,Visual  Arts,Arts,Spring 2025,99.7,92.1,A,4.0
GRD001826,STU00412,C701,  Physical Education,PE,Fall 2023,58.6,63.5,D,1.0
GRD002746,STU00611,C701,Physical Education,PE,Spring 2025,72.7,63.6,D,1.0
GRD003150,STU00699,C301,English Literature,English,Spring 2024,94.7,100,A,4.0
GRD003752,STU00833,C502,Web Development,Technology,Spring 2024,93.7,90.0,A,4.0
GRD000846,STU00193,C402,Government & Civics,Social Studies,Fall 2023,92.3,92.1,A,4.0
GRD002541,STU00566,C302,Creative Writing,English,Spring 2025,97.2,100,A,4.0
GRD003634,STU00807,C502,Web Development,Technology,FALL 2023,87.3,85.4,B,3.0
GRD003315,STU00737,C701,,PE,Fall 2023,50.8,53.4,F,0.0
GRD000335,STU00076,C801,Spanish I,Languages,Spring 2025,53.9,52.8,F,0.0
GRD000310,STU00071,C601,Visual Arts,Arts,,56.6,64.5,D,1.0
GRD000983,STU00224,C801,Spanish I,LANGUAGES,Fall 2025,59.7,66.9,D,1.0
GRD001536,STU00348,,World History,Social Studies,Fall 2025,85.7,78.4,C,2.0
GRD003860,856,C401,World History,Social Studies,Fall 2024,,72.5,,2.0
GRD003658,STU00813,C301,English Literature,English,,87.6,95.8,A,4.0
GRD003110,STU00690,C203,Physics,Science,Fall 2023,56.8,55.5,F,0.0
GRD000906,STU00207,C501,Introduction to Programming,Technology,Fall 2024,51.7,46.4,F,0.0
GRD000199,STU00046,C101,Algebra I,Math,Spring 2025,89.1,88.4,B,3.0
GRD002241,STU00501,C701,Physical Education,PE,FALL 2023,74.9,67.3,D,1.0
GRD000438,STU00100,C101,Algebra I,Math,Spring 2024,92.6,94.5,A,4.0
GRD000065,STU00015,C401,World History,Social Studies,Fall 2025,96.5,100,A,4.0
GRD002487,STU00554,C102,Geometry,Math,Fall 2024,92.5,97.2,A,4.0
GRD003263,STU01287,C701,Physical Education,PE,Fall 2025,67.6,65.2,D,1.0
GRD003365,STU00748,C402,Government & Civics,Social Studies,Spring 2024,99.6,100,A,4.0
GRD001377,STU00313,C801,Spanish I,Languages,Fall 2023,88.7,92.0,A,4.0
GRD000020,S0005,C602,Music Theory,Arts,Spring 2024,,90.0,A,4.0
GRD001059,STU00240,C801,Spanish I,Languages,Spring 2025,55.2,54.3,F,0.0
GRD001202,STU00269,C203,Physics,Science,,63.9,70.7,C,2.0
GRD000626,STU00141,C301,English Literature,English,Fall 2024,86.8,93.9,,4.0
GRD004161,STU00924,C601,,Arts,Spring 2025,61.2,70.2,C,2.0
GRD000402,STU00091,C802,French I,Languages,,63.3,70.9,C,2.0
GRD004367,STU00970,C501,Introduction to Programming,Technology,Spring 2025,97.2,100,A,4.0
GRD001935,STU00439,C701,Physical Education,PE,Fall 2024,92.7,95.2,A,4.0
GRD003818,STU00848,C301,English Literature,English,Fall 2023  ,70.9,70.2,C,2.0
GRD003177,STU00706,C302,Creative Writing,English,Spring 2025,59.1,,F,0.0
GRD001016,STU00230,C701,Physical Education,PE,Fall 2025,73.3,79.4,C,2.0
GRD004425,STU00982,,Spanish I,Languages,Fall 2024,85.5,91.3,A,4.0
GRD002063,STU00464,C101,Algebra I,Math,Fall 2023,88.5,87.3,B,3.0
GRD001274,STU00287,C301,English Literature,English,Fall 2025,91.4,99.1,A,4.0
GRD001277,STU00288,C302,Creative Writing,English,Fall 2025,95.7,97.3,A,4.0
GRD003854,stu00855,C701,Physical Education,PE,Fall 2025,71.5,64.7,D,1.0
GRD000401,STU00091,C602,Music Theory,Arts,Fall 2024,81.3,81.0,B,3.0
GRD002341,STU00521,C201,Biology,Science,Fall 2024,60.1,63.1,D,1.0
GRD000287,STU00066,C102,Geometry,Math,FALL 2025,77.7,72.1,C,2.0
GRD003064,STU00679,C402,Government & Civics,Social Studies,Fall 2025,72.0,67.8,D,
GRD002058,STU00463,C802,French I,Languages,Fall 2023,51.0,50.4,F,0.0
GRD004422,STU00981,C801,Spanish I,Languages,Spring 2025,92.6,86.2,B,3.0
GRD000330,S0075,C601,Visual Arts,Arts,Fall 2025,55.5,46.4,F,
GRD002827,STU00628,C501,Introduction to Programming,Technology,Fall 2023,76.2,72.2,C,2.0
GRD001651,S0374,C802,  French I,Languages,,56.8,59.9,F  ,0.0
GRD002410,STU00538,C302,Creative Writing,English,Spring 2024,78.0,74.6,C,2.0
,STU00631,C103,Algebra II,,Spring 2025,60.3,55.7,F,0.0
GRD003967,STU00878,C801,Spanish I,Languages,Fall 2024,66.3,68.4,D,1.0
GRD002807,STU00624,C102,Geometry,Math,Fall 2025,89.4,83.0,,3.0
GRD002147,STU00481,C502,Web Development,Technology,Spring 2024,84.4,84.0,B,3.0
GRD000972,STU00221,C501,Introduction to Programming,Technology,Fall 2025,78.3,76.8,C,2.0
GRD004469,S0991,C202,Chemistry,Science,Spring 2024,54.8,61.2,D,1.0
GRD003606,STU00801,C201,Biology,Science,  Fall 2024,62.6,53.7,F,0.0
GRD004376,STU00972,C601,Visual Arts,Arts,Fall 2024,59.7,61.8,D,1.0
GRD003232,STU00718,C402,Government & Civics,Social Studies,Fall 2023,56.5,59.7,F,0.0
GRD004295,STU00953,C201,Biology,Science,Fall 2025,69.9,75.9,C  ,2.0
GRD003422,STU00761,C401,World History,Social Studies,Fall 2024,84.7,93.3,A,4.0
GRD000994,STU00225,C102,Geometry,  Math,Spring 2025,54.2,57.6,F,0.0
,STU00657,C501,Introduction to Programming,Technology,Spring 2024,99.1,98.6,A,
GRD000088,STU00021,C301,English Literature,English,Fall 2023  ,80.6,89.0,  B,3.0
GRD002965,STU00658,C701,Physical Education,PE,,52.0,47.4,F,0.0
GRD003412,759,C801,Spanish I,Languages,Fall 2025,89.2,89.3,B,3.0
GRD001350,STU00306,C501,Introduction to Programming,Technology,Fall 2025,77.0,67.9,D,1.0
GRD000581,STU00131,C501,Introduction to Programming,Technology,Fall 2025,73.8,76.6,C,
GRD002761,STU00614,C102,Geometry,math,fall 2023,65.1,73.3,C,2.0
GRD000027,STU00006,C402,Government & Civics,Social Studies,Fall 2024,61.2,65.9,,1.0
GRD004334,STU00963,C101,Algebra I,Math,Spring 2024,65.9,67.1,D,1.0
GRD004357,STU00968,C202,Chemistry,Science,Fall 2025,85.1,78.7,C,2.0
GRD004024,STU00891,C103,Algebra II,Math,SPRING 2025,55.7,57.2,F,0.0
GRD003753,STU00833,C101,Algebra I,Math,Fall  2024,84.5,76.8,C,2.0
GRD003929,STU00871,C203,Physics,Science,Fall 2024,79.9,72.8,C,2.0
GRD002183,STU00489,C701,PHYSICAL EDUCATION,PE,Spring 2024,84.1,82.0,B,3.0
GRD001412,STU00321,C501,Introduction to Programming,Technology,Fall 2025,68.3,77.8,C,2.0
GRD001232,STU00277,C302,CREATIVE WRITING,English,Fall 2025,60.1,50.4,F,0.0
GRD004082,STU00906,C701,Physical Education,PE,Spring 2025,50.2,44.3,F,0.0
GRD000869,STU00197,,World History,Social Studies,Spring 2025  ,83.2,81.6,B,3.0
GRD001090,STU00246,C201,Biology,Science,Fall 2023,76.8,67.6,D,1.0
GRD001669,STU00378,C302,Creative Writing,English,Fall 2025,82.7,90.6,A,4.0
GRD000047,STU00011,C401,World History,Social  Studies,Spring 2025,58.1,63.4,D,1.0
GRD003103,S0689,C801,Spanish I,Languages,Fall  2023,61.0,52.4,F,0.0
GRD004128,STU00915,C701,Physical Education,PE,Spring 2024,84.9,82.3,B,3.0
GRD000058,STU-00013,C402,Government & Civics,social studies,Fall 2023,51.4,50.6,F,0.0
GRD001304,STU00294,C203,Physics,Science,Spring 2024,64.3,66.7,D,1.0
GRD000092,STU00022,C302,Creative Writing,English,Fall 2023,96.6,93.0,A,4.0
GRD002466,STU00549,C801,Spanish I,LANGUAGES,Fall 2025,86.3,78.6,C,2.0
,STU00571,C402,Government  &  Civics,Social Studies,Fall 2024,94.2,100,A,4.0
GRD001028,STU233,C101,Algebra I,Math,Fall 2024,94.8,93.4,A,4.0
GRD002591,STU00577,C102,Geometry,Math,Fall 2023,50.2,46.2,F,0.0
GRD003071,STU00681,C103,Algebra II,Math,Fall 2024,,53.1,F,0.0
GRD002814,stu00625,C701,Physical Education,PE,Spring 2025,63.6,64.8,D,1.0
GRD002612,STU00582,C202,Chemistry,Science,Spring 2024,85.8,94.0,A,4.0
GRD002075,STU00467,C701,Physical Education,PE,Spring 2025,92.8,99.9,A,4.0
GRD002235,STU00500,C801,Spanish I,Languages,Spring 2024,58.5,49.6,F,
GRD004012,STU00888,C102,Geometry,Math,,59.2,56.4,F,0.0
GRD000384,S0087,C601,Visual Arts,Arts,,57.0,56.9,F,0.0
GRD001010,STU00229,C801,Spanish I,Languages,Fall 2025,61.8,61.0,D,1.0
GRD002358,STU00525,C701,Physical Education,PE,Spring 2025,58.8,60.7,D,1.0
GRD001934,STU00439,C402,Government & Civics,Social Studies,Fall 2023,97.6,100,A,4.0
GRD004313,STU00959,C601,Visual Arts,Arts,Spring 2025,67.8,70.0,C,2.0
GRD001907,STU00432,C601,Visual Arts,Arts,Spring 2025,79.6,73.2,C,2.0
GRD000814,STU00185,C801,Spanish I,Languages,Spring 2025,63.7,,C,2.0
GRD004152,STU00921,C701,Physical Education,PE,Fall 2023,72.9,,C,2.0
GRD002256,STU00504,C601,Visual Arts,,Spring 2025,62.1,59.4,F,0.0
GRD000007,STU00002,C601,Visual Arts,  Arts,FALL 2024,83.7,81.3,B,3.0
GRD000843,STU00192,C301,English Literature,English,Fall 2023,97.6,100,A,4.0
GRD004463,STU00990,C701,Physical Education,PE,Spring 2025,52.2,59.6,F,0.0
GRD003068,STU00681,C801,Spanish I,Languages,Fall 2024,81.2,88.6,B,3.0
GRD003914,STU00867,C801,Spanish I,Languages,Spring 2025,50.8,44.1,F,0.0
GRD003600,STU00800,C701,Physical Education,PE,Spring 2025,75.9,77.1,C,2.0
GRD001263,STU00285,C501,Introduction to Programming,Technology,Fall  2023,67.8,77.7,C,2.0
GRD002034,STU00458,C501,Introduction to Programming,Technology,Spring 2024,93.9,90.6,A,4.0
,STU00176,C301,English Literature  ,English,Fall 2025,75.3,76.4,C,
GRD002319,STU00517,C302,Creative Writing,English,Fall 2025,91.6,99.7,A,
GRD003192,STU00709,C802,French I,Languages,Spring 2025,83.3,83.9,B,3.0
GRD002275,STU00508,C203,Physics,Science  ,Fall 2025,75.7,80.8,B,3.0
GRD003026,STU00671,C102,Geometry,Math,Fall 2024,89.9,88.0,B,3.0
GRD000578,STU00130,C701,Physical Education,PE,Spring 2025,60.4,65.2,D,1.0
GRD002127,STU00477,C502,Web Development,Technology,Spring 2025,51.1,50.1,F,0.0
GRD002530,STU00564,C802,French I,Languages,Fall 2024,,87.0,B,3.0
GRD002237,STU00500,C401,World History,,Spring 2024,95.6,85.8,b,3.0
GRD003754,STU00833,C402,Government & Civics,Social Studies,Spring 2025,76.2,70.5,C,2.0
GRD001095,S0247,C502,Web Development,Technology,Spring 2024,58.1,51.7,F,0.0
GRD002090,STU00469,C701,Physical Education,PE,Fall 2023,62.4,58.5,F,0.0
GRD004255,STU00943,C102,Geometry,Math,Spring 2025,83.1,91.6,A,4.0
GRD000090,STU00022,C802,French I,Languages,Fall 2024,88.3,84.8,B,3.0
GRD000116,STU01432,C101,Algebra I,  Math,Spring 2025,57.3,53.8,F,0.0
GRD003701,STU00822,C701,Physical Education,PE,Fall 2025,80.5,84.8,B,3.0
GRD002480,STU00553,C402,Government & Civics,Social Studies,Fall 2023,56.1,46.8,F,0.0
GRD002169,STU00487,C701,Physical Education,PE,Fall 2024,93.2,100,A,4.0
GRD001617,STU00366,C602,Music Theory,Arts,Fall 2023,85.0,85.8,B,3.0
GRD000709,STU00161,C601,VISUAL ARTS,ARTS,Spring 2024,55.5,46.3,F,0.0
GRD002337,STU00520,C402,Government & Civics,Social  Studies,Fall 2023,88.9,87.0,B,3.0
GRD003559,STU00791,C701,Physical Education,PE,FALL 2024,,76.1,C,
GRD000961,STU00219,C701,Physical Education,PE,Fall 2025,57.1,62.0,  D,1.0
GRD001484,STU00337,C502,,  Technology,Spring 2025,92.9,87.3,B,3.0
GRD001963,STU00445,C203,PHYSICS,Science,Spring 2025,79.1,,C,2.0
GRD003898,STU00864,C201,Biology,,Fall 2024,86.9,93.6,A,4.0
GRD002949,STU00655,C302,Creative Writing,English,Fall 2023,63.2,56.5,F,0.0
GRD000143,STU00035,C802,French I,Languages,Spring 2024,76.3,78.4,C,2.0
GRD000240,STU00054,C802,French I,Languages,Fall 2024,98.6,100,A,
GRD001789,STU00405,C102,Geometry,,Fall 2024,51.4,55.8,F,0.0
GRD000879,STU00200,C201,Biology,Science,Spring 2024,69.7,77.0,C,2.0
GRD003623,STU00805,C701,Physical Education,PE,Fall 2024,54.0,57.2,,0.0
GRD000208,STU00048,C302,Creative Writing,English,Spring 2025,69.9,75.2,C,2.0
GRD000974,STU00221,C103,Algebra II,Math,Fall 2023,94.8,94.1,A,4.0
,STU00912,C601,Visual Arts,Arts,Fall 2023,52.2,52.5,F,0.0
GRD002486,STU00554,C302,Creative Writing,English,Fall 2024,75.6,69.7,D,1.0
GRD000353,STU00080,C302,Creative Writing,English,Fall 2024,55.1,60.8,,1.0
GRD002289,STU00511,C203,Physics,,Fall 2023,,50.9,F,0.0
GRD004186,STU00929,C102,Geometry,Math,Spring 2024,,65.7,D,1.0
GRD001709,STU00388,C203,physics,Science,Spring 2024,69.4,68.7,D,1.0
GRD003608,STU00801,C701,,PE,Spring 2025,87.2,90.4,A,4.0
GRD003001,STU00666,C401,World History,Social Studies,Fall 2025,60.8,63.7,D,1.0
GRD003044,STU00674,C602,Music Theory,Arts,Fall 2023,94.4,100,A,4.0
GRD004269,STU00947,C601,Visual Arts,Arts,Spring 2024,50.7,57.6,F,0.0
GRD003323,STU00739,C701,Physical Education,PE,Fall 2023,60.5,65.1,D,1.0
GRD003892,STU00863,C801,Spanish I,Languages,Spring 2025,85.5,83.7,B,3.0
GRD004076,STU00905,C602,Music Theory,Arts  ,Fall 2023,68.5,69.1,D,1.0
GRD000127,STU00030,C601,Visual Arts,Arts,Fall  2024,50.4,58.0,F,0.0
GRD001639,STU00371,C101,Algebra I,Math,Spring 2025,74.5,74.9,C,2.0
GRD003996,STU00884,C301,English Literature,English,Spring 2025,93.9,90.3,A,4.0
GRD003455,STU00768,C801,Spanish I,Languages,Spring 2025,84.7,76.4,C,2.0
GRD002858,STU00635,C202,Chemistry,Science,Fall 2025,,72.6,C,2.0
GRD002640,STU00588,C701,Physical Education,PE,Fall 2023,78.1,74.8,,2.0
GRD001872,STU00425,C301,English Literature,English,Fall 2024,87.2,93.7,A,4.0
GRD001209,STU00271,,English Literature,English,Spring 2025,80.4,,C,2.0
GRD001078,STU00244,C101,Algebra I,Math,Fall 2024,52.4,53.5,F,0.0
GRD003196,STU00710,C601,Visual Arts,Arts,,80.2,75.7,C,2.0
GRD003771,STU00837,C302,Creative Writing,English,Fall 2023,60.7,57.6,F,0.0
GRD004417,STU00980,C801,Spanish I,Languages,Fall 2023,58.9,60.9,,1.0
GRD000491,STU00111,C401,World History,Social Studies,Fall 2024,70.7,72.7,,2.0
GRD002014,STU00454,C801,Spanish I,Languages,Spring 2024,59.8,62.5,D,1.0
GRD003726,STU00827,C302,  Creative Writing,English,Spring 2024,62.0,62.3,D,1.0
GRD003546,STU00788,C701,Physical Education,PE,Fall 2023,65.4,67.6,D,1.0
GRD000651,STU00147,C402,Government & Civics,Social Studies,Spring 2024,,73.5,C,2.0
GRD001998,STU00451,C601,Visual Arts,Arts,Fall 2023,58.4,67.5,D,1.0
GRD003973,STU00880,C401,World History,Social Studies,Fall 2024,75.0,68.7,,1.0
GRD001664,STU00377,C202,,  Science,Spring 2025,72.7,67.7,D,1.0
GRD001520,STU00345,C203,Physics,Science,Spring 2024,60.1,54.2,F,0.0
GRD002835,STU00629,C701,Physical Education,PE,Fall 2025,74.9,83.2,B,3.0
GRD002691,STU00599,C102,Geometry,Math,Fall 2025,83.8,81.7,B,3.0
GRD002549,S0568,C302,Creative Writing,English,Spring 2025,87.4,87.9,B,3.0
,STU00904,C602,Music Theory,Arts,Fall 2024,77.2,79.7,C,2.0
GRD002854,STU00634,C402,Government & Civics,Social Studies,Spring 2024,89.8,87.1,B,3.0
GRD001174,STU00263,C501,INTRODUCTION TO PROGRAMMING,Technology,fall 2025,60.5,50.6,,0.0
GRD001591,STU00361,C602,Music Theory,Arts,Spring 2025,89.4,94.8,A,4.0
GRD004169,STU00926,C101,Algebra I,Math,spring 2024,65.1,65.2,D,1.0
GRD003157,STU00701,C401,World History,Social Studies,Fall 2025,89.0,86.6,,3.0
GRD001475,STU00334,C802,French I,Languages,fall 2023,57.8,65.3,D,1.0
GRD000776,STU00177,C701,Physical Education,PE,Spring 2025,94.1,100,A,4.0
GRD001148,STU00258,C301,English Literature,English,Fall 2024,77.5,68.9,D,1.0
GRD001165,STU00261,,World History,Social Studies,,57.7,57.3,F,0.0
GRD000954,218,C301,English Literature,English,Spring 2025,71.6,62.9,D,1.0
GRD003230,STU00718,C701,Physical Education,PE,Spring 2024,96.1,98.2,A,4.0
GRD000721,STU00165,C102,Geometry,Math,Fall 2023,78.1,82.6,B,3.0
GRD004346,STU00965,C202,Chemistry,Science,Fall 2023,80.6,,C,2.0
,STU00896,C302,Creative Writing,English,Spring 2025,88.0,89.8,B,3.0
GRD000300,STU00069,C801,Spanish  I,Languages,Spring 2024,97.5,89.3,B,
GRD003610,STU00801,C101,Algebra I,Math,Spring 2024,88.0,83.3,B,3.0
GRD002356,STU00524,C701,Physical Education,PE,Fall 2024,97.0,100,A,4.0
GRD001684,STU00382,C302,Creative Writing,English,Fall 2023,86.4,88.5,B,3.0
GRD001345,STU00305,C402,Government & Civics,Social Studies,Fall 2025,75.7,77.1,c,2.0
GRD002865,STU00637,C801,Spanish I,Languages,Spring 2025,97.4,99.7,A,4.0
GRD000459,STU00105,C502,Web Development,,Fall 2025,93.0,98.1,A,4.0
GRD002668,STU00594,C701,Physical Education,PE,Spring 2024,57.3,58.8,F,0.0
GRD003637,STU00807,C401,World History,Social Studies,Fall 2025,58.1,63.1,D,1.0
GRD003564,STU00792,C502,Web Development,Technology,Fall 2024,95.9,88.4,,
GRD004200,STU00932,C401,World History,Social Studies,Fall 2024,94.9,93.8,,4.0
GRD001168,STU00262,C202,Chemistry,Science,Fall 2023,61.5,65.1,D,1.0
GRD003276,STU00727,C102,Geometry,Math,Spring 2024,83.3,90.0,A,4.0
GRD003195,stu00710,C802,French I,Languages,Fall 2023,75.9,69.2,D,1.0
GRD001852,STU00420,,Web Development,Technology,Fall 2023,69.8,72.0,C,2.0
GRD000545,STU00122,C102,Geometry,Math,Fall 2025,50.8,42.6,,0.0
GRD004353,STU00967,C101,algebra i,Math,Fall 2023,63.6,58.7,F,0.0
GRD000166,STU00040,C101,Algebra I,Math,Spring 2025,83.4,74.3,C,2.0
GRD003985,STU00882,C501,Introduction to Programming  ,Technology,Fall 2024,68.6,64.4,D,1.0
GRD003760,STU00835,C801,Spanish I,Languages,Spring 2025,51.8,45.2,F,0.0
GRD001000,227,,Physical Education,PE,Fall 2025,74.3,78.1,C,2.0
GRD003277,STU00728,C301,English Literature,English,Spring 2024,72.0,63.1,D,1.0
GRD001914,STU00434,C103,,Math,Fall 2023,62.4,69.5,D,1.0
GRD002474,STU00551,C501,Introduction to Programming,,Fall 2023,64.6,64.1,D,1.0
GRD000607,STU00137,C601,Visual Arts,Arts,Fall 2024,78.1,70.5,C,2.0
GRD004285,STU00951,C301,English Literature,English,Spring 2024,90.0,87.4,B,3.0
GRD002849,STU00633,C301,English Literature,English,Fall 2023,77.7,76.8,C,2.0
GRD004212,STU00934,C502,Web Development,Technology,Spring 2024,93.5,84.2,B,3.0
GRD001185,STU00265,C402,Government & Civics,Social Studies,Fall 2024,61.4,59.9,F,0.0
GRD001980,STU00448,C401,World History,Social  Studies,Fall 2025,58.1,52.2,F,0.0
GRD000401,STU00091,C602,MUSIC THEORY,Arts,Fall 2024,81.3,81.0,B,3.0
GRD002719,STU00605,C502,Web Development,Technology,Fall 2025,62.9,58.0,F,0.0
GRD001229,STU00276,C401,World History,,Spring 2024,77.0,73.2,C,
GRD002794,STU00621,C802,French I,languages,Fall 2025,62.0,54.9,F,0.0
GRD000430,STU00098,,Chemistry,Science,Spring 2024,56.2,61.4,D,1.0
GRD002133,S0479,C501,,Technology,Fall 2025,91.4,90.2,A,4.0
GRD002821,STU00626,C201,Biology,Science,Fall 2025,77.0,75.2,C,2.0
GRD000852,STU00194,C601,Visual Arts,Arts,Spring 2024,93.8,90.6,A,4.0
GRD002427,STU00541,C801,Spanish I,languages,Spring 2025,95.8,94.3,A,4.0
GRD000223,STU00051,C203,Physics,Science,Fall 2023,61.2,65.5,D,1.0
,STU00377,C701,Physical Education,PE,Fall 2024,95.0,99.4,A,4.0
GRD000030,STU00007,C601,Visual Arts,Arts,Spring 2025,64.9,64.1,D,1.0
GRD002784,STU00619,C203,Physics,Science,SPRING 2024,90.4,83.2,B,3.0
GRD001621,STU00367,C701,Physical Education,PE,Fall 2023,79.7,78.2,C,2.0
GRD002972,STU00660,C802,French I,Languages,Spring 2025  ,81.4,73.8,C,2.0
GRD003781,STU00839,C202,Chemistry,Science,Fall 2023,95.3,100,A,4.0
GRD001827,STU00413,C501,Introduction to Programming,,Spring 2025,72.7,69.4,D,1.0
GRD000128,31,C202,Chemistry,Science,Spring 2025,83.2,87.8,B,
GRD002097,STU00471,C301,English Literature,English,Fall 2024  ,93.0,97.4,A,4.0
GRD001264,STU00285,C101,Algebra I,Math,Fall 2023,,52.8,F,0.0
GRD001452,STU00329,C601,Visual Arts,Arts,Fall 2023,94.0,100,a,4.0
GRD002609,STU00582,C103,,Math,Spring 2024,75.8,83.5,B,3.0
GRD000308,STU-00070,C802,,Languages,Spring 2024,60.1,65.0,D,1.0
GRD000101,stu00024,C802,French I,Languages,Spring 2025,67.8,68.1,D,1.0
GRD000418,STU00096,C301,English Literature,English,Spring 2024,82.1,88.6,B,3.0
GRD002763,STU00614,C701,Physical Education,PE,Fall 2025,84.7,94.3,A,
GRD004270,STU00947,C101,Algebra I,Math,Spring 2025,87.0,87.6,B,3.0
GRD000943,STU00215,C802,French I,Languages,Fall 2024,73.8,81.2,B,3.0
GRD002267,STU00507,C202,Chemistry,Science,Fall 2025,90.6,89.6,B,3.0
GRD001145,STU00257,C301,English Literature,English,Spring 2024,56.1,50.0,F,0.0
GRD001052,STU00238,C201,Biology,,FALL 2023,77.2,78.1,C,2.0
GRD001605,STU00363,C601,Visual  Arts,Arts,Fall 2023  ,66.8,76.2,C,2.0
GRD002961,STU00658,C402,Government & Civics,Social Studies,Fall 2025,98.6,100,A,4.0
GRD003947,STU00874,C701,Physical Education,PE,Fall 2025,98.8,89.3,  B,3.0
GRD002295,STU512,C202,Chemistry,Science,Fall 2023,77.3,81.7,B,3.0
GRD001992,STU00450,C601,Visual Arts,Arts,Fall 2024,61.1,65.1,D,1.0
GRD002522,STU00562,C203,Physics,Science,Fall 2023,59.6,60.3,,1.0
GRD003262,STU00725,C802,French I,Languages,FALL 2024,50.1,59.6,F,0.0
GRD000104,STU00025,C202,Chemistry,Science,Spring 2024,65.3,57.7,F,0.0
GRD002500,STU00557,C201,Biology,Science,Fall 2023,56.0,58.8,F,0.0
GRD001714,STU00389,C501,Introduction to Programming,Technology,Fall 2025,67.4,59.9,F,0.0
GRD004160,STU00923,C802,FRENCH I,Languages,FALL 2023,64.0,65.1,D,1.0
GRD000699,STU00159,C801,Spanish I,Languages,Fall 2023,93.2,88.0,B,3.0
GRD004288,STU00952,C302,Creative Writing,English,Spring 2024,84.0,89.3,B,3.0
GRD000297,STU00068,C301,English Literature,English,Fall 2024,73.2,64.9,D,1.0
,STU00454,C602,Music Theory,Arts,Fall 2023,93.2,99.1,A,4.0
GRD003900,STU00864,C601,Visual Arts,Arts,Fall 2024,80.8,87.6,B,3.0
GRD000347,STU00079,,government & civics,Social Studies,Fall 2023,70.7,70.2,C,2.0
GRD003086,STU684,C502,Web Development,Technology,Fall 2023,94.2,94.3,A,4.0
GRD003681,STU00817,C401,World History,Social Studies,Fall 2024,62.7,57.6,F,0.0
GRD000033,STU00007,C802,french i,Languages,Spring 2024,89.8,96.5,A,
GRD003880,STU00860,C602,Music  Theory,Arts,Fall 2023,92.7,90.4,A,4.0
GRD000850,STU00193,C801,Spanish I,Languages,Fall 2024,77.4,76.0,C,2.0
GRD002117,STU00475,C701,Physical Education,  PE,Fall 2024,70.2,79.5,C,2.0
GRD000939,STU00214,C701,Physical Education,PE,,51.8,55.6,F,0.0
GRD003417,STU760,C801,Spanish I,Languages,Fall 2024,68.3,64.0,D,1.0
GRD001261,stu00284,C801,spanish i,Languages,Fall 2023,62.3,66.2,D,1.0
GRD001409,STU00320,C502,Web Development,Technology,Fall 2023,75.3,71.6,C,2.0
GRD000920,STU00209,C401,World History,,spring 2024,77.0,69.1,,1.0
GRD002072,STU00466,,English Literature,English,Fall 2024,89.0,85.2,B,3.0
GRD000962,STU219,C602,Music Theory,Arts,spring 2025,65.9,60.6,D,1.0
GRD003057,STU00678,C502,web development,Technology,Spring 2024,97.7,100,A,4.0
GRD000758,STU00173,C301,English  Literature,English,Fall 2023,78.2,70.2,C,2.0
GRD002377,STU00529,C601,Visual Arts,arts,Fall 2025,60.8,66.8,D,1.0
GRD002414,STU00538,C202,Chemistry,,Fall 2024,61.6,69.9,D,1.0
,STU-00330,C401,World History,Social Studies,Fall 2023,62.8,60.7,D,1.0
GRD002701,STU00601,C701,Physical Education,PE,Fall 2023,62.7,61.5,D,1.0
GRD002651,STU00590,C301,English Literature,English,Spring 2025,63.9,67.8,D,1.0
GRD003243,STU00721,C802,French I,Languages,Spring 2024,86.1,,A,4.0
GRD004324,STU00962,C501,Introduction to Programming,Technology,Spring 2025,79.7,81.3,B,3.0
GRD000854,STU00194,C103,Algebra II,Math,Fall 2025,98.9,100,A,4.0
GRD003672,STU00815,C701,Physical Education,PE,Fall 2024,55.1,52.8,F,0.0
GRD001132,STU-00255,C802,French I,Languages,Spring 2024,99.6,100,A,4.0
GRD000241,STU00055,C103,Algebra II,Math,Fall 2025,91.1,85.1,B,3.0
GRD001975,STU00447,C101,Algebra I,Math,Spring 2025,64.4,63.5,D,1.0
GRD003098,STU-00687,C102,Geometry,Math,Fall 2025,85.9,94.1,A,4.0
GRD003893,STU00863,C502,Web Development,Technology,Fall 2025,54.0,56.6,,0.0
GRD003334,STU00741,C602,Music Theory,Arts,Spring 2025,90.7,93.8,A,4.0
GRD002208,STU00494,C802,,Languages,Fall 2024,94.8,98.9,A,4.0
GRD002272,stu00507,C701,Physical Education,PE,Fall 2023,84.4,88.5,B,3.0
GRD003542,STU00787,C701,Physical Education,PE,Spring 2024,79.8,70.2,C,2.0
GRD001542,STU349,C202,,Science,Spring 2024,95.8,96.2,A,4.0
GRD001567,stu00355,,English Literature,English,Fall 2025,66.2,68.7,D,1.0
GRD001522,STU00346,C202,Chemistry,Science,Fall 2023,50.7,59.3,F,0.0
GRD001889,STU00428,,Creative Writing,English,Spring 2024,99.6,100,A,4.0
GRD003263,STU00725,C701,Physical Education,PE,Fall 2025,67.6,65.2,D,1.0
GRD002839,STU00630,C801,Spanish I,Languages,Spring 2024,69.3,78.6,C,2.0
GRD000585,STU00132,C202,Chemistry,Science,Spring 2025,96.3,100,A,4.0
GRD004374,STU00971,C202,Chemistry,Science,,58.9,63.3,D,1.0
GRD003976,STU00880,C302,Creative Writing,English,Fall 2023,65.1,73.9,C,2.0
GRD000810,STU00184,C502,Web Development,Technology,Spring 2025,51.2,44.4,F,0.0
GRD001599,STU00362,C402,Government & Civics,Social Studies,fall 2025,85.6,89.8,B,3.0
GRD003942,STU00873,C302,Creative Writing,English,Spring 2024,92.7,83.6,B,3.0
GRD000564,STU00127,C701,Physical Education,PE,Fall 2025,72.5,71.5,C,
GRD002136,STU00479,C701,Physical Education,PE,  Fall 2025,67.6,70.9,C,2.0
GRD001212,STU00272,C802,French I,Languages,Fall 2025,60.3,64.1,D,1.0
GRD000282,STU00065,C302,Creative Writing,English,Fall 2023,79.4,74.6,C,2.0
GRD002776,stu00617,C102,GEOMETRY,Math,,96.6,100,A,4.0
GRD001023,STU00232,C301,,English,Spring 2024,53.2,50.5,f,0.0
GRD001687,STU00383,C701,Physical Education,PE,Fall 2024,95.4,97.0,A,4.0
GRD003282,STU00729,C501,Introduction to Programming,Technology,Spring 2025,73.7,72.8,C  ,2.0
GRD001144,STU00257,C602,Music Theory,Arts  ,Fall 2025,56.6,60.6,D,1.0
GRD001699,STU00385,C302,Creative Writing,English,Spring 2024,65.8,62.2,  D,1.0
GRD003328,STU740,C402,Government & Civics,Social Studies,Fall 2024,76.0,82.9,  B,3.0
GRD001293,STU00292,C501,Introduction  to  Programming,Technology,Fall 2025,82.2,82.6,B,3.0
GRD002055,STU00463,C701,Physical Education,PE,Fall 2023,81.6,85.6,B,3.0
GRD004197,STU00931,C701,Physical Education,PE,Fall 2025,52.4,52.7,F,0.0
GRD002402,STU00536,C802,French I,Languages,FALL 2024,91.8,92.4,A,4.0
GRD004261,STU00944,C502,Web Development,Technology,Spring 2025,72.8,64.3,D,1.0
GRD004485,STU01053,C501,Introduction to Programming,Technology,Spring 2025,92.9,93.9,A,4.0
GRD002428,STU00541,C602,Music Theory,Arts,Fall 2024,67.1,72.8,C,2.0
GRD004333,STU00963,C401,World History,Social Studies,Fall 2024,59.1,52.5,F,0.0
GRD002555,STU00569,C501,Introduction to Programming,Technology,Fall 2023,88.6,95.7,A,4.0
GRD001047,STU00237,C801,Spanish I,Languages,  Fall 2025,89.3,96.6,A,4.0
GRD002537,STU00565,C501,Introduction to Programming,Technology,Fall 2023,97.4,89.9,B,3.0
GRD001842,417,C201,Biology,Science,Fall 2023,79.9,88.4,B,3.0
GRD000386,STU00088,C802,French I,Languages,spring 2024,74.7,72.5,C,2.0
GRD001932,STU00438,C501,Introduction to Programming,Technology,Fall 2025,50.0,51.0,F,0.0
GRD002348,STU00523,C202,Chemistry,Science,Spring 2025,81.4,88.7,B,3.0
GRD004343,STU00965,C101,Algebra I,Math,Fall 2025,92.1,85.7,B,3.0
GRD000457,STU00104,C602,Music Theory,Arts,Fall 2024,92.5,87.8,B,3.0
,STU00373,C602,Music Theory,  Arts,Fall 2024,69.8,70.7,C,2.0
GRD001742,395,C601,Visual Arts,Arts,Spring 2024,65.6,73.1,C,2.0
GRD002307,STU00515,C701,Physical Education,PE,Fall 2024,58.2,48.7,F,0.0
GRD004366,STU00970,C601,Visual Arts,Arts,Spring 2025,58.3,62.0,,1.0
GRD000141,STU00035,C101,Algebra I,Math,Spring  2024,57.7,50.8,F,0.0
GRD003766,STU00836,C102,Geometry,Math,Fall 2024,96.8,87.5,B,3.0
GRD004409,STU00979,C701,Physical Education,PE,Spring 2025,74.1,75.3,c,2.0
GRD002697,STU00600,C402,Government & Civics,Social  Studies,Fall 2025,79.4,75.6,C,2.0
GRD000918,STU00209,C301,English Literature,English,Fall 2025,79.1,74.9,C,2.0
GRD003504,STU00779,C701,Physical Education,PE,Spring 2025,84.4,74.8,C,2.0
GRD003750,STU00832,C601,Visual Arts,Arts,Spring 2024,57.6,53.1,F,0.0
GRD003571,STU00793,C203,,Science,Fall 2025,66.3,69.0,D,1.0
GRD001186,stu00265,C601,Visual Arts,Arts,Fall 2025  ,50.9,49.9,F,0.0
GRD001225,STU00275,C502,Web Development,Technology,Spring 2024  ,75.8,73.0,C,2.0
GRD004468,STU00991,C701,Physical Education,PE,Fall 2024,58.4,54.6,F,0.0
GRD001216,STU00273,C401,World History,Social Studies,Fall 2025,89.0,83.7,B,3.0
,STU00153,C501,Introduction to Programming,Technology,Fall 2024,63.7,68.4,D,1.0
GRD002419,STU00540,C301,English Literature,English,Spring 2025,89.7,90.1,A,4.0
GRD001295,STU00292,C802,French I,Languages,Fall 2025,73.1,63.8,D,1.0
GRD003481,STU00774,C601,Visual Arts,Arts,Fall 2023,68.3,66.0,D,1.0
GRD001315,STU00297,C202,Chemistry,Science,Spring 2025,85.5,87.2,B,3.0
GRD003434,STU00763,C701,Physical Education,PE,Spring 2025,85.2,82.9,B,3.0
GRD004092,STU00908,C102,Geometry,Math,Fall 2025,81.2,90.5,A,4.0
GRD003486,STU00775,C102,Geometry,Math,Fall 2024,79.7,80.8,  B,3.0
GRD004191,STU00930,C302,Creative Writing,English,Spring 2025,54.6,50.6,F,0.0
GRD000703,STU00159,C301,English Literature,English,Fall 2023,63.2,68.2,D,1.0
GRD003077,STU00682,,Physical Education,PE,Fall 2023,83.2,82.6,B,3.0
GRD000635,STU00143,C302,Creative Writing,English,Spring 2025,95.2,89.3,B,3.0
GRD000800,STU00182,C203,Physics,Science,Spring 2025,61.5,53.3,F,0.0
GRD000056,STU00013,C203,Physics,Science,Fall 2024,59.1,58.6,F,0.0
GRD002346,STU00522,C301,English  Literature,English,Spring 2024,,64.5,D,1.0
GRD001468,STU00332,C203,Physics,Science,Fall 2025,61.5,52.2,F,0.0
GRD004482,STU00994,C802,French I,Languages,Fall 2023,62.8,68.3,D,1.0
GRD000757,STU00173,C102,Geometry,Math,,63.6,62.3,D,1.0
GRD003485,STU00775,C701,Physical Education,PE,Fall 2023,76.1,,B,3.0
GRD002064,STU00464,C802,French I,Languages,Spring 2024,62.5,59.9,F,0.0
GRD003761,STU00835,C101,Algebra I,Math,Fall 2025,75.2,74.7,C,2.0
GRD004251,STU00942,C102,Geometry,Math,Fall 2025,57.9,65.5,D,1.0
GRD003304,STU00734,C801,Spanish I,Languages,Fall 2025,70.2,78.0,C,2.0
GRD000604,STU00136,C101,Algebra I,Math,Fall 2023,70.8,80.0,B,3.0
GRD002011,STU00453,C402,Government & Civics,Social Studies,Spring 2025,74.9,83.1,B,3.0
GRD002462,STU00548,C301,English Literature,english,Spring 2024,51.7,47.7,F,0.0
,STU00928,C801,Spanish I,,Fall 2025,56.5,53.9,F,0.0
GRD003490,STU776,C701,Physical Education,PE,Spring 2025,70.9,73.8,C,2.0
GRD001580,STU00357,,Government & Civics,Social Studies,Fall 2025,72.5,81.8,B,3.0
GRD001200,STU00268,C602,Music  Theory,Arts,Fall 2025,53.8,45.5,F,0.0
GRD001494,STU00339,C203,Physics,Science,,92.0,95.2,A,4.0
GRD000916,STU00209,C601,  Visual Arts,Arts,Spring 2025,86.5,78.2,C,2.0
GRD001712,STU00388,C701,Physical Education,PE,spring 2024,96.1,89.4,B,3.0
GRD000683,STU00155,C501,Introduction to Programming,Technology,Spring 2025,62.3,71.4,C,2.0
GRD004386,STU00974,C602,Music Theory,,Fall 2025,93.8,88.1,B,3.0
GRD002546,STU00567,C601,Visual Arts,Arts,Fall 2024,70.9,77.7,c,2.0
GRD004146,STU00919,C701,Physical Education,PE,Fall 2023,70.6,65.1,D,1.0
GRD003925,STU00870,C501,Introduction to Programming,Technology,Fall 2025,78.4,69.2,D,1.0
GRD002735,STU00609,C801,Spanish I,Languages,Fall 2025,70.5,64.6,D,1.0
GRD001035,STU00235,C302,Creative Writing,English,Fall 2024,53.0,57.7,F,0.0
GRD003596,STU00799,C801,Spanish I,Languages,,97.2,87.7,B,3.0
GRD002512,STU00559,C601,Visual Arts,Arts,Fall 2025  ,52.6,45.4,F,0.0
GRD002315,STU00516,,INTRODUCTION TO PROGRAMMING,Technology,Fall 2025,57.7,56.6,,0.0
GRD003367,STU00748,C802,French I,Languages,,83.7,83.4,B,3.0
GRD000968,STU00220,C201,Biology,Science,Spring 2024,59.6,68.8,D,1.0
GRD000628,STU00142,C701,Physical Education,PE,  Fall 2025,59.1,62.2,D,1.0
GRD003137,STU00696,C601,Visual Arts,Arts,Spring 2024,59.2,57.3,F,0.0
GRD001331,STU00301,C401,World History,Social Studies,Fall 2024,87.2,91.8,A,4.0
GRD000227,STU00052,C701,Physical Education,PE,Fall 2025,65.2,69.2,D,1.0
GRD003337,stu00742,C601,Visual Arts,Arts,Spring 2025,52.7,53.1,F,0.0
GRD002578,STU00574,C201,Biology,Science,Fall 2024,55.9,48.9,F,0.0
GRD002461,STU00548,C402,Government & Civics  ,Social Studies,Fall 2025,70.1,64.2,D,1.0
GRD002193,STU00491,C602,Music Theory,Arts,Spring 2024,95.8,95.3,A,4.0
GRD003164,STU00702,C701,Physical  Education,PE,Fall 2025,56.1,54.0,F,0.0
GRD003190,STU00708,C701,Physical Education,PE,Fall 2025,77.3,75.1,C,2.0
GRD002260,STU00505,C302,Creative Writing,English,Fall 2023,87.6,86.3,B,3.0
GRD003461,STU-00769,C601,Visual Arts,Arts,Fall 2025,52.7,62.5,  D,1.0
GRD002745,STU00611,C501,introduction to programming,Technology,Spring 2025,92.2,98.6,A,4.0
,STU00627,C701,Physical Education,PE,Fall 2023,53.0,48.3,F,0.0
GRD001636,STU00370,C401,World History,  Social Studies,Fall 2024,63.5,59.0,F,0.0
GRD000919,STU00209,C801,Spanish I,Languages,Fall 2023,92.9,97.3,A,4.0
GRD001398,STU00317,C602,Music Theory,Arts,Spring 2025,80.5,71.1,C,2.0
GRD003240,STU00720,C501,Introduction to Programming,  Technology,,62.7,63.3,D,1.0
GRD003046,STU00675,C501,Introduction to Programming,Technology,Fall 2025,55.9,59.4,F,0.0
GRD002551,STU00569,C701,Physical Education,PE,Fall 2025,53.3,46.4,F,0.0
GRD000720,STU00164,C502,Web Development,Technology,Spring 2025,73.8,67.0,D,1.0
GRD001962,STU00444,C801,Spanish I,  Languages,Fall 2025,89.9,95.2,A,4.0
GRD001480,STU00335,C701,Physical Education,PE,Fall 2025,79.9,88.5,B,3.0
GRD002840,STU00630,C302,Creative Writing,English,Fall 2025,78.7,75.0,C,2.0
GRD003895,STU00863,C302,Creative Writing,English,Spring 2025,73.0,65.1,D,1.0
GRD000495,STU00112,C101,Algebra I,Math,Spring 2025,59.7,52.3,F,0.0
GRD000695,S0157,C501,Introduction to Programming,Technology,Fall 2024,73.5,63.8,D,1.0
GRD001524,STU00346,C301,English Literature,English,Spring 2025,73.1,66.1,D,1.0
GRD001327,STU00299,C102,,Math,Spring 2025,82.7,78.6,C,2.0
GRD000788,STU00179,C701,Physical Education,,Fall 2023,53.5,56.0,f,0.0
GRD002730,STU00608,C801,Spanish I,languages,Spring 2025,85.6,83.5,B,3.0
GRD003828,stu00850,C302,Creative Writing,English,Fall 2023,81.8,88.5,B,3.0
GRD000437,STU00100,C301,English Literature,English,Spring 2024,70.3,78.3,C,2.0
GRD002988,STU663,C701,Physical Education,PE,Fall 2023,56.9,54.8,F,0.0
GRD004069,STU00903,C501,INTRODUCTION TO PROGRAMMING,Technology,spring 2025,62.7,58.0,F,0.0
GRD002758,STU00614,C401,World History,Social Studies,Fall 2025,50.7,47.9,F,0.0
GRD001765,STU00400,C801,Spanish I,Languages,Fall 2025,99.1,90.4,A,4.0
GRD000061,STU00014,C602,Music Theory,Arts,Spring 2025,70.0,64.1,D,1.0
GRD001637,371,C402,Government & Civics,,Spring 2024,67.8,71.3,C,2.0
GRD002643,STU00589,C203,Physics,Science,Spring 2025,54.2,61.5,D,1.0
GRD001729,STU00392,C602,Music Theory,Arts,Spring 2025,93.4,83.7,B,3.0
GRD004118,STU00914,C203,Physics,Science,Spring 2024,53.8,51.3,F,0.0
GRD004004,STU00886,C402,Government & Civics,Social Studies,Spring 2025,73.8,70.0,C,2.0
GRD004252,STU-00943,C802,French I  ,Languages,Fall 2024,89.9,90.3,A,4.0
GRD001567,stu00355,,English Literature,English,Fall 2025,66.2,68.7,D,1.0
GRD002052,STU00462,C601,Visual Arts,Arts,Spring 2025,74.9,79.2,C,2.0
GRD001022,232,C801,Spanish I,Languages,Fall 2023,53.6,56.5,F,0.0
GRD000821,STU00188,C202,Chemistry,Science,Fall 2025,72.2,67.8,D,1.0
GRD004020,STU00890,C301,English Literature,English,Spring 2025,98.2,88.4,B,3.0
GRD000993,STU-00225,C701,Physical Education,PE,Fall 2023,86.6,91.0,A,
GRD004350,STU00966,C101,Algebra  I,Math,Spring 2024,89.9,96.3,A,4.0
GRD003228,STU00717,C201,Biology,Science,Fall 2025,62.5,62.2,D,1.0
GRD003441,STU00765,C302,Creative Writing,English,  Fall 2023,88.6,78.7,C,2.0
GRD000889,STU00202,C302,Creative Writing,English,Spring 2025,64.4,70.5,C,2.0
GRD004490,STU00996,C602,Music Theory,Arts,Fall 2024,62.8,59.0,F,0.0
GRD000299,STU01211,C402,Government & Civics,Social Studies,Fall 2023,60.5,60.2,d,1.0
GRD001150,STU00258,C401,World History,Social Studies,Spring 2024,51.9,51.8,F,0.0
GRD001775,STU00402,C203,Physics,Science,Fall 2024,89.7,81.3,B,3.0
GRD003609,S0801,C502,Web Development,Technology,Spring 2024,85.1,82.8,B,3.0
GRD004349,STU00966,C701,Physical Education,PE,  Fall 2025,69.6,72.3,C,2.0
GRD000667,STU00151,C501,Introduction to Programming,Technology,Fall 2023,50.8,46.6,F,0.0
GRD003768,STU00836,C601,VISUAL ARTS,Arts,Spring 2025,54.5,51.4,F,0.0
GRD004364,STU00969,C701,Physical Education,PE,Spring 2024,51.5,59.5,F,0.0
,STU00407,C103,Algebra II,Math,Fall 2025,93.4,95.8,A,4.0
GRD002439,STU00544,C101,Algebra I,Math,Fall 2025,70.8,,D,1.0
GRD000275,STU00064,C701,Physical Education,PE,Spring 2025,73.6,76.3,C,2.0
GRD000510,STU00115,C602,Music Theory,Arts,Fall 2025,89.6,81.0,B,3.0
GRD000434,S0099,C602,Music Theory,Arts,Fall 2025,90.9,86.7,B,3.0
GRD001101,STU00248,C201,Biology,Science,Fall 2025,66.9,56.9,,0.0
GRD000272,S0063,C201,Biology,Science,Spring 2025,57.2,59.8,  F,0.0
,STU00638,,Music Theory,Arts,Spring 2025,75.2,84.3,B,3.0
GRD002078,STU00467,C301,English Literature,English,Fall  2023,70.5,78.4,C,2.0
GRD004176,STU00927,C501,Introduction to Programming,Technology,Fall 2023,57.8,60.6,D  ,1.0
GRD000410,STU00093,C401,World History,Social Studies,Fall 2024,84.4,89.1,B,3.0
GRD001116,STU00251,C201,Biology,Science,Fall 2025,90.7,95.8,A,4.0
GRD002467,STU00550,C101,Algebra I,Math,Fall 2025,50.4,46.9,F,0.0
,STU00492,C202,Chemistry,Science,Fall 2023,74.7,69.3,D,1.0
GRD002792,STU00621,C203,Physics,Science,fall 2023,89.3,90.0,A,4.0
GRD004282,950,C301,English Literature,ENGLISH,Spring 2024,52.9,58.8,F,0.0
GRD001455,STU00329,C801,Spanish I,Languages,Spring 2025,75.5,75.8,c,2.0
GRD002269,STU00507,C501,Introduction to Programming,Technology,Spring 2024,55.7,57.9,F,0.0
,STU00978,C302,Creative Writing,English,Spring 2024,56.7,48.3,F,0.0
GRD000552,STU00124,C201,Biology,Science,FALL 2023,86.7,85.6,B,3.0
GRD002519,STU00561,C201,Biology,Science,fall 2025,68.7,64.4,D,1.0
GRD000111,27,C402,,Social Studies,Fall 2024,68.0,62.3,D,1.0
GRD002324,STU00518,C601,Visual Arts,Arts,Fall 2024,56.5,46.9,F,0.0
GRD003980,STU00881,C602,  Music Theory,Arts,Fall 2023,86.3,89.9,B,3.0
GRD003160,STU00702,C502,Web Development,Technology,Spring 2024,96.1,90.5,,4.0
GRD002523,STU00562,C103,Algebra II,Math,Fall 2024,85.7,94.1,A,4.0
GRD002983,STU00662,C602,Music Theory,Arts,Spring 2025,79.9,82.7,B,3.0
GRD000429,STU00098,C102,GEOMETRY,Math,Fall 2024,82.2,92.2,A,4.0
GRD002579,STU00575,C402,Government & Civics,Social Studies,Spring 2025,92.4,96.7,A,4.0
GRD002975,STU00660,C102,Geometry,Math,Spring 2024,66.7,59.5,F,
GRD003551,STU00790,C101,Algebra I,Math,Spring 2025,51.6,47.0,F,0.0
GRD003730,STU00828,C701,Physical Education,PE,Spring 2024,65.2,70.2,C,2.0
GRD001644,STU00372,C701,Physical Education,PE,Fall 2024,79.2,70.3,C,2.0
GRD002280,STU00509,C401,World History,  Social Studies,Spring 2025,71.8,68.9,D,1.0
GRD002135,STU00479,C402,Government & Civics,Social Studies,Spring 2024,69.8,75.0,C,2.0
GRD001550,STU00351,C502,Web Development,Technology,Fall 2025,95.0,100,A,4.0
GRD001701,STU00386,C701,Physical Education,PE,Fall 2023,82.9,79.7,C,2.0
GRD002338,STU00520,C701,Physical  Education,PE,Fall 2024,81.0,82.0,B,3.0
GRD000028,STU00007,C301,English Literature,English,Fall 2025,90.3,83.9,B,3.0
GRD003148,STU00699,C202,Chemistry,Science,Spring 2025,72.6,73.9,C,2.0
GRD003679,STU00816,C102,Geometry,Math,Spring 2024,66.9,67.0,D,1.0
GRD003839,STU00852,C101,Algebra I,Math,Fall 2025,83.7,89.2,B,3.0
GRD001832,STU00414,C502,Web Development,Technology,Fall 2025,74.5,71.4,C,2.0
GRD002041,STU00460,C203,Physics,Science,Spring 2024,97.4,92.9,A,4.0
GRD000022,STU00005,C102,Geometry,Math,Fall 2023,85.7,83.4,B,3.0
GRD000708,STU00161,C701,Physical Education,PE,Fall 2023,70.7,69.2,D,1.0
GRD000600,STU00136,C701,Physical Education,PE,Fall 2025,53.6,47.6,F,0.0
GRD000822,STU00188,C102,Geometry,Math,Fall 2024  ,53.5,56.6,F,
GRD002630,STU00586,C701,Physical Education,,Fall 2023,81.7,88.8,B,3.0
GRD002964,STU00658,C602,Music Theory,Arts,Fall  2025,73.1,70.2,C,2.0
GRD004193,STU00930,C202,Chemistry,Science,Fall  2024,76.9,67.4,D,1.0
GRD003687,STU00818,C502,Web Development,Technology,Fall 2025,85.5,89.5,B,
GRD000103,STU00025,C701,Physical Education,PE,Spring 2024,66.4,63.6,D,1.0
GRD004268,STU00946,C701,Physical Education,PE,Fall 2025,73.5,67.3,D,1.0
GRD003217,STU00715,C801,Spanish I,Languages,Fall 2023,,52.0,F,0.0
GRD001491,STU00339,C601,Visual Arts,Arts,Fall 2025,85.8,79.3,C,2.0
GRD001326,STU00299,C701,Physical Education,PE,Spring 2024,58.4,,F,0.0
GRD001610,STU00365,C801,Spanish I,Languages,Fall 2024,87.1,81.5,B,3.0
GRD000408,STU00093,C701,Physical Education,PE,Fall 2025,65.7,66.0,D,1.0
GRD000405,STU92,C201,Biology,Science,Spring 2024,77.5,85.1,B,3.0
GRD000643,STU00145,C301,English Literature,English,Fall 2024,72.3,76.5,C,2.0
GRD002689,STU00599,C802,French I,Languages,Spring 2024,69.3,61.0,D,1.0
GRD000874,STU00198,C701,Physical Education,PE,Fall 2023,93.3,83.6,B,3.0
GRD004258,STU00944,C601,Visual Arts,Arts,Fall 2024,83.2,83.5,B,3.0
GRD000518,STU00116,C302,Creative  Writing,English,Fall 2024,93.8,100,A,4.0
GRD000798,STU00181,C601,Visual Arts,Arts,Spring 2024,51.6,47.7,F,0.0
GRD002877,639,C601,Visual Arts,Arts,Fall 2025,70.3,62.5,D,1.0
GRD004332,STU00963,C502,Web Development,Technology,Fall 2025,60.1,55.6,F,0.0
GRD002253,stu00504,C402,Government & Civics,Social Studies,Spring 2025,91.2,93.2,A,4.0
GRD002836,STU00630,C401,,Social Studies,Spring 2024,96.9,100,A,4.0
GRD000553,STU00124,C101,Algebra I,Math,Spring 2025,70.0,61.8,D,1.0
GRD001815,STU00410,C401,World History,Social Studies,Fall 2025,55.3,62.1,D,1.0
GRD002314,STU00516,C202,Chemistry,Science,Fall 2025,52.1,48.2,F,0.0
GRD000806,STU00183,C701,physical education,PE,fall 2025,85.2,94.6,A,4.0
GRD004495,stu00997,C301,English Literature,English,Spring 2025,98.4,100,A,4.0
GRD000535,STU00120,,Music Theory,Arts,Fall 2023,50.5,44.7,F,0.0
GRD001594,STU00361,C102,Geometry,Math,Spring 2025,65.6,67.6,D,1.0
GRD001021,STU00231,C402,Government & Civics,Social Studies,Spring 2025,90.6,80.8,B,3.0
GRD003974,STU00880,C701,Physical Education,PE,Fall 2024,83.8,85.8,B,3.0
GRD002262,STU00505,C802,French I,Languages,Spring 2025,61.8,68.3,D,1.0
GRD003649,STU00810,C401,World History,Social Studies,Spring 2025,70.1,78.5,C,2.0
GRD002662,STU00593,C402,Government & Civics,Social Studies,Fall 2025,92.1,87.2,B,3.0
GRD003396,STU756,C701,Physical Education,PE,Spring 2025,95.4,90.4,A,4.0
GRD002667,STU00593,C801,Spanish I,,Fall 2023,50.8,59.2,,0.0
GRD002736,STU00609,C301,english literature,English,Fall 2023,91.8,90.8,A,4.0
GRD000325,STU00073,C602,Music Theory,Arts,Fall 2024,65.3,63.5,D,1.0
GRD003414,STU00760,C601,Visual Arts,Arts,Fall 2025,99.1,100,A,4.0
GRD002910,STU00647,C203,Physics,Science,Spring 2024,62.7,61.7,D,
GRD001640,STU00371,C802,French I,Languages,Spring 2025,90.4,97.2,A,4.0
GRD002699,STU00601,C102,Geometry,Math,Fall 2023,83.0,89.0,B,3.0
GRD004084,STU00906,C502,Web Development,technology,  Fall 2023,84.9,77.8,C,2.0
GRD000218,STU00050,C802,French I,Languages,Spring 2025,62.8,56.5,F,0.0
GRD000250,STU00057,C301,English Literature,English,Fall 2024,64.1,67.6,D,1.0
GRD002177,STU00488,C801,Spanish I,Languages,Fall 2025,99.6,97.2,A,4.0
GRD003457,STU00769,C502,Web Development,Technology,Spring 2025,85.4,88.6,B,3.0
GRD004326,STU00962,C701,Physical Education,PE,Spring 2025,53.2,44.6,F,0.0
GRD002540,STU00566,C103,Algebra II,Math,Fall 2024,82.2,79.4,C,2.0
GRD000620,stu00140,,World History,Social Studies,Spring 2024,59.8,55.2,F,0.0
GRD002670,STU00594,C302,Creative Writing,,Fall 2023  ,86.5,88.4,B,3.0
GRD000419,STU00096,C802,French I,Languages  ,Spring 2025,95.9,100,A,4.0
GRD000844,STU00192,C401,World History,Social Studies,,98.5,96.2,A,4.0
GRD003567,STU00792,C602,Music Theory,Arts,Fall 2025,72.9,79.8,C,2.0
GRD002874,STU00639,C802,French I,Languages,Spring 2024,75.9,72.5,C,2.0
GRD002517,STU00560,C501,Introduction  to  Programming,Technology,Fall 2025,65.4,66.7,D,1.0
GRD001218,STU00273,C202,Chemistry,Science,Spring 2024,62.8,72.5,C,2.0
GRD000395,STU00090,C401,World History,,Fall 2025,64.3,66.3,D,1.0
GRD000169,STU00041,C802,French I,Languages,,79.1,86.8,B,3.0
GRD002210,STU00495,C502,Web Development,Technology,Fall 2024,62.6,54.1,F,
GRD000142,STU00035,C401,World History,Social Studies,Fall 2024,65.4,59.2,F,0.0
GRD002879,STU00640,C502,Web Development,Technology,Fall 2025,92.4,97.1,A,4.0
GRD000795,STU00180,C202,CHEMISTRY,Science,Fall 2024,93.1,92.7,,4.0
GRD000995,STU226,C701,PHYSICAL EDUCATION,PE,Spring 2025,63.9,68.4,D,1.0
GRD001443,STU00327,C501,Introduction to Programming,  Technology,Spring 2025,50.6,56.2,F,0.0
GRD004127,STU00915,C101,Algebra I,Math,Spring 2025,68.3,65.7,D,1.0
GRD000165,STU00040,C501,INTRODUCTION TO PROGRAMMING,technology,Spring 2024,63.6,64.3,D,1.0
GRD003170,STU00704,C101,  Algebra I,Math,Spring 2025,94.9,100,A,4.0
GRD004005,STU00886,C701,physical education,PE,Fall 2025,71.3,75.1,  C,2.0
GRD001449,STU00328,C701,Physical Education,PE,Spring 2024  ,58.8,55.8,F,0.0
GRD001768,STU00401,C302,Creative Writing,English,Fall 2023,67.8,71.3,C,2.0
GRD002282,STU00509,C103,Algebra II,,Fall 2024,87.9,88.5,B,3.0
GRD002577,STU00574,C701,Physical Education,PE,Spring 2025,54.4,59.8,f,0.0
GRD003495,STU777,C701,Physical Education,PE,Spring 2025,77.3,75.5,C,2.0
GRD002340,STU00521,C701,Physical Education,PE,Fall 2023,98.3,96.1,A,4.0
GRD002710,STU00603,C601,VISUAL ARTS,,Fall 2025,83.6,73.7,C,2.0
GRD001180,STU00264,C302,Creative Writing,English,Spring 2024,64.5,64.7,D,1.0
GRD002259,STU00505,C502,Web Development,Technology,Fall 2025,50.4,48.5,F,0.0
GRD004077,STU00905,C701,Physical Education,PE,Spring 2024,66.2,76.0,C,2.0
GRD002816,STU00626,C402,Government & Civics,Social Studies,Fall 2025,,58.7,F,0.0
GRD003870,STU00858,C701,Physical Education,PE,Spring 2025,98.5,100,A,4.0
GRD001223,STU00275,C601,Visual Arts,Arts,Fall 2024,72.5,63.0,D,1.0
GRD001656,STU00375,C801,Spanish I,,Fall 2024,71.8,68.9,D,1.0
,STU00557,C802,French I,Languages,Fall 2023,80.7,72.3,C,2.0
GRD004059,STU00899,C701,Physical Education  ,PE,Spring 2025,83.7,75.8,c,2.0
GRD002453,stu00546,C401,World History,Social Studies,Spring 2024,83.2,77.0,C,2.0
GRD000700,STU159,C602,Music Theory,Arts,Spring 2024,59.3,52.1,F,0.0
GRD001068,STU00241,C101,Algebra I,Math,Fall 2023,57.2,50.7,F,0.0
GRD001421,STU00322,C701,Physical Education,PE,Fall 2025,60.4,50.6,F,0.0
GRD004504,STU-00999,C302,Creative Writing,English,Spring 2024,81.9,75.6,C,2.0
GRD004411,STU00979,C302,Creative Writing,English,Fall 2024,75.5,70.5,C,2.0
GRD002294,STU00512,C301,English Literature,English,Spring 2025,84.2,91.6,A,4.0
GRD001766,STU00401,C401,World History,Social Studies,Fall 2024,66.3,67.7,D,1.0
GRD004345,STU00965,C701,Physical Education,PE,Fall 2023,98.7,94.5,A,4.0
GRD002248,STU00503,C802,French I,Languages,Spring 2025,80.4,88.8,B,3.0
GRD001883,S0427,C801,Spanish I,Languages,Spring 2024,64.0,57.0,F,0.0
GRD001108,STU00250,C101,Algebra I,Math,Fall 2023,86.7,84.3,B,3.0
GRD000458,STU00104,C501,Introduction to Programming,Technology,Fall 2025,98.3,100,A,4.0
GRD000839,STU00191,C601,Visual Arts,Arts,Fall 2023,82.2,87.4,B,3.0
GRD001158,STU00259,C502,Web Development,Technology,Fall 2023,71.3,75.8,C,2.0
GRD002510,STU00559,C501,Introduction to Programming,Technology,Fall 2025,91.1,91.5,A,4.0
GRD001557,STU00352,C301,English Literature,English,Fall 2025,74.8,81.4,B,3.0
GRD002229,STU00498,C601,Visual Arts,Arts,Spring 2024,55.4,65.0,D,1.0
GRD000682,STU00154,C402,Government & Civics,Social Studies,Spring 2024,67.9,71.6,C,2.0
GRD001271,STU00287,C601,visual arts,,Spring 2025,78.7,74.5,C,2.0
GRD002572,STU00573,C401,World History,Social Studies,Spring 2025,77.3,72.8,C,2.0
GRD000399,STU00091,C301,English Literature,English,Fall 2025,95.6,89.1,B,3.0
GRD002994,STU00664,C103,,MATH,Fall 2024,57.0,60.5,D,1.0
GRD003868,S0858,C202,,Science,Spring 2024,61.0,55.7,F,0.0
GRD004382,STU00973,C302,Creative Writing,English,Fall 2024,54.0,55.4,F,0.0
GRD003591,STU00798,C701,Physical Education,PE,Spring 2024,97.3,94.1,A,4.0
GRD000340,STU00077,C802,French I,Languages,Spring 2024,70.8,65.3,D,1.0
GRD002240,STU501,,Introduction to Programming,Technology,Fall 2025,62.2,66.3,D,1.0
GRD003881,STU00861,C101,Algebra  I,Math,Fall 2025,77.4,77.9,C,2.0
GRD003644,STU00809,C301,  English Literature,English,Spring 2025,60.4,68.0,D,1.0
GRD000130,STU00031,C103,Algebra II,Math,Fall 2025,99.4,100,A,4.0
GRD001074,STU00242,C301,English Literature,English,Fall 2025,68.4,76.9,C,2.0
GRD001154,STU00259,C103,Algebra II,Math,Spring 2024,90.2,84.4,B,3.0
GRD003181,STU00706,C701,Physical Education,PE,Spring 2024,75.3,75.5,C,2.0
GRD002545,STU00567,C103,Algebra II,Math,Fall 2025,88.1,83.0,B,3.0
GRD001885,STU00428,C701,Physical Education,PE,Fall 2023,64.9,71.7,C,2.0
GRD000726,STU00165,C701,  Physical Education,PE,Spring 2025,82.6,76.2,C,
GRD000656,STU00149,C502,,Technology,Fall 2023,76.0,85.7,B,3.0
GRD003857,STU-00855,C103,Algebra II,Math,Fall 2024,68.6,69.1,,1.0
GRD001516,STU00344,C801,Spanish I,Languages,Spring 2025,53.7,46.8,F,0.0
GRD003599,STU00800,C802,French I,Languages,Fall 2023,74.7,79.7,C,2.0
GRD004133,stu00917,C101,Algebra I,,,75.4,80.5,B,3.0
GRD001215,stu00272,C701,Physical Education,PE,Fall 2025,74.9,73.1,C,2.0
GRD001949,STU00442,C102,Geometry,Math,Fall 2023,92.0,84.0,B,3.0
GRD000354,STU00080,C602,Music Theory,Arts,Fall 2025,57.5,50.9,F,0.0
GRD000427,STU00097,C103,Algebra II,Math,Fall 2023,90.2,88.9,B,3.0
GRD004129,STU00916,C802,French I,Languages,Fall 2025,93.9,89.2,B,
GRD002803,STU00623,C502,Web Development,Technology,Spring 2024,72.5,66.9,D,1.0
GRD001085,STU00245,C701,Physical Education,PE,Fall 2024,94.9,92.5,A,4.0
GRD003371,STU00750,C802,French I,Languages,Fall 2024,70.3,75.2,C,2.0
GRD001121,STU00253,C801,Spanish I,Languages,Spring 2024,72.9,71.5,C,2.0
GRD000075,STU00018,C102,,Math,Spring 2025,70.3,75.6,C,2.0
GRD002617,STU00583,C401,World History,Social Studies,Fall 2024,66.6,58.9,F,0.0
GRD004188,STU00930,C602,Music Theory,Arts,Spring 2024,62.0,64.5,D,1.0
GRD002756,STU00613,C501,Introduction to Programming,Technology,Fall 2024,97.8,99.0,A,4.0
GRD001111,STU250,C802,French I,Languages,Fall 2023,61.4,57.0,F,0.0
GRD001839,STU00416,C301,English Literature,English,Fall 2023,85.6,92.9,A,4.0
GRD001646,STU00373,C101,Algebra I,Math,Spring 2025,93.0,100,A,4.0
GRD002218,STU00496,C701,Physical Education,PE,Spring 2025,77.3,69.8,D,1.0
GRD002636,STU00587,C301,  English Literature,English,,69.8,72.3,C,2.0
GRD001237,STU00278,C701,Physical Education,PE,Spring 2024,78.1,74.0,C,2.0
GRD003733,STU00828,C602,Music Theory,Arts,Fall 2025,80.8,90.0,A,4.0
GRD000295,STU00068,C201,  Biology,Science,Fall 2024,73.4,83.2,B,3.0
GRD000694,STU00157,C302,Creative Writing,English,  Fall 2023,57.3,49.2,F,0.0
GRD001540,STU00349,C801,Spanish I,Languages,Spring 2025,96.8,100,A,4.0
GRD003400,STU01323,C502,web development,Technology,Spring 2025,61.5,63.8,D,1.0
GRD000896,STU00204,,Web Development,  Technology,Fall 2023,66.3,71.5,C,2.0
GRD003092,STU00685,C501,Introduction to Programming,Technology,Fall 2023,95.1,100,A,4.0
GRD002729,STU00608,C401,World History,Social Studies,Fall 2023,79.3,77.5,C,2.0
GRD003594,STU00799,C502,Web Development,Technology,Spring 2024,64.1,72.4,C,2.0
GRD003803,STU00845,C701,,PE,Fall 2025,82.3,75.9,C,2.0
GRD002707,STU00602,C602,Music Theory,Arts,Fall 2024,89.0,87.8,B,3.0
GRD001971,STU00446,C802,french i,Languages,Fall 2023,86.9,85.8,B,3.0
GRD000403,STU00091,C502,Web Development,Technology,Spring 2024,66.9,73.5,,2.0
GRD002105,STU00472,C501,Introduction to Programming,  Technology,  Spring 2024,77.0,80.1,B,
,STU00930,C101,Algebra I,,Fall 2025,86.6,82.4,B,3.0
GRD003081,STU00683,C203,Physics,Science,Fall 2025,87.2,91.9,  A,4.0
GRD003795,STU00843,C402,Government & Civics,Social Studies,Fall 2023,85.0,83.6,B,3.0
GRD001422,STU00322,C602,Music Theory,Arts,Spring 2025,,80.5,B,3.0
GRD002571,STU00573,C103,ALGEBRA II,Math,  Spring 2025,69.3,68.3,D,1.0
,STU00347,C802,French I,languages,Fall 2024,66.8,72.0,C,2.0
GRD001240,STU00279,C701,Physical Education,PE,Spring 2025,56.1,63.0,D,1.0
GRD002607,STU00581,C602,Music Theory,Arts,Fall 2025,79.9,84.6,B,3.0
GRD004381,STU00972,C802,French I,Languages  ,Fall 2025,57.5,66.2,D,1.0
GRD001319,STU00298,C802,French I,Languages,Fall 2024,99.9,,A,4.0
GRD003268,STU00726,C501,Introduction to Programming,Technology,Fall 2025,90.0,82.6,B,3.0
GRD001859,stu00421,C602,Music Theory,Arts,Spring 2024,65.9,59.2,F,0.0
GRD001887,STU00428,C103,Algebra  II,Math,Fall 2023,98.3,95.1,A,4.0
GRD000945,STU00215,C401,World History,Social Studies,Fall 2025,90.2,83.8,B,3.0
GRD004359,STU00969,C601,Visual Arts,Arts,Spring 2024,62.2,67.5,D,1.0
GRD003287,STU00730,C502,Web Development,Technology,fall 2023,66.3,72.7,C,2.0
GRD000016,STU00004,C202,Chemistry,Science,Spring 2025,66.1,67.9,D,1.0
GRD002954,STU00656,C801,Spanish I,Languages,Spring 2025,99.5,90.5,A,4.0
GRD003340,STU00742,C401,World History,Social Studies,Fall 2023,71.4,71.6,C,2.0
GRD004440,STU00985,C501,Introduction to Programming,,Fall 2024,61.5,55.7,F,0.0
GRD002287,STU00510,C101,Algebra I,Math,Spring 2024,59.6,59.2,F,0.0
,STU00168,C402,Government & Civics,Social Studies,Fall 2025,,58.1,F,0.0
GRD001039,STU-00236,C601,Visual Arts,Arts,Spring 2025,50.4,44.2,F,0.0
GRD003572,STU00794,C202,Chemistry,Science,Fall 2023,,94.3,A,4.0
GRD001917,STU00435,C501,Introduction to Programming,Technology,Fall 2023,88.8,97.6,A,4.0
GRD003912,STU00867,C301,English Literature,English,Fall 2025,67.4,67.2,D,1.0
GRD002922,STU00649,C402,Government & Civics,Social Studies,Fall 2025,68.6,77.2,C,2.0
GRD003114,STU00691,C602,Music Theory  ,Arts,,95.5,100,A,4.0
GRD000685,STU00155,C301,English Literature,English,Fall 2023,67.1,74.1,C,2.0
GRD001397,STU00317,C501,Introduction to Programming,Technology,Spring 2024,62.0,60.5,D,1.0
GRD001489,STU00338,C401,World History,Social Studies,Fall 2025,93.4,99.1,A,4.0
GRD001620,STU00367,C601,Visual Arts,Arts,fall 2023,65.0,66.2,D,1.0
GRD003979,STU00881,C701,,PE,Spring  2025,85.4,76.8,C,2.0
GRD000229,53,C302,Creative Writing  ,English,Fall 2023,84.3,77.1,C,2.0
GRD000531,119,C801,Spanish I,Languages,Spring 2024,56.7,62.5,D,1.0
GRD003704,stu00822,C103,Algebra II,Math,Fall 2024,70.9,80.8,B,3.0
GRD003024,STU00670,C701,Physical Education,pe,Spring 2024,52.3,52.3,F,
GRD000980,STU00223,,Physics,Science,Fall 2024,94.1,93.6,A,4.0
GRD002664,STU00593,C201,Biology,Science,Fall 2023,75.2,65.2,D,1.0
GRD004451,STU00987,C203,Physics,Science,Fall 2023,83.0,88.6,B,3.0
GRD003940,STU00873,C202,Chemistry,Science,Fall 2023,90.2,97.5,A,4.0
GRD002257,STU00504,C502,Web Development,Technology,Fall 2023,85.7,95.6,A,4.0
GRD002696,STU00600,C802,French I,Languages,Spring 2025,62.3,61.5,D,1.0
GRD002608,STU00581,C102,Geometry,Math,Fall 2023,71.3,80.0,B,3.0
GRD003747,STU00831,C101,Algebra I,Math,Fall 2024,70.0,73.6,C,2.0
GRD003680,STU00817,,Physical Education,PE,Fall 2024,80.2,75.7,C,2.0
GRD001417,STU00322,C103,Algebra II,Math,Spring 2025,76.2,71.6,C,2.0
GRD001380,STU00314,,Visual Arts,Arts,Spring 2024,60.4,52.5,F,0.0
GRD001416,STU00321,C203,Physics,Science,Spring 2024,59.8,52.8,F,0.0
GRD003487,STU00775,C501,Introduction to Programming,Technology,Fall 2023,60.1,55.4,F,0.0
GRD002882,STU00641,C101,Algebra I,Math,Spring 2025,55.6,50.7,F,0.0
GRD002304,514,C302,Creative Writing,English,Spring 2024,86.9,86.0,B,3.0
GRD000857,STU00195,C103,Algebra II,Math,Fall 2023,65.2,65.8,D,1.0
GRD000356,STU00081,C203,Physics,Science,Spring 2024,89.5,82.8,B,3.0
GRD000913,STU-00208,C103,Algebra II,Math,Fall 2024,84.3,82.0,B,3.0
GRD004098,STU00909,C802,French I,  Languages,Fall 2025,88.9,89.6,B,3.0
GRD000532,STU00119,C202,Chemistry,Science,Fall 2024  ,62.3,53.4,,0.0
GRD000724,STU00165,C302,Creative Writing,English,Fall 2024,98.9,93.2,A,4.0
GRD000789,stu00179,C302,,English,Fall 2024  ,57.1,59.0,F,0.0
GRD002669,STU00594,C602,Music Theory,Arts,Spring  2025,77.1,72.5,C,2.0
GRD003550,STU00789,C201,Biology,Science,Fall 2023,61.1,57.9,F,0.0
GRD003389,stu00755,C602,Music Theory  ,Arts,Fall 2023,85.3,92.9,A,4.0
GRD002802,STU00623,C701,Physical Education,PE,Spring 2025,88.6,90.8,A,4.0
GRD001586,STU00359,C201,Biology,Science,Spring 2025,56.7,58.1,F,0.0
GRD001787,STU00405,C802,French I,Languages,Spring 2025,79.6,85.8,B,3.0
GRD003407,STU00759,C601,Visual Arts,Arts,Fall 2023,70.1,79.4,C,2.0
GRD000224,51,C401,World History,Social Studies,Fall 2023,72.9,65.1,D,1.0
GRD002748,STU00611,C302,Creative Writing,English,Spring 2025,51.1,56.2,F,0.0
GRD002444,STU00545,C301,English Literature,English,FALL 2025,86.0,80.4,B,3.0
GRD000654,STU00148,C802,French I,Languages,Fall 2025,77.8,81.7,B,3.0
GRD000640,STU00145,C501,Introduction to Programming,Technology,Spring 2024,75.1,82.5,B,3.0
GRD003991,STU00883,C701,Physical Education,PE,Fall 2023,,82.8,B,3.0
GRD000636,STU00144,C402,Government & Civics,Social Studies,Spring 2025,71.0,68.0,D,1.0
GRD001641,STU00371,C501,Introduction to Programming,Technology  ,Spring 2025,63.1,65.8,D,1.0
GRD002233,STU00499,C302,Creative Writing,English,Spring 2024,82.2,88.4,B,3.0
GRD003950,STU00874,C802,French I,  Languages,Spring 2024,98.8,95.0,A,4.0
GRD000925,STU00211,C203,Physics,Science,Spring 2024,74.8,68.0,D,1.0
GRD000118,STU00028,C101,Algebra I,Math,Spring 2025,58.6,62.9,D,1.0
GRD002940,STU00653,C701,Physical Education,PE,Fall 2025,65.0,70.3,C,2.0
GRD004354,STU00967,C701,Physical Education,PE,Spring 2024,,56.3,F,0.0
GRD001083,STU00245,C301,English Literature,English,Spring 2025,90.6,99.6,A,4.0
GRD000641,STU00145,C101,Algebra I,Math,Fall 2025,74.7,68.0,D,1.0
GRD002088,STU01154,C302,Creative Writing,English,Spring 2025,71.5,78.6,C,2.0
GRD001438,STU00326,C701,Physical Education  ,PE,Spring 2024,63.6,64.0,,1.0
GRD000796,STU00181,C301,English Literature,English,Fall 2023,52.1,49.4,F,0.0
GRD003850,854,C501,Introduction to Programming,Technology,Spring 2025,82.4,85.7,B,3.0
GRD003787,STU00840,C601,Visual Arts,Arts,Fall 2023,67.7,75.3,C,2.0
GRD002898,STU00644,C701,Physical Education,PE,Fall 2023,93.6,100,A,4.0
GRD002984,stu00662,C301,English Literature,English,Fall 2025,77.7,82.9,B,3.0
GRD004147,STU00920,C201,Biology,Science,Fall 2024,88.7,96.3,A,4.0
GRD001393,stu00316,C202,Chemistry,Science,Fall 2023,,67.0,D,1.0
GRD001965,STU00445,C701,Physical Education,PE,Fall 2024,75.4,70.2,C,2.0
GRD002881,STU00641,C202,Chemistry,Science  ,Fall 2025,66.8,59.8,F,0.0
GRD003000,STU-00666,C602,  Music Theory,Arts,Fall 2023,70.3,63.4,D,1.0
GRD004089,STU00907,C502,Web Development,Technology,Spring 2024,86.0,89.8,B,3.0
GRD003842,STU00853,C502,Web Development,Technology,Fall 2024,76.1,71.8,C,2.0
GRD002203,STU00493,C601,Visual Arts,Arts,fall 2024,57.4,61.9,D,1.0
GRD003289,STU00730,C302,Creative Writing,English,Fall 2024,76.8,,D,1.0
GRD000228,STU00052,C202,Chemistry,Science,Fall 2025,66.5,70.8,C,2.0
GRD002409,STU00537,C103,Algebra II,Math,Fall 2025,75.3,83.9,B,3.0
GRD004187,STU00929,C802,French I,Languages,Fall 2025,83.2,78.0,C,2.0
GRD003028,STU00671,C301,English Literature,English,Spring 2024,94.6,100,A,4.0
GRD000884,STU00201,C402,Government & Civics,Social Studies,Fall 2023,50.1,41.4,F,0.0
GRD003525,STU00784,C701,Physical Education,PE,Fall 2024,95.3,92.3,A,4.0
GRD002659,STU00592,C501,Introduction to Programming,Technology,Spring 2025,79.2,89.0,B,3.0
GRD002162,STU00484,C203,Physics,Science,Fall 2023,66.9,76.3,C,2.0
GRD001833,STU00414,C302,CREATIVE WRITING,English,Spring 2025,72.5,,D,1.0
GRD002032,STU00458,C402,Government & Civics,Social Studies,Fall 2025,89.5,99.3,A,4.0
GRD002870,STU00638,C101,Algebra I,Math,Fall 2024,67.4,74.5,C,2.0
GRD003864,STU00856,C801,Spanish I,Languages,Fall 2024,88.1,84.2,B,3.0
GRD000955,STU00218,C101,Algebra I,Math,Fall 2024,73.9,75.7,C,2.0
GRD001856,STU00420,C802,French I,Languages,Spring 2024,71.1,66.9,D,1.0
GRD003055,STU00677,C203,Physics,Science,Spring 2024,59.2,66.7,D,1.0
GRD001299,stu00293,C802,French I,Languages,Fall 2025,60.8,51.4,F,0.0
GRD002127,STU00477,C502,Web Development,Technology,Spring 2025,51.1,50.1,F,0.0
GRD002320,STU00517,C102,Geometry,Math,Spring 2024,63.2,56.4,F,0.0
,STU00112,C602,Music Theory,Arts,Fall 2023,76.0,81.5,B,3.0
GRD002456,STU00547,C102,Geometry,Math,Fall 2023,55.3,48.2,F,0.0
GRD000609,STU00138,C201,Biology,Science  ,Fall 2024,88.6,89.3,B,3.0
GRD003661,STU-00813,C203,Physics,Science,Fall 2023,82.1,81.2,B,3.0
GRD001543,STU00349,C601,VISUAL ARTS,Arts,Fall 2025,63.5,66.3,D,1.0
GRD000958,STU00218,C602,Music Theory,Arts,Fall 2024,61.3,64.7,D,1.0
GRD004054,STU00898,C201,Biology,Science,Fall 2024,85.9,95.7,A,4.0
GRD004384,STU00973,C102,Geometry,Math,Fall 2023,96.8,100,A,4.0
GRD002431,STU00542,C103,Algebra II,  Math,Fall 2023,59.0,61.3,D,1.0
GRD003180,STU00706,C103,Algebra II,Math,Spring 2025,76.9,73.9,C,2.0
GRD001844,STU00417,C302,Creative Writing,English,Fall 2025,58.8,,D,1.0
GRD002156,STU00483,C602,Music Theory,Arts,Spring 2025,63.6,73.2,C,2.0
GRD002490,STU00555,C701,Physical Education,PE,Spring 2024,74.4,80.1,B,3.0
GRD002509,STU00558,C201,Biology,Science,Fall 2023,74.3,70.8,C,2.0
GRD004053,STU00897,C101,Algebra I,Math,Spring 2025,77.6,76.5,C,2.0
GRD000264,61,C601,Visual Arts,Arts,Fall 2023,70.6,69.2,D,1.0
GRD002435,STU00543,C701,Physical Education,PE,Spring 2024,79.5,75.6,c,2.0
GRD003612,STU00802,C601,Visual Arts,Arts,Fall 2025,66.8,60.5,D,1.0
GRD003555,STU00790,C301,English Literature,English,Fall 2025,62.0,68.0,D,1.0
GRD003801,STU00844,C103,Algebra II,Math,Fall 2023,74.2,73.7,C,2.0
GRD000629,STU00142,C501,Introduction to Programming,Technology,Spring 2024,53.8,53.0,,0.0
GRD004421,STU-00981,C301,English Literature,English,Fall 2024,92.1,92.7,A,4.0
GRD004297,STU00954,C701,Physical Education,PE,,58.0,66.0,d,1.0
GRD000856,STU00194,C701,Physical Education,PE,Fall 2024,51.2,44.5,F,0.0
GRD001136,STU00255,C602,Music Theory,Arts,,57.4,54.3,F  ,0.0
GRD002098,STU00471,C203,Physics,Science,Fall 2024,55.0,50.7,f,0.0
GRD001630,STU00369,C401,WORLD HISTORY,Social Studies,Spring 2024,96.1,97.0,A,4.0
GRD002002,STU00451,C401,World History,Social Studies,Fall 2024,,77.4,C,2.0
GRD003353,STU00745,C701,Physical Education,  PE,Spring 2024,60.1,68.6,D,1.0
GRD000584,STU00131,C201,Biology,Science,Fall 2025,67.4,74.7,C,2.0
GRD001863,STU00422,C102,Geometry,Math,Fall 2023,71.9,80.6,B,3.0
GRD001171,STU00262,C801,Spanish I,Languages,Fall 2024,60.2,55.5,F,0.0
GRD000326,STU00073,C502,Web Development,Technology,,61.5,61.2,D,1.0
,STU00714,C701,Physical Education,PE,Spring 2024,94.7,100,A,4.0
GRD000498,STU00113,C802,French I,Languages,Fall 2024,82.9,80.0,B,3.0
GRD001170,STU00262,C401,World History,Social Studies,Fall 2024,51.4,60.6,D,1.0
GRD000359,STU00082,C401,  World History,Social Studies,fall 2025,87.6,91.2,A,4.0
GRD000235,STU00054,C601,Visual Arts,ARTS,Fall 2023,84.8,91.6,,4.0
GRD002087,STU00469,C802,  French I,LANGUAGES,Fall 2025,,88.8,B,3.0
GRD001611,STU00365,C701,Physical Education,PE,Spring 2025,74.6,68.3,D,1.0
GRD002718,STU00605,C701,Physical Education,PE,Spring 2025,61.1,58.6,F,0.0
GRD002114,STU00474,,Music Theory,Arts,Fall 2025,88.6,86.4,B,
GRD002081,STU00468,C801,Spanish I,Languages,Fall 2024,58.0,56.1,F,0.0
GRD001013,STU00230,C202,,Science,Fall 2025,60.4,60.9,D,1.0
GRD003223,STU00716,C301,english literature,English,Fall 2025,73.8,79.3,C,2.0
GRD001394,STU00316,C402,Government & Civics,Social Studies,Fall 2024,98.2,89.3,  B,3.0
GRD004289,STU00952,C402,Government  &  Civics,,Fall 2023,92.0,96.9,A,4.0
GRD003079,STU00683,C601,Visual Arts,Arts,Spring 2025,75.0,73.2,C,2.0
GRD000133,STU00032,C502,Web Development,Technology,Spring 2024,84.4,75.9,C,2.0
GRD004449,STU00987,C401,World History,Social Studies,Spring 2024,69.7,,d,1.0
GRD001276,STU00288,C202,Chemistry,Science,Fall 2025,75.8,68.2,D,1.0
GRD003666,STU00814,C401,World History,Social Studies,Fall 2025,94.2,97.3,A,4.0
,S0374,C202,Chemistry,Science,Fall 2024,78.6,83.1,B,3.0
GRD001736,STU00394,C202,Chemistry,Science,Fall 2023,70.3,79.9,C,2.0
GRD002924,STU00650,C501,Introduction to Programming,Technology,Fall 2024,96.8,,A,4.0
GRD001834,STU00414,C101,Algebra I,Math,Fall 2023,93.2,89.2,B,3.0
GRD003813,STU00847,C302,Creative Writing,English,Fall 2025,97.0,94.9,A,4.0
GRD003139,STU00697,C302,Creative Writing,English,Spring 2024,,45.3,F,0.0
GRD002926,STU00650,C401,World History,Social Studies,Fall 2023,,51.7,F,0.0
GRD003493,STU00777,C502,,Technology,Fall 2024,90.6,81.4,B,3.0
GRD002915,STU00648,C402,Government & Civics,Social Studies,Fall 2023,57.2,64.1,D,1.0
GRD000299,STU00069,C402,Government & Civics,Social Studies,Fall 2023,60.5,60.2,d,1.0
GRD003742,STU00830,C201,Biology,Science,Fall 2024,69.4,70.1,C,
GRD003113,STU00691,C502,Web Development,,Spring 2025,64.6,66.7,D,1.0
GRD001493,STU00339,C302,Creative Writing,English,Fall 2025,70.6,61.5,D,1.0
GRD001181,STU00265,C101,Algebra I,Math,Fall 2024,84.0,84.4,B,3.0
GRD002192,STU00491,C301,English Literature,English,Spring 2025,91.1,100,,4.0
GRD001663,STU00377,C802,French I,Languages,Spring 2024,85.6,78.6,C,2.0
GRD004281,STU00950,C103,Algebra II,Math,Spring 2024,57.2,50.8,F,0.0
GRD003517,STU00782,C203,Physics,Science,Fall  2025,59.7,61.6,D,1.0
GRD000393,STU00089,C801,Spanish I,Languages,Fall 2025,90.4,87.5,B,3.0
GRD001355,STU00307,C402,  Government & Civics,Social Studies,Fall 2023,61.3,54.7,F,0.0
GRD001102,STU00248,,Physical Education,PE,Fall 2023,53.4,44.7,F,0.0
GRD001450,STU00328,C402,Government & Civics,Social Studies,Spring 2025,96.3,89.9,B,3.0
GRD001790,STU00405,C602,Music Theory,Arts,Fall 2025,63.3,64.9,D,
GRD001464,STU00331,C501,Introduction to Programming,Technology  ,Fall 2025,76.4,73.8,C,2.0
GRD000626,STU00141,C301,English Literature,English,Fall 2024,86.8,93.9,,4.0
,STU00878,C701,Physical Education,PE,Spring  2024,70.2,76.7,C,2.0
GRD004501,STU00999,C801,Spanish I,Languages,Fall 2024,98.8,92.8,A,4.0
GRD004126,STU00915,C501,Introduction to Programming,Technology,Fall 2024,72.6,75.0,C,2.0
GRD001466,STU00331,C301,English Literature,English,Spring 2024,81.7,73.6,C,2.0
GRD004491,STU00996,C102,Geometry,Math,Spring 2024,70.6,66.6,D,1.0
GRD001165,STU00261,,World History,Social Studies,,57.7,57.3,F,0.0
GRD002489,STU00554,C601,Visual Arts,Arts,Spring 2024,65.1,71.6,C,2.0
GRD000291,STU00067,C801,Spanish I,Languages,Spring 2024,71.7,64.3,D,1.0
GRD000696,STU00158,C402,Government & Civics,Social Studies,Fall 2025,53.3,54.8,F,0.0
GRD001488,STU00338,C202,Chemistry,Science,Fall 2024,53.6,58.5,F,0.0
GRD003924,STU00870,C301,English Literature,English,Fall 2023,65.8,66.3,D,1.0
GRD004260,STU00944,C801,Spanish I,Languages,Spring 2024,52.7,42.7,F,0.0
GRD000322,STU00073,C302,Creative Writing,English,Fall 2023,59.3,62.2,D,1.0
GRD001525,STU00346,C501,Introduction to Programming,Technology,Fall 2025,94.3,100,A,4.0
GRD003398,STU00756,C501,Introduction to Programming,Technology,Fall 2025,96.1,87.1,B,3.0
GRD002141,STU00480,C601,Visual Arts,Arts,Fall 2024,55.8,58.7,F,0.0
GRD000145,STU00036,C801,Spanish I,Languages,Fall 2025,55.4,61.7,D,1.0
GRD003310,STU00736,C203,Physics,Science,Fall 2024  ,70.6,73.5,C,2.0
GRD002695,STU00600,C302,Creative Writing,English,Spring 2024,62.4,60.1,D,1.0
GRD003928,STU00871,C502,Web Development,Technology,Fall 2023,85.5,91.0,A,4.0
GRD003123,STU00693,C201,Biology,,Fall 2025,83.6,93.2,A,4.0
GRD000896,STU00204,,Web Development,  Technology,Fall 2023,66.3,71.5,C,2.0
GRD003085,STU00684,C602,Music Theory,Arts,Fall 2024,54.6,57.2,F,0.0
GRD000670,STU00152,C601,Visual Arts,Arts,,80.9,83.4,,3.0
GRD002893,S0643,C201,Biology,Science,Spring 2025,93.8,96.2,A,4.0
GRD003663,STU-00813,C103,Algebra II,Math,Fall 2023,72.5,69.0,D,1.0
GRD000526,STU00118,C301,English Literature,English,Fall 2024,76.7,80.7,B,3.0
GRD003336,STU00741,C701,Physical Education  ,PE,Spring 2025,51.1,48.8,F,0.0
GRD000280,STU00065,,,Science,FALL 2024,66.7,58.2,F,0.0
GRD004241,STU00941,C701,Physical  Education,PE,Fall 2023,55.7,46.6,F,0.0
GRD000114,STU00027,C801,Spanish I,,Spring 2025,53.8,51.8,F,0.0
GRD002425,STU00541,C502,Web Development,Technology,Fall 2024,61.4,59.6,F,0.0
GRD000746,STU00170,C101,Algebra I,Math,Fall 2024,74.6,71.8,C,2.0
GRD004150,STU00920,C301,English Literature,English,Fall 2023,87.8,85.8,B,3.0
GRD001231,STU00277,,Web Development,Technology,Fall 2024,66.9,72.8,C,2.0
GRD003642,STU00808,C103,Algebra II  ,Math,Spring 2024,58.3,68.2,D,1.0
GRD000559,STU00125,C801,Spanish I,Languages,Spring 2024,55.0,46.3,F,0.0
GRD002035,S0459,C701,Physical Education,PE,Spring 2025,71.5,76.6,c,2.0
GRD003377,STU00752,C601,Visual Arts,Arts,Fall 2023,73.5,71.0,C,2.0
GRD000824,STU00188,C701,Physical Education,PE,Spring 2025,52.1,60.9,D,1.0
GRD001086,STU00245,C801,Spanish I,Languages,Fall 2023,95.2,92.3,A,4.0
GRD003426,STU00762,C402,Government & Civics,Social Studies,Fall 2023,56.7,60.0,D,1.0
GRD002594,STU00577,C802,French I,Languages,Fall 2024,56.0,46.2,F,0.0
GRD002739,STU00610,C401,World History,Social Studies,Spring 2024,92.3,100,A,4.0
GRD002982,STU00662,C801,Spanish I,Languages,Fall 2023,85.4,89.5,B,3.0
GRD000785,STU00178,C601,Visual Arts,Arts,Fall 2025,67.5,76.3,C,2.0
GRD001239,STU00279,C802,French I,Languages,Spring 2024,64.4,59.0,F,0.0
GRD001627,stu00368,C402,Government & Civics,Social Studies,Spring 2025,88.6,94.1,A,4.0
GRD004431,STU00983,C802,French I,Languages,Spring  2024,77.5,73.0,C,2.0
GRD001853,STU00420,C402,Government & Civics,Social Studies,Spring 2025,77.2,83.5,B,3.0
GRD000523,STU00118,C601,visual arts,Arts,Spring  2025,88.7,95.0,A,4.0
GRD000957,STU00218,C801,Spanish I,Languages,Fall 2024,71.4,64.3,D,1.0
GRD001724,STU00391,C103,Algebra II,Math,Spring 2024,63.3,68.4,D,1.0
GRD004009,STU00887,C202,chemistry,Science,Fall 2024,96.8,87.7,B,3.0
GRD003211,STU00713,C601,Visual Arts,Arts,Fall 2024,64.3,61.1,D,1.0
GRD002653,STU00590,C202,Chemistry,science,fall 2023,69.0,70.4,C,2.0
GRD000051,STU00012,C601,Visual Arts,Arts,Fall 2023,76.8,75.9,C,2.0
GRD003909,STU00867,C402,Government & Civics,Social Studies,Spring 2025  ,81.0,78.0,C,2.0
GRD001678,STU00380,C103,Algebra II,Math,Spring 2024,65.9,,D,1.0
,STU00517,C601,Visual Arts,Arts,Spring 2025,70.2,78.4,C,2.0
GRD002150,STU00482,C701,Physical Education,PE,Spring 2025,53.8,45.7,F  ,0.0
GRD003941,STU00873,C402,  Government & Civics,Social Studies,Spring 2025,66.9,72.3,C,2.0
GRD002958,STU657,C401,,Social Studies,Spring 2025,58.8,67.8,D,1.0
GRD003184,STU00707,C201,Biology,Science,Spring 2025,95.8,99.1,A,4.0
GRD000167,STU00040,C401,World History,Social Studies,Fall 2025,76.7,67.1,D,1.0
GRD003366,STU00748,C701,Physical Education,PE,Fall 2024,78.8,73.9,C,2.0
GRD001336,STU00302,,Algebra II,Math,,51.0,60.9,D,1.0
GRD002353,524,C302,Creative Writing,English,Spring 2024,94.8,86.4,B,3.0
GRD001716,STU00389,C402,Government & Civics,Social Studies  ,Fall 2023,72.3,67.7,D,1.0
GRD001983,STU00448,C201,Biology,SCIENCE,Fall 2025,68.8,78.5,C,2.0
GRD003108,STU00690,C701,Physical Education,PE,Fall 2023,58.3,64.5,D,1.0
GRD003598,STU00799,C701,Physical Education,PE,Fall 2025,93.9,84.8,B,3.0
GRD003959,STU00876,C801,Spanish I,Languages,Fall 2024,89.8,91.0,A,4.0
GRD000647,STU00146,C101,Algebra I,Math,Fall 2024,57.0,47.4,F,0.0
GRD004209,STU00934,C402,Government & Civics,Social Studies,Fall 2023,100.0,100,A,4.0
GRD000684,STU-00155,C602,Music Theory,Arts,Fall 2024,85.7,92.0,A,4.0
GRD002460,STU00548,C601,Visual Arts,Arts,Fall 2023,73.6,75.6,C,2.0
GRD001334,STU302,C501,Introduction to Programming,Technology,Fall 2023,54.5,61.1,D,1.0
GRD003238,STU720,C602,Music Theory,,Fall 2024,66.4,73.9,C,2.0
GRD000292,STU00067,C701,physical education,PE,Fall 2023,61.2,69.4,D,1.0
GRD000542,STU00121,C501,Introduction to Programming,Technology,Fall 2024,56.1,53.8,F,0.0
GRD000433,STU00098,C401,World History,Social Studies,Spring 2025,73.7,65.6,D,1.0
GRD004029,STU00891,C801,Spanish I,LANGUAGES,Fall 2024,52.0,44.3,F,0.0
GRD002864,STU00636,C502,Web Development,Technology,,85.0,79.2,C,2.0
GRD004453,STU00987,C101,Algebra I,math,Fall 2023,66.9,63.5,D,1.0
GRD000410,STU00093,C401,World History,Social Studies,Fall 2024,84.4,89.1,B,3.0
GRD001811,STU00409,C602,Music Theory,Arts,Spring 2025,82.4,90.6,a,4.0
GRD003698,STU00821,C302,Creative Writing,English,Fall 2025,53.9,53.8,F,0.0
GRD003102,STU00688,C302,Creative Writing,English,Spring 2025,70.5,62.6,D,1.0
,STU00666,C502,Web Development,Technology,Spring 2024,73.5,64.6,D,
GRD001930,STU00438,C203,Physics,Science,Fall 2025,53.9,60.0,D,
GRD001623,STU00367,C801,Spanish I,Languages,Spring 2025,80.7,76.5,C,2.0
GRD003169,STU00704,C302,Creative Writing,English,Fall 2025,84.7,90.6,A,4.0
GRD003352,STU00745,C401,World History,Social Studies,Spring 2025,96.8,87.0,B,3.0
GRD001871,STU00424,,Introduction to Programming,Technology,Spring 2025,72.0,66.3,d,1.0
GRD002463,STU00548,C102,Geometry,Math,Fall 2025,98.8,94.9,A,4.0
GRD002250,STU503,C202,chemistry,Science,Spring 2025,79.0,75.6,C,
GRD002082,STU00468,C602,Music Theory,Arts,Spring 2025,93.3,86.6,B,3.0
GRD000775,STU00177,C801,Spanish I,Languages,Fall 2025,68.4,,C,2.0
,STU00921,C401,World History,Social Studies,Fall 2025,84.3,86.6,  B,3.0
GRD004064,STU00901,C502,Web Development,Technology,Fall 2025,87.2,79.7,,2.0
GRD003006,STU00667,C102,Geometry,Math,Fall 2024,99.4,91.3,A,4.0
GRD003475,STU00773,C802,French I,Languages,Spring 2025,69.7,67.2,D,1.0
GRD002771,STU00616,C202,Chemistry,Science,Spring 2025,93.5,100,A,4.0
GRD002383,STU00531,,French I,Languages,Fall 2025,65.2,56.1,  F,0.0
GRD000627,STU00142,C103,Algebra II,Math,Fall 2023,83.1,92.7,A,4.0
GRD000830,STU00189,C102,Geometry,Math,Spring 2025,91.8,88.3,B,3.0
GRD000836,S0190,,Physical Education,PE,Fall 2025,98.4,100,A,4.0
GRD001009,STU00229,C602,Music Theory,Arts,Spring 2025,93.3,87.8,B,3.0
GRD004352,STU00967,C301,English Literature,English,Spring 2025,61.0,62.9,D,1.0
GRD002774,STU00617,C602,Music Theory,Arts,Spring 2024,71.9,62.1,D,1.0
GRD003219,STU00715,C402,,Social Studies,Spring 2025,67.6,66.2,D,
GRD003697,STU00821,C701,Physical Education,PE,Fall 2023,98.8,100,,4.0
GRD001138,STU00256,,Introduction to Programming,Technology,,57.2,56.0,F,0.0
GRD002832,STU00629,,CREATIVE WRITING,English,Spring 2025,59.6,59.2,F,0.0
GRD000079,STU00019,C701,Physical Education,PE,Spring 2025,94.8,98.4,A,4.0
,STU00483,C103,ALGEBRA II,Math,Spring 2025,64.9,59.2,F,0.0
GRD002332,STU00519,C101,Algebra I,Math,Fall 2025,74.2,67.1,D,
GRD001799,STU00407,C602,Music Theory,Arts,Spring 2024,86.2,81.1,B,3.0
GRD003469,STU00771,C401,World History,Social Studies,  Fall 2024,79.2,87.6,B,3.0
GRD001197,STU00268,C802,French I,  Languages,Spring 2025,57.8,61.9,D,1.0
GRD002749,STU-00612,C401,World History,Social Studies,Spring 2025  ,97.1,87.5,B,3.0
GRD001823,STU00412,C402,Government & Civics,Social Studies,Spring 2024,52.8,58.1,F,0.0
GRD002264,STU00506,C201,Biology,Science,Spring 2024,62.2,58.5,F,0.0
GRD003797,STU00843,C801,Spanish I,Languages,Spring 2025,72.2,78.9,C,
GRD002809,STU00624,C701,Physical Education,  PE,Fall 2023,86.3,81.2,B,3.0
GRD000289,STU00067,C501,Introduction to Programming,Technology  ,Fall 2025,58.1,60.1,D,1.0
GRD003983,STU00882,C701,Physical Education,PE,Fall 2023,82.0,74.6,C,2.0
GRD000209,STU00048,C501,Introduction to Programming,Technology,Fall 2024,91.9,96.2,,4.0
GRD003780,STU00839,C602,Music Theory,Arts,Fall 2024,60.6,67.6,D,1.0
GRD002216,STU01271,C402,Government & Civics,Social Studies,Spring 2025,91.7,97.3,A,4.0
GRD003227,STU00717,C501,Introduction to Programming,Technology,Spring 2025,97.8,100,A,4.0
GRD001262,STU00285,C802,French I,Languages,Spring 2024,52.1,42.5,F,0.0
GRD004213,STU00935,C701,Physical Education,PE,Spring 2025,85.3,90.8,A,4.0
GRD001184,STU00265,C701,Physical Education,PE,Fall 2025,53.4,51.8,,
GRD002308,STU00515,C102,,Math,Fall 2024,70.3,68.1,D,1.0
GRD001577,STU00357,C601,Visual Arts,Arts,Spring 2025,53.5,60.8,D,1.0
GRD000060,STU00014,C801,Spanish I,Languages,Spring 2025,88.5,87.7,B,3.0
GRD002006,STU00452,C202,Chemistry,Science,Spring 2024,52.5,54.9,F,0.0
GRD000617,STU00139,C801,Spanish I,Languages,Spring 2024,94.1,,A,4.0
GRD000969,STU00221,C602,Music Theory,Arts,Spring 2025,53.6,46.8,F,0.0
GRD001414,STU00321,C601,Visual Arts,Arts,Fall 2025,88.2,90.9,A,4.0
GRD002330,stu00519,C602,Music Theory,,Fall 2023,60.8,69.5,D,1.0
GRD002703,STU00602,C701,Physical Education,PE,Spring 2025,68.2,59.3,F,0.0
GRD003569,STU00793,C601,Visual Arts,Arts,Fall 2024,94.2,85.1,B,3.0
GRD000945,STU00215,C401,world history,Social Studies,Fall 2025,90.2,83.8,B,3.0
GRD001798,STU00407,C802,French I,Languages,Spring 2024,52.2,60.6,D,1.0
GRD004380,STU00972,C501,,Technology,  Spring 2024,73.1,66.4,D,
GRD002366,STU00527,C701,Physical Education,PE,Fall 2024,72.2,73.5,C,2.0
GRD002389,STU00532,C401,WORLD HISTORY,Social Studies,Fall 2023,65.9,69.1,D,1.0
GRD004109,STU00912,C203,Physics,Science,Fall 2023,67.1,59.5,F,0.0
GRD003056,STU678,,Government & Civics,Social Studies,Spring 2025,65.0,55.6,F,0.0
GRD000464,STU00106,C801,Spanish I,Languages,Spring 2024,61.3,61.5,D,1.0
GRD003563,stu00792,C802,French I,LANGUAGES,Fall 2024,64.7,60.2,D,1.0
GRD004141,STU00919,,Algebra II,Math,Spring 2025,64.2,54.8,F,0.0
GRD002844,STU00632,C402,Government & Civics,Social Studies,Fall 2023,63.3,60.4,D,1.0
GRD002890,STU00643,C701,Physical Education,PE,Fall 2025,70.1,66.5,D,1.0
GRD001114,STU00251,C502,Web Development,Technology,Fall 2024,96.2,95.1,A,4.0
GRD000790,STU179,C401,World History,Social Studies,Spring 2025,65.7,60.0,D,1.0
GRD002113,STU00474,C203,Physics,,Fall 2024,83.9,74.7,C,
GRD001782,STU00404,C701,Physical Education,PE,Spring 2025,85.9,82.9,B,3.0
GRD003548,789,C701,Physical Education,PE,Fall 2023,87.3,81.3,B,3.0
GRD000073,STU00018,C701,Physical Education,PE,Fall 2025,50.5,42.4,F,0.0
GRD000577,STU00130,C102,Geometry,Math,Spring 2025,89.5,88.9,B,3.0
GRD001191,STU00267,,Government & Civics,Social Studies,Spring 2024,53.0,49.2,F,0.0
GRD003109,STU00690,C801,Spanish I,Languages,Fall 2023,83.3,78.3,C,2.0
GRD003915,STU00868,C701,Physical Education,PE,Spring 2025,70.1,72.0,C,2.0
GRD000409,93,C301,English Literature,English,,64.9,70.1,C,2.0
GRD004488,STU00995,C402,Government & Civics,Social Studies,Fall 2024,78.7,73.9,C,2.0
GRD000512,STU00115,C701,Physical Education,PE  ,Fall 2023  ,99.7,94.5,A,4.0
GRD003994,S0884,C401,World History,,Spring 2025,78.0,77.3,C,2.0
GRD001515,STU00344,C102,Geometry,Math,Spring 2024,67.8,62.4,D,1.0
GRD001906,stu00432,C101,Algebra I,Math,Fall 2025,58.2,,F,0.0
GRD001680,STU00381,C602,Music Theory,Arts,Fall 2025,64.8,57.2,F,0.0
,STU00141,C202,Chemistry,Science,Fall 2024,98.6,95.7,A,4.0
GRD000563,STU00126,C302,Creative Writing,English,Fall 2023,94.1,86.0,B,3.0
GRD003633,STU00806,C202,Chemistry,Science,Spring 2024,59.6,58.1,F,0.0
GRD002067,STU00465,C602,Music Theory,Arts,  Fall 2023,53.4,44.2,F,0.0
GRD002652,STU00590,C601,Visual Arts,Arts,Spring 2024,66.2,71.5,C,2.0
GRD001517,STU00344,C501,Introduction to Programming,Technology,Fall 2025,63.3,,F,0.0
GRD003977,STU00880,C501,Introduction to Programming,Technology,Spring 2025,56.4,51.5,F,0.0
GRD004342,STU00965,C302,Creative Writing,English,Fall 2023,63.6,71.8,C,2.0
GRD002688,STU00598,C601,,Arts,Fall 2024,53.3,57.4,F,0.0
GRD002060,STU00464,C701,Physical Education,PE,Fall 2023,57.0,66.9,D,1.0
GRD000706,STU00160,C203,Physics,Science,Spring 2025,84.3,84.7,B,3.0
GRD001743,STU00396,C203,Physics,Science,Spring 2025,97.0,99.0,A,4.0
GRD003084,STU00684,C202,Chemistry,Science,  Spring 2024,59.7,,D,1.0
GRD000855,STU00194,C301,English  Literature,English,Spring 2024,70.0,73.4,,2.0
GRD000340,STU00077,C802,French I,Languages,Spring 2024,70.8,65.3,D,1.0
GRD001469,STU00332,C103,Algebra II,Math,Spring 2025,82.8,75.0,C,2.0
GRD001024,STU00232,C501,INTRODUCTION TO PROGRAMMING,Technology,Spring 2025,,93.5,A,4.0
GRD000312,STU00071,C502,Web Development,Technology,SPRING 2025,86.8,93.1,A,4.0
GRD002221,STU00496,C501,Introduction to Programming,Technology,Fall 2024,85.5,84.0,B  ,3.0
GRD003858,STU00855,C601,Visual Arts,Arts  ,Fall 2023,63.7,64.3,D,1.0
GRD004229,STU00938,C101,Algebra I,Math,fall 2023,53.1,50.9,F,0.0
GRD003416,760,C501,Introduction to Programming,Technology,Fall 2023,94.4,90.5,,4.0
GRD003013,STU00668,C801,Spanish I,,Spring 2025,89.2,84.9,B,3.0
GRD003577,STU00795,C102,Geometry,  Math,Fall 2023,72.7,67.3,D,1.0
GRD000621,STU00140,C301,English Literature,English,Spring 2024,64.7,69.1,D,
GRD004393,STU00975,C701,physical education,PE,Fall 2025,86.6,76.6,C,2.0
GRD000425,STU00097,C502,Web Development,Technology,Fall 2024,76.8,68.5,D,1.0
GRD001297,STU00293,C602,Music Theory,Arts,Spring 2024,89.5,88.5,B,3.0
GRD003161,STU00702,C602,Music Theory,Arts,Spring 2024,71.5,69.0,D,1.0
GRD000742,STU00169,C701,Physical Education,PE,Fall 2024,74.2,66.3,D,1.0
GRD001463,STU00331,,  Music Theory,,Fall 2023,72.1,70.5,C,2.0
GRD001845,STU00417,C701,Physical Education,PE,Spring 2025,72.0,70.0,C,2.0
GRD000638,STU00144,C302,Creative Writing,English,Fall 2023,82.8,78.4,C,2.0
GRD002747,S0611,C801,Spanish I,Languages,Spring 2024,97.0,89.4,B,3.0
GRD001505,STU00342,C602,Music Theory,  Arts,Fall 2024,68.7,68.8,D,1.0
GRD002720,STU00606,C601,Visual Arts,Arts,Fall 2024,82.8,77.9,,2.0
GRD002368,527,C801,Spanish I,Languages,Fall 2025,50.2,58.6,F,0.0
GRD003836,STU00852,C701,Physical Education,PE,Spring 2025,,83.4,B,3.0
GRD001608,STU00364,C602,Music Theory,Arts,Spring 2024,84.0,74.9,,2.0
GRD003373,STU00750,C402,Government & Civics,social studies,Fall 2023,94.8,92.6,A,4.0
,STU00737,C502,Web Development,Technology,Spring 2025,98.8,100,A,4.0
GRD001275,STU-00288,C402,Government & Civics,Social Studies,Fall 2023,92.6,83.6,B,3.0
GRD000979,223,C301,English Literature,English,Fall 2023,69.6,60.4,D,1.0
GRD001459,STU00330,C802,French I,Languages,Spring 2024,61.4,57.0,F,0.0
GRD002838,STU00630,C602,Music Theory,Arts,Fall 2023,71.4,69.9,D,1.0
GRD003059,STU00678,C701,Physical Education,PE,Fall 2023,73.0,70.9,C,2.0
GRD001369,STU00310,C802,FRENCH I,Languages,Spring 2025,79.4,70.9,C,2.0
GRD002069,STU00466,C801,Spanish I,Languages,Spring 2024,82.6,76.4,C,2.0
,STU00588,C402,Government & Civics,Social Studies,Fall 2024,95.2,97.1,A,4.0
GRD002471,STU00550,C301,English Literature,English,spring 2025,61.3,62.5,D,1.0
GRD004274,STU00948,C701,Physical Education,PE,Spring 2025,70.5,,D,1.0
GRD001040,STU00236,C502,Web Development,Technology,Fall 2025,78.8,86.9,B,3.0
GRD003822,STU00849,C402,Government & Civics,Social Studies,Fall 2023,92.9,96.2,A,4.0
,STU184,C302,Creative Writing  ,English,Spring 2025,71.6,81.4,B,3.0
GRD003093,STU00686,C402,Government & Civics,Social Studies,Fall 2024,64.1,54.4,F,0.0
GRD003843,S0853,,Creative Writing,English,Spring 2025,66.1,73.4,C,2.0
GRD002119,STU00476,C502,Web Development,Technology,Fall 2024,72.5,75.1,C,2.0
GRD002727,STU00607,C701,Physical Education,PE,Spring 2024,77.1,81.0,B,3.0
GRD003408,STU00759,C701,Physical Education,PE,Spring 2025,68.4,59.1,F,0.0
GRD001758,STU00399,C801,  Spanish I,Languages,Fall 2024,72.5,82.5,B,3.0
GRD001337,STU00302,C302,Creative Writing,English,Fall 2025,81.1,77.0,C,2.0
GRD001877,STU00426,C302,Creative Writing,English,Fall 2025,70.7,72.7,C,2.0
GRD003404,STU00758,C801,Spanish I,Languages,Fall 2024,83.7,80.4,B,3.0
GRD001733,STU00393,C201,Biology,  Science,,52.5,61.4,D,1.0
GRD000018,STU00004,C102,Geometry,Math,Fall 2025,96.8,87.7,B,3.0
,STU00831,C801,Spanish I,,Spring 2024,87.1,91.4,A,4.0
GRD000034,STU00008,C601,Visual Arts,Arts,Spring 2024,57.2,53.5,F,0.0
GRD003737,STU00829,C301,English Literature,English,Fall 2025,86.3,94.8,A,4.0
GRD002793,STU00621,C402,Government & Civics,Social Studies,Fall 2023,91.4,90.9,A,4.0
GRD002759,STU00614,C801,Spanish I,Languages,  Fall 2024,72.2,64.0,D,1.0
GRD004184,STU00928,C102,Geometry,MATH,Spring 2024,82.1,86.1,B  ,3.0
GRD001003,S0228,C601,Visual Arts,ARTS,Fall 2025,73.7,67.1,D,1.0
,STU00144,C201,,Science,Spring 2025,57.1,63.0,D,1.0
GRD001413,STU00321,C401,World History,Social Studies,Fall 2025,96.4,,A,4.0
GRD001376,STU00312,C802,French I,Languages,Fall 2023,71.6,74.4,C,2.0
GRD004466,STU00991,C402,Government & Civics  ,Social Studies,Fall 2024,85.0,87.0,B,3.0
GRD001552,STU00351,C401,World History  ,Social Studies,Fall 2024,67.6,65.3,D,1.0
GRD002008,STU00452,C801,Spanish I,Languages,Fall 2024,72.3,78.9,C,2.0
GRD000351,STU00079,C202,Chemistry,Science,Fall 2024,59.0,53.5,F,0.0
GRD004419,STU00980,C301,English Literature,English,Spring 2025,85.9,91.4,A,4.0
GRD003005,STU00667,C501,Introduction to Programming,Technology,Spring 2025,65.2,70.8,C,2.0
GRD000370,STU00084,C501,Introduction to Programming,Technology,Fall 2024,96.6,88.1,B,3.0
GRD004508,1000,C601,Visual Arts,,Fall 2023,73.0,64.1,D,1.0
GRD000031,STU00007,C102,Geometry,Math,Spring 2024,94.0,97.5,A,4.0
GRD002885,STU00642,C203,Physics,Science,Fall 2024,71.0,64.0,D,1.0
GRD002191,STU00491,C401,World History,Social Studies,Fall 2024,73.1,78.1,C,2.0
GRD003393,STU00755,C402,Government & Civics,Social Studies,Fall 2024,70.0,65.6,D,1.0
GRD001295,STU01173,C802,French I,Languages,Fall 2025,73.1,63.8,D,1.0
GRD000673,STU00152,C301,English Literature,English,Spring 2025,97.9,100,A,4.0
GRD002177,STU00488,C801,Spanish I,Languages,Fall 2025,99.6,97.2,A,4.0
GRD004351,STU00967,C502,web development,Technology,Fall 2024,69.6,70.4,C,2.0
GRD002403,STU00536,C201,Biology,Science,Spring 2024,94.8,93.9,A,4.0
GRD004123,STU00914,C402,Government & Civics,Social Studies,Spring 2025,99.7,96.5,A,4.0
GRD003399,STU00756,C301,English Literature,English,Fall 2025,78.1,87.5,B,3.0
GRD003955,STU00876,C701,Physical Education  ,PE,Fall 2025,74.4,79.3,C,2.0
GRD003271,STU00727,C701,Physical Education,PE,FALL 2023,52.0,58.8,F,0.0
GRD002863,STU00636,C402,Government & Civics,Social Studies,Spring 2025,,48.7,F,0.0
GRD000279,STU00064,C501,Introduction to Programming,Technology,Fall 2025,97.3,96.7,A,4.0
GRD004403,STU00977,C302,Creative Writing,English,Fall 2023,,80.8,B,3.0
GRD001096,STU00247,C801,Spanish I,Languages,Spring 2025,57.9,65.8,D,1.0
GRD002084,STU00468,C701,Physical Education,PE,Fall 2023,91.0,90.8,A,4.0
GRD004377,STU00972,C302,Creative Writing,English,Fall 2023  ,58.7,56.2,F,0.0
GRD002916,STU00648,C802,French I,Languages,Fall 2024,70.4,68.8,D,1.0
GRD001492,STU00339,C102,Geometry,Math,Fall 2024,92.5,85.4,B,3.0
GRD003032,STU00672,C701,,PE,Spring 2025,93.6,100,  A,4.0
GRD001747,STU00397,C103,Algebra II,Math,Fall 2023,,75.7,C,2.0
GRD001757,STU00399,C402,Government & Civics,Social  Studies,Spring 2024,73.4,82.4,B,3.0
GRD001614,STU00366,C301,English Literature,English,Fall 2023,78.5,76.1,C,2.0
GRD004134,STU00917,C402,Government & Civics,Social Studies,Fall 2023,83.6,77.6,C,2.0
GRD001898,STU00430,C601,Visual Arts,Arts,Fall 2023,73.0,82.9,B,3.0
GRD004160,STU00923,C802,FRENCH I,Languages,FALL 2023,64.0,65.1,D,1.0
GRD002478,STU00553,C801,Spanish I,Languages,Fall 2025,72.5,80.8,B,3.0
GRD002296,STU00512,C602,Music Theory,Arts,Fall 2024,93.1,100,A,4.0
GRD000505,STU00114,C102,Geometry,Math,Spring 2025,96.4,92.4,A,4.0
GRD000894,STU00204,C101,Algebra I,Math,Fall 2023,68.4,77.5,C  ,2.0
GRD003430,STU00763,C302,Creative Writing,English,Spring 2024,81.9,74.1,C,2.0
GRD003923,STU00870,C201,Biology,Science,Fall 2024,89.5,81.3,b,
GRD003392,STU00755,C701,Physical Education,PE,Spring 2025,86.1,76.3,C,2.0
GRD000750,STU00171,C602,music theory,Arts,Fall 2023,87.0,80.1,B,3.0
GRD004096,STU00908,C402,Government & Civics,Social Studies,Fall 2025,74.4,69.6,D,1.0
GRD001061,STU00240,C502,Web Development,Technology,Fall 2023,54.9,47.0,F,0.0
GRD000187,STU00044,C102,Geometry,Math,Spring 2025,66.7,70.9,C,
GRD004454,988,C501,Introduction to Programming,Technology,Fall 2024,70.7,76.6,C,2.0
GRD004181,STU00928,C401,World History,Social Studies,Fall 2023,72.9,75.7,C,2.0
GRD002125,STU00477,C801,spanish i,Languages,Fall 2025,77.5,77.3,C  ,2.0
GRD002396,S0534,C701,Physical Education,PE,Spring 2025,63.5,68.2,D,1.0
GRD004224,STU00937,C601,Visual Arts,Arts,Fall 2024  ,,78.9,C,2.0
GRD001369,STU00310,C802,French I,Languages,Spring 2025,79.4,70.9,C,2.0
GRD002230,STU00499,C202,Chemistry,Science,Fall 2024,77.6,68.9,D,
GRD001347,S0305,C601,Visual Arts,Arts,Spring 2024,73.3,64.2,D,1.0
GRD001691,STU00383,C802,French I,Languages,Spring 2025,96.6,97.6,A,4.0
GRD001509,STU00342,C302,Creative Writing,,Spring 2024,86.7,90.2,A,4.0
GRD002586,STU00576,C701,Physical Education,PE,Fall 2025,69.9,68.2,D,1.0
GRD000381,STU00086,C801,Spanish I,Languages,Fall 2025,62.1,62.3,D  ,1.0
,STU00399,C701,Physical Education,PE,Spring 2024,75.3,80.4,B,3.0
GRD002037,STU00459,C502,Web Development  ,Technology,Fall 2023,,48.3,F,0.0
GRD002642,STU00589,C602,Music Theory,Arts,Fall 2024,54.2,63.8,D,
GRD004406,STU00978,C202,Chemistry,Science,Spring 2024,70.2,68.5,D,1.0
GRD003265,STU00725,C401,World History,Social Studies,Fall 2025,97.4,98.2,A,4.0
GRD002293,STU00512,C101,Algebra I,Math,Fall 2025,70.4,,C,
GRD003241,STU00721,C701,physical education,PE,Spring 2025,79.6,,C,2.0
GRD000358,STU00082,,Physical Education,PE,Spring 2025,78.5,73.7,,2.0
GRD002000,stu00451,C302,Creative Writing,English,Fall 2023,93.1,100,A  ,4.0
GRD000783,S0178,C401,World History,Social Studies,Fall 2024,94.5,100,a,4.0
GRD003621,STU00804,C401,World History,Social Studies,Fall 2024,64.7,68.9,D,1.0
GRD000952,STU00217,,Physics,Science,Spring 2025,74.3,64.4,,
GRD002978,STU00661,C802,French I,Languages,Spring 2024,70.8,71.3,C,2.0
GRD002532,STU00564,C401,World History,Social Studies,Spring  2024,51.7,59.3,F,0.0
GRD003051,STU00676,C202,Chemistry,Science,Fall 2024,78.5,76.3,C,2.0
GRD000588,STU00132,C501,Introduction to Programming,Technology,Fall 2023,,89.0,B,3.0
GRD001099,STU00248,C101,Algebra I,Math,,86.4,91.3,A,4.0
GRD000936,STU214,C801,Spanish I,Languages,Spring 2025,,93.1,A,4.0
GRD001600,362,C202,CHEMISTRY,Science,,97.7,100,A,4.0
GRD004175,STU00927,C402,,Social Studies,Spring 2024,81.0,88.6,B,3.0
GRD001495,339,C802,French I,Languages,Spring 2024,59.9,53.4,F,0.0
GRD002303,STU00514,C801,Spanish I,Languages  ,Spring 2024,50.2,43.2,F,0.0
GRD003792,STU00842,C601,Visual Arts,Arts,Fall 2025,91.8,97.7,A,
GRD003193,STU00709,C401,World History,Social Studies,Fall 2025,68.2,70.2,C,2.0
GRD003990,STU01330,C502,Web Development,Technology,  Fall 2024,87.5,89.3,B,3.0
GRD001984,STU00448,C802,French I,Languages,Fall 2023,80.0,72.2,C,2.0
GRD004023,STU00890,C802,French I,Languages,spring 2024,86.3,78.9,C,2.0
GRD001041,STU00236,C302,Creative  Writing,English,Spring 2024,77.3,79.8,C,2.0
GRD001228,STU00276,C701,Physical Education,PE,Fall 2024,96.7,92.3,A,4.0
GRD002475,STU00552,C701,Physical Education,PE,Fall 2025,72.6,77.3,C,2.0
GRD003449,STU00767,C302,Creative Writing,English,Spring 2025,68.9,78.2,C,2.0
GRD002777,STU00617,C203,Physics,Science,Spring 2024,75.3,76.2,C,2.0
GRD000858,STU00195,C701,Physical Education,PE,Spring 2025,71.9,74.3,C,2.0
,STU00492,C202,Chemistry,Science,Fall 2023,74.7,69.3,D,1.0
GRD000320,STU00072,C301,English Literature,English,Spring 2024,53.5,61.4,D,1.0
GRD000091,STU00022,C102,Geometry,Math,Spring 2024,67.9,,,2.0
GRD002434,543,,English Literature,English,Fall 2024,56.3,55.6,F,0.0
GRD003135,STU00696,C701,Physical Education,PE,Spring 2025,51.5,53.2,F,0.0
GRD002820,STU00626,C602,Music Theory,Arts  ,  Fall 2024,74.5,66.4,D,1.0
GRD001780,STU00404,C402,Government & Civics,Social Studies,Fall 2024,59.2,57.5,F,0.0
GRD001554,STU00352,C802,,Languages,Spring 2025,76.3,82.0,B,3.0
GRD003514,STU00781,C601,Visual Arts,Arts,Fall 2023,67.3,69.9,D,1.0
GRD000339,STU00077,C701,Physical Education,PE,Spring 2024,59.5,50.0,,0.0
GRD002680,STU00597,C502,Web Development,Technology,Fall 2025,77.3,71.8,C,2.0
GRD002326,STU00518,C501,Introduction to Programming,Technology,Fall 2024,78.5,73.4,C,2.0
GRD003653,STU00811,C601,Visual Arts,Arts,Spring 2025,61.0,58.2,,0.0
GRD002488,stu00554,C203,Physics,Science,Fall 2025,82.5,84.4,B,3.0
GRD000448,STU00103,C801,Spanish I,Languages,Fall 2023,69.8,66.6,D,1.0
GRD000171,STU00041,C201,Biology,Science,Spring 2025,87.8,97.3,A,4.0
GRD002817,STU00626,C301,English Literature,English,  Fall 2024,,99.5,A,4.0
GRD002959,STU00657,C801,Spanish I,Languages,Fall 2025,62.4,60.8,D,1.0
GRD003429,STU00762,C701,Physical  Education,PE,Fall 2023,60.4,69.9,D,1.0
GRD000454,STU00104,C102,Geometry,Math,Spring 2024,55.6,58.8,F,0.0
GRD003789,STU00841,C102,Geometry,Math,Fall 2024,61.7,60.6,D,1.0
GRD001865,STU00423,,Visual Arts,Arts,Fall 2025,68.1,70.1,C,2.0
GRD002217,STU00496,C202,chemistry,Science,Spring 2025,55.0,48.8,F,0.0
GRD003536,STU00786,C802,French I,Languages,Fall 2023,59.6,60.4,  D,1.0
GRD003978,STU00880,C103,Algebra II,Math,Spring 2024,58.7,68.1,D,1.0
GRD003847,STU00853,C401,World History,Social Studies,Fall 2023,57.7,63.7,D,
GRD004477,STU00993,C802,French I,Languages,Fall 2023,62.1,67.3,  D,1.0
GRD000946,STU00215,C101,Algebra I,Math,Spring 2024,69.5,63.7,D,1.0
GRD001400,STU00318,C701,Physical Education,PE,Fall 2025,52.8,45.0,F,0.0
GRD000675,STU00153,C602,Music Theory,Arts,Fall 2023,57.5,56.4,,0.0
GRD001592,STU00361,C302,,English,Spring 2025,74.2,78.8,,2.0
GRD001421,STU00322,C701,Physical  Education,PE,Fall 2025,60.4,50.6,F,0.0
GRD003624,STU-00805,C502,Web Development,Technology,Fall 2023,86.8,84.4,B,3.0
GRD000123,STU00029,C701,Physical Education,PE,Fall 2024,75.5,75.9,C,
GRD000343,stu00078,C202,Chemistry,SCIENCE,Fall 2023,76.4,80.8,B,3.0
GRD000813,S0185,C701,Physical Education,PE,Fall 2025,90.4,81.8,B,3.0
GRD003208,STU00712,C801,Spanish I,Languages,Fall 2023,98.4,96.4,A,4.0
GRD004266,STU00946,C601,Visual Arts,Arts,Fall 2023,88.0,86.6,B,3.0
GRD002472,STU00551,C602,Music Theory,Arts,FALL 2023,60.0,68.7,D,1.0
GRD001391,STU00315,C701,Physical Education,PE,Fall 2025,73.8,77.8,C,2.0
GRD002059,STU00464,C501,Introduction to Programming,Technology,Fall 2025,63.4,58.5,F,0.0
GRD002728,STU00607,C602,Music Theory,Arts,fall 2024,85.0,88.2,B,3.0
GRD000655,STU00148,C601,Visual  Arts,Arts,Spring 2025,70.0,61.3,D,1.0
GRD001217,STU00273,C501,Introduction to Programming,Technology,Spring 2024,63.8,54.5,F,0.0
GRD003643,STU00809,C203,Physics,Science,Spring 2025,73.7,66.8,D,1.0
GRD004104,STU00910,C203,Physics,Science,Spring 2025,92.3,100,A,4.0
GRD004054,STU00898,C201,Biology,Science,Fall 2024,85.9,95.7,A,4.0
GRD003231,STU00718,C501,  Introduction to Programming,Technology,Fall 2024,89.5,88.5,B,3.0
GRD003566,STU00792,C302,Creative Writing,English,Spring 2025,62.4,57.3,F,0.0
GRD003176,STU00705,C701,Physical Education,PE,Spring  2024,74.9,79.3,C,2.0
GRD000465,STU00106,C602,Music Theory,Arts,  Spring 2025,59.5,59.8,F,0.0
GRD000181,STU00043,C601,Visual Arts,Arts,Fall 2025,61.2,68.3,D,1.0
GRD000937,STU00214,C602,Music Theory,Arts  ,Fall 2024,74.1,65.4,D,1.0
GRD002986,STU00663,C202,Chemistry,Science,Fall  2023,57.1,,F,0.0
GRD004497,STU00998,C801,Spanish I,Languages,Fall 2025,88.5,93.3,A,4.0
GRD004068,STU00902,C101,Algebra I,Math,Spring 2025,90.6,81.9,B,3.0
GRD001901,STU00431,C701,Physical  Education,PE,Fall 2024,75.8,66.1,D,1.0
,STU00045,C701,Physical Education,PE,Spring 2025,59.9,55.3,F,0.0
GRD003111,STU00690,C401,World History,Social Studies,Fall 2023,53.3,44.3,F,0.0
GRD002777,STU00617,C203,Physics,Science,Spring 2024,75.3,76.2,C,2.0
GRD001957,STU00443,C201,Biology,Science,Fall 2024,81.4,79.8,C,2.0
GRD003821,STU00849,C802,French I,Languages,Fall 2025,64.9,58.3,F,0.0
GRD002310,STU00515,C602,Music Theory,Arts,Fall 2025,52.7,45.4,F,0.0
GRD002010,STU00453,C102,Geometry,Math,Fall 2024,92.6,98.2,A,4.0
GRD003765,STU00835,C602,Music Theory,Arts,Fall 2023,61.4,61.6,D,1.0
GRD002372,S0528,C402,Government & Civics,Social Studies,Fall 2024,76.5,70.5,C,2.0
GRD003530,STU00785,C402,Government & Civics,Social Studies  ,Fall 2024,66.4,67.8,D,1.0
GRD000239,STU00054,C502,Web Development,Technology,Spring 2024,92.3,91.1,A,4.0
GRD002139,stu00480,C402,Government & Civics,Social Studies,Spring 2025  ,79.3,70.3,C,2.0
GRD002045,STU00461,C301,English Literature,English,Fall 2024,66.0,63.8,D,1.0
GRD000904,STU00206,C602,Music Theory,Arts,Fall 2025,74.7,69.7,D,1.0
GRD003509,STU00780,C502,Web Development,technology,Fall 2024,84.4,93.7,A,4.0
GRD002619,STU00583,C701,Physical Education,PE,,81.8,75.3,,2.0
GRD000466,STU106,C302,Creative Writing,English,Fall 2024,73.3,64.6,D,1.0
GRD001119,STU00252,C301,English Literature,ENGLISH,Spring 2025,72.0,69.5,D,1.0
GRD002180,STU00489,C402,Government & Civics,Social Studies,Spring 2024,87.9,91.9,A,4.0
GRD002995,STU00664,C802,,Languages,Fall 2025,63.1,70.1,C,
GRD003800,STU00844,C701,Physical Education,PE,Spring 2024,72.9,74.7,C,2.0
GRD000903,STU00206,C801,Spanish I,Languages,Spring 2024,59.0,50.9,F,0.0
GRD001763,STU00400,C201,Biology,Science,Spring 2024,71.9,67.4,D,1.0
GRD003178,STU00706,C601,Visual Arts,Arts,  Fall 2023,93.0,87.1,B,3.0
GRD001220,STU00274,,Introduction to Programming,Technology,Spring 2025,58.5,58.1,F,0.0
GRD003448,STU00767,C102,Geometry,Math,Fall 2023,87.1,87.9,B,3.0
GRD002179,STU00489,C302,Creative Writing,English,Fall 2024,90.4,92.2,A,4.0
GRD000463,STU00106,C502,Web Development,Technology,Fall 2023,74.6,69.1,D,1.0
GRD000302,STU00069,C602,Music Theory,Arts,Fall 2025,72.3,63.6,D,1.0
GRD004323,STU00962,C102,Geometry,Math,Fall 2024  ,54.3,58.8,F,0.0
GRD001080,S0244,C701,Physical Education,PE,Spring 2024,54.2,57.0,F,0.0
GRD001744,STU396,C802,French I,Languages,Spring 2025,94.5,89.2,B,3.0
GRD004423,STU00982,C101,  Algebra I,Math,spring 2024,62.8,65.7,D,
GRD000171,STU00041,C201,Biology,Science,Spring 2025,87.8,97.3,A,4.0
GRD001189,STU00266,C101,Algebra I,Math,Fall 2025,50.8,55.0,F,0.0
GRD001639,STU00371,C101,Algebra I,Math,Spring 2025,74.5,74.9,C,2.0
GRD003427,STU00762,C302,Creative Writing,English,,82.9,82.7,B,3.0
GRD001535,STU00348,C602,Music Theory,Arts,Spring 2024,,74.3,C,2.0
GRD003420,STU00761,C501,Introduction to Programming,Technology,Fall 2023,84.6,77.8,C,2.0
GRD004457,STU00989,C302,Creative Writing,English,Spring 2024,,85.2,,3.0
GRD002024,S0455,C402,Government & Civics,Social Studies,Fall 2023,93.0,90.0,A,4.0
GRD003775,STU00838,C701,Physical Education,PE,Fall 2025,70.4,70.8,C,2.0
GRD004074,STU00904,C103,Algebra II,Math,Spring 2024,76.8,70.5,c,2.0
GRD003096,STU00687,C701,Physical Education,PE,Fall 2023,74.9,,D,1.0
GRD002411,STU00538,C501,Introduction to Programming,Technology,Fall 2024,90.2,94.0,A,4.0
GRD002752,STU00612,C302,Creative  Writing,English,Fall 2025,57.9,60.7,D  ,1.0
GRD003645,STU00809,C502,Web Development,Technology,Fall 2025,82.4,85.9,B,3.0
GRD000201,S0047,C401,World History,,Spring 2024,65.7,74.6,C,2.0
GRD001404,STU00318,C402,Government & Civics,Social Studies,Spring 2025,58.2,53.6,F,0.0
GRD003259,STU00724,C802,French I,,Fall 2023,72.2,73.7,C  ,2.0
GRD004476,STU-00993,C301,English Literature,English,Fall 2025,77.5,79.1,C,2.0
GRD000878,STU00199,C701,Physical Education,PE,Fall 2025,75.1,70.5,C,2.0
GRD004041,STU00894,C701,Physical Education,PE,Fall 2024,97.3,92.3,A,4.0
GRD001670,STU00378,C801,Spanish I,Languages,Fall 2024,61.2,68.4,D,1.0
GRD004361,S0969,C501,  Introduction to Programming,Technology,Spring 2025,61.3,59.3,F,0.0
GRD002342,STU00521,C302,Creative Writing,English,Fall 2025,79.5,87.8,B  ,3.0
,STU00711,C701,Physical  Education,PE,Fall 2023,96.3,100,A,4.0
GRD001565,STU00354,C402,Government & Civics,Social Studies,Fall 2024,82.4,84.6,B,3.0
GRD002618,STU00583,C502,Web Development,Technology,Fall 2024,89.2,97.6,A,4.0
GRD004047,STU00896,C103,Algebra II,,Spring 2024,54.6,60.8,D,
GRD000747,STU00170,C701,Physical Education,PE,Spring 2025,75.8,76.6,C,2.0
GRD003087,STU00685,C101,Algebra I,Math,Fall 2025,91.4,89.7,B,3.0
GRD001650,STU-00374,C101,Algebra I,Math,Fall 2025,83.5,90.2,A,
GRD001939,STU00439,C302,Creative Writing,English,Fall 2025,50.4,57.6,F,0.0
GRD004036,stu00893,C802,French I,Languages,Fall 2025,87.5,96.8,A,4.0
GRD000462,STU00105,C801,Spanish I,,,85.1,88.0,B,3.0
GRD000450,STU00103,C401,World History,Social Studies,Fall 2025,52.1,56.6,F,0.0
GRD003582,STU00796,C801,Spanish I,Languages,Spring 2024,83.6,91.2,A,4.0
GRD004329,STU00963,C701,,PE,Fall 2023,99.3,96.3,A,4.0
GRD002122,STU00476,C402,Government & Civics,  Social Studies,Spring 2024,69.6,71.9,C,2.0
GRD001308,STU00296,C203,Physics,Science,Fall 2024,99.5,90.5,A,4.0
GRD000985,STU00224,,,Arts,Spring 2024,85.3,83.3,B,3.0
GRD003428,STU00762,C601,Visual Arts,Arts,Fall 2025,61.3,66.9,D,1.0
GRD001335,STU00302,C203,Physics,Science,Spring 2024,77.0,73.3,C,2.0
GRD002080,STU00468,C203,Physics,Science,Fall 2025,86.2,93.4,A,4.0
GRD002458,STU00547,C302,Creative Writing,English,Fall 2025,64.2,71.5,C,2.0
GRD001312,STU00296,C102,Geometry,Math,Fall 2024,56.5,56.7,F,0.0
GRD001546,STU00350,C302,Creative Writing,English,Fall 2024,59.7,53.0,F,0.0
GRD002866,STU-00637,C601,Visual Arts,ARTS,Fall 2025,87.5,91.1,A,4.0
GRD001596,STU00362,C801,Spanish I,Languages,Fall 2024,61.5,61.9,D,1.0
GRD002101,STU00472,C203,Physics,Science,Spring 2025,96.3,100,A,4.0
GRD003806,STU00846,C302,Creative Writing,English,Fall 2023,52.3,42.5,F,0.0
GRD003812,STU00847,C201,Biology,science,Fall 2023,72.5,69.7,D,1.0
GRD003247,STU00722,C501,Introduction to Programming,Technology,Fall 2023,92.0,99.3,A,4.0
,STU00240,C701,Physical Education,PE,Fall 2024,94.1,100,A,4.0
GRD001226,STU00275,C102,Geometry,Math,Spring 2025,,88.8,B,3.0
GRD001230,STU00276,C501,Introduction to Programming,Technology,Spring 2025,78.8,83.6,B,3.0
GRD002020,STU00455,C201,Biology,SCIENCE,Fall 2024,63.7,60.7,D,1.0
GRD000266,STU00061,C701,,PE,Spring 2024,85.9,90.0,A,
,STU00933,C602,Music Theory,Arts,Fall 2024,77.0,82.5,B,3.0
GRD004362,STU00969,C203,Physics,Science,Spring 2024,86.9,78.9,C,2.0
,STU00704,C501,Introduction to Programming,Technology,Fall 2024,51.5,47.2,F,
GRD003741,STU00830,C103,Algebra II,math,Fall 2023,98.3,89.7,B,3.0
GRD002768,STU00616,C302,Creative Writing,English,Spring 2025,82.7,75.9,C,2.0
GRD002276,STU00508,C502,Web Development,Technology,Fall 2023,77.6,75.7,C,
GRD003347,STU00744,C301,English Literature,English,Fall 2025,93.3,90.5,A,4.0
GRD002224,STU00497,C801,Spanish I,Languages,Fall 2024,53.2,49.7,F,0.0
GRD004158,STU00923,C501,Introduction to Programming,Technology,Fall 2025,98.0,100,a,4.0
GRD003147,STU00699,C401,World History,Social Studies,,59.3,65.4,D,1.0
GRD002313,STU00516,C402,Government & Civics,Social Studies,Fall 2025,76.4,,C,2.0
GRD002811,STU00625,C202,Chemistry,Science,Spring 2024,51.0,47.0,,0.0
GRD002755,STU00613,C802,French I,Languages,Fall 2024,58.2,58.8,F,0.0
GRD001076,STU00243,C302,Creative Writing,,Fall 2025,76.5,68.0,D,1.0
GRD000116,STU00027,C101,Algebra I,  Math,Spring 2025,57.3,53.8,F,0.0
GRD003992,STU00884,C801,Spanish I,Languages,Fall 2023,73.4,67.5,D,1.0
GRD003226,STU00717,C301,English Literature,English,Spring 2025,66.4,59.1,F,0.0
GRD004445,STU00986,C101,Algebra I,Math,Spring 2024,99.7,94.6,A  ,4.0
GRD003463,STU00770,C102,Geometry,Math,Fall 2023,72.3,72.2,C,2.0
GRD003388,STU00754,C401,World History,,Fall 2024,98.5,100,A,4.0
GRD003885,STU00861,C202,Chemistry,Science,Spring 2025,71.4,66.1,D,1.0
GRD002708,603,C302,Creative Writing,English,Fall 2025,57.2,55.9,F,0.0
GRD001287,STU00291,C103,Algebra II,Math,Fall  2023,60.9,70.3,C,2.0
GRD000196,STU00046,C401,World History,Social Studies,Spring 2024,56.3,50.7,F,0.0
GRD003605,STU00801,C602,Music Theory,Arts,Fall 2023,59.4,61.5,d,1.0
GRD001500,STU00341,C203,Physics,Science,Spring 2024,52.2,61.7,D,1.0
GRD002417,STU00539,C302,Creative Writing,English  ,Fall 2023,92.1,92.3,A,4.0
GRD003229,STU00718,C801,Spanish I,Languages,Spring 2025,89.3,90.8,A,4.0
GRD002977,STU00661,C201,Biology,Science,Fall 2024,72.6,69.2,D,1.0
GRD003496,STU01205,C402,Government & Civics,,Spring 2024,70.1,73.1,C,
GRD002148,STU00481,C701,,PE,Spring 2025,94.7,99.1,A,4.0
GRD002043,STU00460,C101,Algebra I,Math,Spring 2025,55.2,58.9,F,0.0
GRD001481,STU00336,C102,Geometry,Math,Fall 2025,85.8,86.0,B,3.0
GRD001346,STU00305,C502,Web Development,Technology,Fall 2024,55.4,49.4,F,0.0
GRD001717,STU00389,C601,Visual Arts,ARTS,Fall 2023,63.4,73.0,C  ,2.0
GRD003613,STU00802,C802,French I,Languages,Fall 2025,93.3,89.1,B,3.0
GRD003541,STU00787,C802,French I,Languages,Fall 2024,68.0,65.0,D,1.0
GRD001257,STU00283,C701,Physical Education,PE,Fall 2024,55.0,47.6,F,0.0
GRD001964,STU00445,C802,French I,Languages,Spring 2025,60.5,53.2,F,0.0
GRD000268,STU00062,C501,Introduction to Programming,Technology,Spring 2024,79.3,83.5,B,3.0
GRD004017,stu00889,C402,Government & Civics,Social Studies,Fall 2023,,67.2,D,1.0
GRD002779,STU00618,C501,Introduction to Programming,Technology,Spring 2024,80.7,85.6,B,3.0
GRD000767,STU00175,C801,Spanish I,Languages,SPRING 2024,76.4,85.3,B,3.0
GRD001970,STU00446,C502,Web Development,,Fall 2025,70.6,63.4,D,1.0
GRD000490,STU00111,C201,Biology,Science,Fall 2025,60.4,58.2,F,0.0
GRD001383,STU00314,C801,Spanish I,Languages,Fall 2025,79.6,87.1,B  ,3.0
GRD004473,STU00992,C802,French I,Languages,Fall 2023,67.9,73.0,C,2.0
GRD000110,STU-00026,C602,  Music Theory,Arts,,52.4,58.8,,0.0
GRD002876,STU00639,C701,  Physical Education,PE,Spring 2025,90.8,87.2,B,3.0
GRD001919,STU00435,C201,Biology,Science,Fall 2024  ,78.3,86.7,B,3.0
GRD002945,STU00655,C501,Introduction to Programming,Technology,Spring 2024,,72.9,C,2.0
GRD000771,STU00176,C701,Physical Education,,Spring 2025,98.0,100,A,4.0
GRD002615,STU00583,C203,Physics,Science,Fall 2025,97.9,100,A,4.0
GRD004027,STU891,C701,Physical Education,PE,Fall 2025,84.0,76.1,C,2.0
GRD002615,STU00583,C203,Physics  ,Science,Fall 2025,97.9,100,A,4.0
GRD003511,780,C601,Visual Arts,Arts,Spring 2024,89.8,82.0,B,3.0
GRD002450,STU00546,C701,Physical Education,PE,Fall 2024,65.8,59.9,F,0.0
GRD002542,STU00566,C801,Spanish I,Languages  ,Spring 2024,56.2,65.9,D,1.0
GRD001559,STU00353,C602,Music Theory,Arts,Spring 2025,67.1,71.6,C,2.0
GRD000692,STU00156,C801,Spanish I,Languages,Fall 2025,94.1,100,A,4.0
GRD002804,STU00623,C601,Visual Arts,Arts,Fall 2023,71.2,66.2,D,1.0
GRD002380,STU00530,,Music Theory,Arts,Spring 2024,89.2,93.2,A,4.0
GRD001502,STU00341,C801,Spanish I,,Spring 2024,97.1,100,A,4.0
GRD000777,STU00177,C101,Algebra I,Math,Fall 2025,62.2,71.0,C,2.0
GRD003855,STU00855,C802,French I,Languages,Fall 2025,51.0,53.3,F,0.0
,STU00559,C103,Algebra II,Math,Spring 2025,90.9,88.0,B,3.0
GRD002544,STU00567,C401,World History,Social Studies,Fall 2025,63.0,68.2,D,1.0
GRD003460,S0769,C402,Government & Civics,Social Studies,Fall 2024,93.8,86.6,B,3.0
GRD000163,STU00039,C201,Biology,Science,Fall 2025,76.2,77.1,C,2.0
GRD003972,STU00879,C103,Algebra  II,Math,Spring 2025,64.2,57.6,F,0.0
GRD004031,STU00892,C201,Biology,Science,Fall 2024,70.7,69.0,D,1.0
GRD003215,stu00714,C202,Chemistry,Science,Fall 2024,52.6,58.4,F,0.0
GRD002284,STU00510,C701,Physical Education,PE,Fall 2024,88.3,95.0,A,4.0
GRD004149,STU00920,C401,World History,Social Studies,Fall 2025,71.5,69.7,D,1.0
GRD001797,STU00406,C502,Web Development,Technology,Spring 2025,78.5,84.6,B,3.0
GRD001007,STU00229,C502,  Web Development,Technology,Spring 2025,96.1,87.9,B,3.0
GRD000622,STU00141,C402,Government & Civics,Social Studies,Fall 2023,62.2,,F,0.0
GRD003132,STU00695,C101,Algebra I,Math,Fall 2024,54.7,57.3,F,0.0
GRD003838,STU00852,C502,Web Development,Technology,Spring 2025,98.6,99.2,A,4.0
GRD003990,STU00883,C502,Web Development,Technology,  Fall 2024,87.5,89.3,B,3.0
GRD003342,STU00743,C103,Algebra II,Math,Spring 2025,98.3,98.8,A,4.0
GRD002598,STU00579,C502,Web Development,Technology,Spring 2024,69.7,65.0,D,1.0
GRD001539,STU00349,C701,Physical Education,PE,Spring 2024,97.1,89.5,B,3.0
GRD000112,STU00027,C701,Physical Education,PE,Fall 2023,99.8,100,A,4.0
GRD003958,STU00876,C202,Chemistry,Science,Fall 2025,82.6,84.6,B,3.0
GRD000549,STU00124,C501,Introduction to Programming,Technology,Spring 2024,59.6,,F,0.0
GRD001077,STU00243,C401,World History,Social Studies,Fall 2023,88.6,96.6,A,4.0
GRD002442,STU00545,,Music Theory,Arts,Spring 2024,94.9,100,A,4.0
GRD003565,STU00792,C203,Physics,Science,Fall 2025,74.4,76.4,C,2.0
GRD001897,STU00430,C501,Introduction to Programming,Technology,Spring 2024,96.3,100,A,4.0
GRD002244,STU00502,,Physical Education,PE,Spring 2025,69.6,62.1,D,1.0
GRD001727,STU00392,C103,Algebra II,Math,Spring 2024,81.7,81.8,B,3.0
,STU00363,C202,Chemistry,Science,Fall 2025,87.9,97.6,A,4.0
GRD003489,776,C802,French I,Languages,Fall 2024,89.7,93.3,A,4.0
GRD002933,STU00652,C802,French I,Languages,Spring 2024,96.0,88.3,B,3.0
GRD002645,stu00589,C802,French I,Languages,Fall 2023,97.7,98.5,A,4.0
GRD000853,STU00194,C203,Physics,Science,Fall  2023,78.8,81.5,B,3.0
GRD004348,STU966,C602,Music Theory,Arts,Fall 2023,92.3,95.7,A,4.0
GRD002575,STU00574,C801,Spanish I,Languages,Fall 2024,67.5,60.7,D,1.0
GRD002410,STU00538,C302,Creative Writing,English,Spring 2024,78.0,74.6,C,2.0
GRD000951,STU00217,C302,Creative Writing,,Fall 2023,58.9,49.8,,
GRD002547,STU00568,C101,Algebra I,Math,Fall  2023,72.4,66.1,,1.0
GRD004070,STU00903,C701,Physical Education,PE,Fall 2024,88.3,93.0,  A,4.0
GRD003785,STU00840,C401,World History,Social Studies,Fall 2025,67.9,65.4,D,1.0
GRD002238,STU00500,C701,Physical Education,PE,Spring 2025,71.5,77.7,C,2.0
GRD000390,STU00089,C202,Chemistry,Science,Fall 2025,74.6,66.8,D,1.0
GRD004502,STU00999,C502,Web Development,Technology,spring 2024,57.5,49.9,F,0.0
GRD004093,STU00908,C502,Web Development,Technology,Fall 2025,56.0,49.3,F,0.0
GRD002065,STU00465,C501,Introduction to Programming,Technology,Fall 2023,97.4,90.5,A,4.0
GRD001403,318,,Introduction to Programming,Technology,FALL 2025,83.7,92.6,A,4.0
GRD001045,STU00237,C601,Visual Arts  ,Arts,Fall 2025,58.5,50.2,F,0.0
GRD000492,S0112,C402,Government & Civics,Social Studies,,56.7,55.2,F,0.0
GRD001668,STU00378,C401,World History,Social Studies,Spring 2025,80.9,82.0,B,3.0
GRD001995,STU00450,C801,Spanish I,Languages,Fall 2024,75.5,81.2,B,3.0
GRD002799,STU00622,C301,English Literature  ,English,Spring 2025,76.9,73.8,C,2.0
GRD001339,STU00303,C302,Creative Writing,English,Fall 2024,88.9,90.3,A,4.0
GRD003257,STU00724,C601,Visual Arts,Arts,Spring 2025,94.8,88.2,B,3.0
GRD004395,STU01272,C801,Spanish I,languages,Fall 2024,50.5,43.2,,0.0
GRD000953,STU00217,C701,Physical Education,PE,Spring 2024,61.7,,F,0.0
GRD004341,STU00965,C501,Introduction to Programming,Technology,Fall 2023,84.7,89.8,B,3.0
GRD002171,STU00487,C501,Introduction to Programming,Technology,Fall 2025,77.5,69.5,D,1.0
GRD001581,STU00358,C401,World History,,Spring 2024,51.1,49.5,F,0.0
GRD003035,STU00673,C701,Physical Education,PE,Fall 2024,,100,A,4.0
GRD001721,STU00390,C701,Physical Education,PE,Spring 2024,66.6,65.3,D,1.0
GRD001387,STU00315,C602,Music  Theory,Arts,Fall 2025,61.6,67.8,D,1.0
GRD001951,STU00442,C301,,English,Fall 2024,71.5,66.5,D,1.0
GRD001250,STU00282,C601,Visual Arts,Arts,Fall 2025,98.6,96.8,A,4.0
GRD000653,STU01186,C203,Physics,Science,Fall 2023,97.9,93.8,A,4.0
GRD004244,STU00941,C101,Algebra I,Math,Spring 2024,94.2,90.0,A,4.0
GRD001706,STU00387,C301,English Literature,English,Fall 2024  ,59.0,53.3,F,0.0
GRD004097,STU00909,C302,Creative Writing,English,Fall 2024,91.2,88.7,B,3.0
GRD000144,STU00035,C602,Music Theory,Arts,Fall 2025,53.7,43.9,F,0.0
GRD002996,STU00664,C203,Physics,Science,Spring 2024  ,79.4,73.4,,2.0
GRD000003,STU00001,C103,Algebra II,Math,Spring 2024,92.9,84.5,B,3.0
GRD001499,STU00341,C501,Introduction to Programming,Technology,Fall 2025,50.5,48.0,F,0.0
GRD000039,S0009,C601,Visual Arts,Arts,Spring 2025,55.6,54.2,F,0.0
GRD002601,STU00579,C701,Physical Education,PE,Fall 2023,58.8,66.6,D,1.0
GRD004173,STU00926,C601,Visual Arts,Arts,Fall 2025,73.0,81.5,  B,3.0
GRD001976,STU00447,C301,English Literature,English,Fall 2025,86.9,93.6,A,4.0
GRD004242,STU00941,C401,World History,  Social Studies,Fall 2024,93.1,97.9,A,4.0
GRD003845,STU00853,C201,Biology,Science,Fall 2025,66.3,75.3,C,2.0
GRD004070,STU00903,C701,PHYSICAL EDUCATION,PE,Fall 2024,88.3,93.0,  A,4.0
GRD000068,STU00016,C502,Web Development,Technology,Fall 2024,60.2,,F,0.0
GRD000898,STU00204,C202,Chemistry,Science,Fall 2023,60.2,59.6,F,0.0
GRD003921,STU00869,C601,Visual Arts,Arts,Fall 2025,79.5,75.1,C,2.0
GRD002772,STU00617,C402,Government & Civics,Social Studies,Spring 2024,50.4,51.0,F,0.0
GRD003094,STU00686,C203,Physics,Science,Spring 2024,67.9,60.2,D,1.0
GRD000023,STU00005,C401,World History,Social Studies,Fall 2023,53.3,55.5,F,0.0
GRD001518,STU00345,C802,French I,Languages,Spring 2024,92.6,91.2,A,4.0
GRD004284,STU00950,C701,  Physical Education,,Spring 2024,70.7,73.1,C,2.0
GRD003004,STU00667,C202,Chemistry,Science,Spring 2024,61.6,53.4,F,0.0
GRD003034,stu00673,C402,Government & Civics,Social Studies,Fall 2024,84.8,94.6,A,4.0
GRD001094,STU00247,C601,visual arts,Arts,Fall 2024,57.7,53.7,F,0.0
GRD000481,STU00109,C601,Visual Arts,Arts,Spring 2025,77.2,72.5,C  ,2.0
GRD001512,STU00343,C601,Visual Arts,Arts,Fall 2024,88.6,80.6,B,3.0
GRD002775,617,C501,Introduction to Programming,Technology,Fall 2024,77.9,78.4,C,2.0
GRD000366,STU00083,C502,Web Development,Technology,Fall 2023,90.6,89.9,B  ,3.0
GRD003878,STU00860,C302,Creative Writing,  English,Fall 2023,96.8,88.4,B,3.0
GRD001731,STU00392,C502,,Technology,Fall 2024,61.2,59.7,F,
GRD002738,STU00609,C402,government & civics,Social Studies  ,Fall 2025,77.5,84.0,B,3.0
GRD000265,STU00061,C402,Government & Civics,Social Studies,Fall 2025,55.1,64.4,D,1.0
GRD001761,STU00400,C601,Visual Arts,Arts,Fall 2025,87.9,90.0,A,4.0
GRD003784,STU00840,C802,French I,Languages,Fall 2024,70.4,74.4,C,2.0
GRD004311,STU00958,C602,Music Theory,Arts,Fall 2025  ,85.5,78.7,C,2.0
GRD001446,STU00327,C402,Government & Civics,Social Studies,Fall 2024,85.5,86.8,B,3.0
GRD000737,STU00168,C302,Creative Writing,English,Spring 2024,53.5,43.6,F,0.0
GRD003395,STU00756,C102,Geometry,Math,Spring 2024,64.5,57.4,F,0.0
GRD000809,STU00184,C203,Physics,Science,Fall 2025,89.5,96.2,A,4.0
GRD000357,STU00081,C301,English Literature,English,,76.9,79.9,C,2.0
GRD003819,STU00849,C501,Introduction to Programming,Technology,Fall 2023,61.4,53.9,F  ,0.0
GRD002627,STU00585,C101,Algebra I,Math,Spring 2025,98.7,100,A,4.0
GRD002464,549,C701,Physical Education,PE,Fall 2025,60.1,55.9,F,0.0
GRD003305,STU00735,C602,Music Theory,Arts,Fall 2023,51.0,54.2,F,0.0
GRD002498,STU00556,C401,World History,Social Studies,Fall 2023,52.8,52.4,F,0.0
GRD001071,STU-00242,C401,World  History,Social Studies,Spring 2024,80.9,77.0,C,2.0
GRD000511,STU00115,C401,World History,Social Studies,Spring 2024,73.5,,C,2.0
GRD000950,STU00216,C302,Creative Writing,English,,77.8,85.3,B,
GRD000118,STU00028,C101,Algebra I,Math,Spring 2025,58.6,62.9,D,1.0
GRD003595,STU00799,C301,English Literature,English,Spring 2024,92.3,87.3,B,3.0
GRD001896,STU00430,C801,Spanish I,Languages,Fall 2024,79.7,88.4,B,3.0
GRD001179,STU00264,C602,Music Theory,Arts,Spring 2025,98.7,95.5,A,4.0
GRD001890,STU00428,C802,French I,,Fall 2024,64.7,74.4,C,2.0
GRD003810,STU00846,C701,Physical Education,PE,Spring 2024,67.2,59.6,F,0.0
GRD003539,STU00787,C501,Introduction to Programming,Technology,Spring 2024,51.3,61.1,D,1.0
GRD003581,STU00796,C203,Physics,Science,Fall 2024,94.4,94.7,A,4.0
GRD003995,STU00884,C502,Web Development,Technology,Fall 2024,75.5,84.9,B,3.0
GRD003421,STU00761,C302,Creative Writing,English,Fall 2024,72.5,73.4,C,2.0
GRD000473,STU00107,C501,Introduction to Programming,Technology,Spring 2025,91.2,87.0,B,3.0
GRD000197,STU00046,C502,Web Development,,SPRING 2025,86.2,78.5,C,2.0
GRD000740,STU00169,C602,Music Theory,Arts,Spring 2024,96.1,87.7,B,3.0
,STU560,C701,,PE,Fall 2023,87.0,,A,4.0
GRD004444,STU00986,C501,Introduction to Programming,Technology,Fall 2023,73.3,75.8,C,2.0
GRD000554,STU00124,C801,Spanish I,Languages,  Fall 2023,89.1,96.2,A,4.0
GRD001732,STU00392,C302,Creative Writing,English,Spring 2024,56.0,,,0.0
GRD002393,STU00533,C502,Web Development,Technology,Spring 2025,69.2,67.8,D,1.0
GRD001161,STU00260,C602,Music Theory,Arts,Spring 2025,64.8,72.8,C,2.0
GRD003601,STU00800,C601,Visual Arts,Arts,Spring 2024,87.4,82.4,B,3.0
GRD000753,STU00172,C701,Physical Education,PE,Spring 2025,73.0,69.1,D,1.0
GRD003834,STU00851,,English Literature,English,Spring 2024,65.8,71.3,C,2.0
GRD002863,STU00636,C402,Government & Civics,Social Studies,Spring 2025,,48.7,F,0.0
GRD000001,STU00001,C802,French I,Languages,Fall 2025,72.0,75.5,C,2.0
GRD000595,S0134,C202,Chemistry,Science,Fall 2024,58.3,60.0,D,1.0
GRD003593,STU00798,C802,French I,Languages,Fall 2024,74.4,,D,1.0
GRD002394,STU00533,C302,Creative Writing,English,Spring 2024,50.3,54.8,F,0.0
GRD001683,STU00381,C102,Geometry,Math,Spring 2024,89.8,88.5,B,3.0
GRD002027,STU00456,C102,Geometry,Math,Fall 2025,81.5,88.6,B,3.0
GRD002003,STU00452,C102,Geometry,Math,Fall 2024,73.8,81.7,B,3.0
GRD003554,STU00790,C203,PHYSICS,Science,Fall 2023,52.0,60.0,D,1.0
GRD002516,STU00560,C203,Physics,Science,Spring 2025,57.1,58.9,F,0.0
GRD002993,STU00664,C701,Physical Education,PE,,78.2,84.9,B,3.0
GRD000413,STU00094,C301,English Literature,English,Fall 2024,82.0,77.3,c,2.0
GRD001854,STU00420,,Chemistry,,Spring 2024,94.6,100,A,4.0
GRD004279,STU00949,C402,Government & Civics,Social Studies,Fall 2024,57.9,67.1,D,1.0
GRD003483,STU00774,C301,English Literature,English,Spring 2024,56.4,51.9,F,
GRD004273,STU00947,C402,Government & Civics,Social Studies,Fall 2025,55.6,52.3,,0.0
GRD003758,STU00834,C802,French I,Languages,Fall 2025,81.1,89.2,B,3.0
GRD004328,STU00962,C402,Government & Civics,Social Studies,Spring 2024,81.7,90.8,A,4.0
GRD004164,STU00924,C203,Physics,Science,Fall 2025,89.5,88.6,B,3.0
GRD001190,STU00266,C302,CREATIVE WRITING,English,Spring 2025,93.5,96.2,A,4.0
GRD003012,STU00668,C101,Algebra I,Math,Spring 2024,59.5,57.1,F,0.0
GRD003731,STU828,C301,,English,Fall 2024,62.2,69.2,  D,1.0
GRD001344,STU00304,C103,Algebra II,Math,Fall 2025,99.9,100,A,4.0
GRD003186,STU00707,C601,Visual Arts,Arts,Spring 2024,51.9,58.7,F,0.0
GRD001467,S0332,C602,Music Theory,Arts,Fall 2023,62.1,56.9,F,0.0
GRD004356,STU00968,C401,World History,Social Studies,Spring 2024,87.1,81.1,B,3.0
GRD004408,S0979,C402,Government & Civics,Social Studies,Spring 2025,61.1,65.6,D,1.0
GRD001569,STU00355,C501,Introduction to Programming,technology,Fall 2023,51.8,57.2,F,0.0
GRD001015,STU00230,C401,,Social Studies,Fall 2024,65.1,56.2,F,0.0
GRD001526,STU00346,C701,Physical Education,PE,Fall 2023,76.5,73.4,C,2.0
GRD001940,STU00440,C402,Government & Civics,Social Studies,Fall 2023,52.5,51.8,F,0.0
GRD001956,stu00443,C103,Algebra II,Math,Spring 2024,85.8,93.6,A  ,4.0
GRD000689,STU00156,C601,Visual Arts,Arts,Fall 2025,85.1,75.5,,2.0
GRD001282,STU289,C701,Physical Education,PE,Fall 2024,66.3,57.0,F,0.0
GRD002740,STU00610,C301,English Literature,English,Spring 2025,74.4,81.7,B,3.0
,STU00189,C701,Physical Education,  PE,Spring 2024,90.5,82.1,B,3.0
GRD000602,STU00136,C801,Spanish I,Languages,Spring 2024,81.5,86.9,B,3.0
GRD002792,STU00621,C203,Physics,Science,fall 2023,89.3,90.0,A,4.0
GRD001662,STU00376,C402,Government & Civics,Social Studies,Fall 2024,92.4,93.8,A,4.0
GRD000447,STU00102,C101,Algebra I,Math,Fall 2025,76.3,73.9,C,2.0
GRD004347,STU00966,,Creative Writing,English,Fall 2025,54.4,54.2,,0.0
GRD001574,stu00356,C601,Visual Arts,Arts,Fall 2023,76.6,81.7,B,3.0
GRD003198,STU00710,C102,Geometry,Math,Fall 2024,87.4,88.5,B,3.0
GRD000303,STU00070,C701,Physical Education,PE,Fall 2023,69.7,74.1,C,2.0
GRD003436,STU00764,C501,Introduction to Programming,Technology,Spring 2025,73.8,73.0,C,2.0
GRD003048,STU00675,C301,English Literature,English,Fall 2024,53.3,55.2,F,0.0
GRD001597,STU00362,C301,English Literature,English,  Fall 2023,,60.2,D,1.0
GRD001426,STU00323,C501,Introduction to Programming,Technology,Fall 2025,93.0,83.0,B,3.0
GRD000188,STU44,C402,Government & Civics,Social Studies,Fall 2025,67.4,68.6,D,1.0
GRD003453,STU00768,C502,Web Development,Technology,Fall 2024,85.3,84.4,B,3.0
GRD004046,STU00896,C701,Physical Education,PE,Fall 2023,55.9,50.6,F,0.0
GRD000820,STU00187,C601,Visual Arts,Arts,Fall 2025,88.9,93.5,A,4.0
,STU00636,C301,English Literature,English,Spring 2024,75.5,72.8,C,2.0
GRD003140,STU00697,C102,Geometry  ,Math,Spring 2024,70.8,72.3,C,2.0
,STU00725,C103,Algebra II,Math  ,Fall 2024,60.3,52.8,F,0.0
GRD001843,STU00417,C602,Music Theory,Arts,Fall 2024,63.1,66.6,D,1.0
GRD000331,STU00075,C202,Chemistry,Science,Fall 2025,78.9,75.9,C,2.0
GRD001813,STU410,C101,Algebra I,Math,Fall 2023,73.3,77.3,C,2.0
,STU00937,C402,Government & Civics,Social Studies,Spring 2025,99.4,100,A,4.0
,STU00632,C701,Physical Education,PE,Spring 2025,81.1,83.3,B,3.0
GRD001808,STU00409,C103,,Math,Spring 2025,58.6,56.3,F,0.0
GRD004157,STU00922,C802,French  I,Languages,Spring 2024,92.6,100,A  ,4.0
GRD000917,STU00209,C701,Physical Education,PE,Spring 2024,52.2,48.7,F,0.0
GRD002481,STU00553,C701,,PE,Fall 2025,71.7,63.7,D,1.0
,STU00928,C801,Spanish I,,Fall 2025,56.5,53.9,F,0.0
GRD003944,STU-00873,C101,Algebra  I,Math,Fall 2023,73.4,70.0,C,2.0
GRD000487,stu00111,C601,Visual Arts,Arts,Fall 2024,94.0,100,,4.0
GRD002408,S0537,C802,French I,Languages,Spring 2025,50.5,48.9,F,0.0
GRD001298,STU00293,C202,Chemistry,Science,Fall 2024,68.8,73.1,C,2.0
GRD001373,STU00311,C301,English Literature,English,Fall 2024,65.5,67.2,D,1.0
GRD003740,STU00830,,,Technology,Spring 2025,61.8,57.1,F,0.0
GRD001291,STU00292,C402,Government & Civics,Social Studies,Spring 2025,86.3,86.9,B,3.0
GRD003693,STU00820,C601,Visual Arts,Arts,Fall 2023,95.6,93.8,A,4.0
GRD002106,S0473,C501,Introduction to Programming,Technology,Fall 2024,88.4,97.4,A,4.0
GRD001486,STU00337,C201,Biology,Science,Fall 2025,87.1,78.4,C  ,2.0
GRD004322,STU00961,C601,Visual Arts,Arts,Fall 2024,54.2,47.3,F,0.0
GRD001777,STU00403,C701,,PE,Fall 2023,91.9,96.7,A,4.0
GRD000411,STU00093,C101,Algebra I,Math,Fall 2023,57.7,54.5,F,0.0
GRD003971,STU00879,,Creative Writing,English,Spring 2025,61.0,56.6,F,0.0
GRD001303,STU00294,C402,Government & Civics  ,Social Studies,Fall 2025,68.3,73.0,C,2.0
GRD004151,STU00921,C802,French I,Languages,Fall 2023,91.2,98.8,A,4.0
GRD000168,STU00040,C302,Creative Writing,English,Spring 2025,59.6,53.1,F,0.0
GRD000099,STU00024,C602,Music Theory,Arts,Spring 2024,81.3,81.1,B,3.0
GRD004034,STU00893,C203,Physics,Science,Spring 2025,75.0,81.9,,3.0
GRD000683,STU00155,C501,introduction to programming,Technology,Spring 2025,62.3,71.4,C,2.0
GRD004302,STU00955,C601,Visual Arts,Arts,Spring 2025,63.9,63.8,D,1.0
GRD001622,STU00367,C502,Web Development,Technology,Spring 2024,64.4,65.9,D,1.0
GRD000767,STU00175,C801,Spanish I,Languages,SPRING 2024,76.4,85.3,B,3.0
GRD000613,STU-00138,C301,English Literature,English,Fall 2023,94.8,95.6,  A,4.0
GRD002969,S0659,C402,Government & Civics,Social Studies,Fall 2025,67.3,73.2,C,2.0
GRD003248,STU00722,C102,Geometry  ,Math,Spring 2024,,99.3,A,4.0
GRD002968,STU00659,C101,Algebra I,Math,Fall 2025,54.8,55.6,F,0.0
GRD003498,STU00777,C601,Visual Arts,Arts,Fall 2023,57.9,62.6,D,1.0
GRD002520,STU00561,C302,Creative Writing,English,Spring 2025,88.1,84.9,B,3.0
GRD000678,STU00153,C302,Creative Writing,English,Spring 2024,76.1,71.8,C,2.0
GRD001087,STU00246,C602,Music Theory,Arts,Spring 2024,81.7,86.2,B  ,3.0
GRD000217,STU00050,C301,English Literature,English,Spring 2025,70.9,69.9,D,1.0
GRD000707,STU01050,C402,Government & Civics,Social Studies,Spring 2024,53.3,49.1,F,0.0
GRD000770,STU01329,C701,Physical Education,PE,Fall 2023,65.2,60.2,D,1.0
GRD002855,STU00634,C802,French I,Languages,Spring 2024,70.7,73.0,C,2.0
GRD000078,STU00019,C802,French I,Languages,Spring 2024,66.0,59.7,F,0.0
GRD001249,STU00281,C302,Creative Writing,,Spring 2024,59.2,51.3,F,
GRD002111,STU00474,C801,Spanish I,Languages,Fall 2023,67.2,65.4,D,1.0
GRD002375,STU00529,C801,Spanish I,Languages,Fall 2025,55.4,59.9,F  ,0.0
GRD000687,STU00155,C802,French I,Languages,Fall 2023,79.1,87.6,B,
GRD004211,STU00934,C302,Creative Writing,English,Fall 2024,65.6,59.9,F,0.0
GRD002436,S0543,,World History,Social Studies,Spring 2025,66.8,65.3,D,1.0
GRD000679,STU00154,C201,Biology,Science,Fall 2025,89.3,98.7,A,4.0
GRD003755,833,C602,Music Theory,Arts,Fall 2024,61.7,67.5,D,1.0
GRD000017,STU00004,C802,French I,Languages,,80.8,80.4,B,3.0
GRD000587,STU00132,C701,Physical Education,PE,Fall 2023,74.9,73.5,C,2.0
GRD002061,STU00464,C203,Physics,Science,Fall 2024,64.0,54.5,F,0.0
,STU00998,C701,Physical Education,PE,Fall 2024,72.7,66.9,D,1.0
GRD002812,STU00625,C301,English Literature,English,Fall 2023,93.2,99.9,A,4.0
GRD003618,S0803,C601,Visual Arts  ,Arts,Spring 2025,58.9,53.9,F,0.0
GRD000494,STU00112,C802,French I,Languages,Fall 2024,,81.3,B,3.0
GRD003172,STU00705,C501,Introduction to Programming,Technology,Fall 2024,95.7,100,A,4.0
GRD001903,STU00432,C301,English Literature  ,English,SPRING 2024,78.5,73.1,C,
GRD000247,STU00056,C101,Algebra I,Math,Spring 2025,85.5,84.8,B,3.0
GRD004168,STU00925,,Biology,Science,Fall 2025,92.2,100,A,4.0
GRD000978,STU00222,C203,Physics,Science,Fall 2025,59.0,54.2,F,0.0
GRD003931,STU00871,C602,Music Theory,Arts,Fall 2023,82.5,78.3,C,2.0
GRD002684,STU00597,C802,French I,Languages,Fall 2023,82.3,73.2,C,2.0
GRD003841,STU00852,C302,Creative Writing,English,Fall 2023,89.0,95.6,A,4.0
GRD002993,STU01011,C701,Physical Education,PE,,78.2,84.9,B,3.0
GRD004165,STU00925,C602,Music Theory,Arts,Fall 2023,59.7,51.1,F,0.0
GRD003646,STU00809,C402,Government & Civics,Social Studies,Fall 2024,81.3,80.5,B,3.0
GRD000808,STU00184,C801,Spanish I,Languages,Fall 2024,68.8,71.6,,2.0
GRD002946,STU00655,C601,Visual Arts,Arts,Fall 2024,67.2,59.8,F,0.0
GRD003492,STU00776,C103,Algebra II,Math,,70.4,63.2,D  ,1.0
GRD001922,stu00436,C401,World History,Social Studies,spring 2025,87.0,86.9,,3.0
GRD002173,STU00487,C601,Visual Arts,Arts,FALL 2024,59.1,69.1,D,1.0
GRD000311,STU00071,C101,Algebra I,Math,Fall 2023,51.6,59.0,F,0.0
GRD000288,STU00066,C201,biology,Science,Fall 2024,61.3,68.0,D,1.0
,STU00141,C501,Introduction to Programming,Technology,fall 2024,82.7,91.2,A,4.0
GRD001046,STU00237,C501,Introduction to Programming,Technology,Fall 2025,59.3,67.4,D,1.0
GRD003937,STU00872,C802,French I,Languages,Fall 2023,62.7,54.6,F,0.0
GRD004235,STU00939,C203,Physics,Science,Fall 2025,94.4,100,A,4.0
GRD001598,STU00362,C102,Geometry,Math,Fall 2023,69.6,71.8,C,2.0
GRD001198,STU00268,C101,Algebra I,Math,Spring 2025,69.7,76.4,C,2.0
GRD001117,STU00252,C701,Physical Education,PE,Fall 2025,66.7,59.0,F,0.0
GRD000657,149,C801,Spanish I,Languages,Fall  2023,64.1,64.8,D,1.0
GRD001659,stu00375,C203,,Science,Fall 2024,82.1,86.0,B,3.0
GRD002128,STU00477,C701,Physical Education,PE,Fall 2025,97.1,90.5,A,4.0
GRD002888,STU00642,C302,Creative Writing,English,Fall 2024,66.1,74.0,C,2.0
GRD002750,STU00612,C701,Physical Education,PE,Spring 2025,74.0,75.3,C,2.0
GRD000930,STU00212,C103,Algebra II,Math,Fall 2025,81.1,79.2,C,2.0
GRD003968,STU00878,C601,Visual Arts,Arts,Fall 2024,66.5,61.6,D,1.0
GRD001316,STU00297,C103,Algebra II,Math,Spring 2025,90.4,95.3,A,4.0
GRD003130,STU00695,C701,PHYSICAL EDUCATION,PE,Spring 2024,67.1,68.4,D,1.0
GRD001756,STU00399,C602,Music Theory,Arts,Spring 2025,69.9,66.9,D,1.0
GRD003400,STU00757,C502,web development,Technology,Spring 2025,61.5,63.8,D,1.0
GRD000921,STU00210,C203,Physics,Science,Fall 2025,63.0,68.9,D,1.0
GRD004102,STU00910,C501,Introduction to Programming,Technology,Spring 2025,84.7,86.4,B,3.0
GRD001837,STU00415,C701,Physical Education,PE,Spring 2024,89.2,86.0,B  ,3.0
GRD004096,STU00908,C402,Government & Civics,Social Studies,Fall 2025,74.4,69.6,D,1.0
GRD003628,STU-00805,C601,Visual Arts,Arts,Fall 2025,95.2,87.7,,3.0
GRD003405,STU00758,C301,English Literature,English,Fall 2024,77.5,67.7,D  ,1.0
GRD003710,STU00823,C801,Spanish I,Languages,Fall 2025,53.9,62.6,D,1.0
GRD000326,STU00073,C502,Web Development,Technology,,61.5,61.2,D,1.0
GRD003235,S0719,C201,  Biology,Science,Fall 2023,78.3,72.3,C,2.0
GRD000792,180,C502,Web Development,Technology,Fall 2025,85.1,94.6,A,4.0
GRD001211,STU271,C202,Chemistry,Science,Fall 2025,67.9,74.7,C,2.0
GRD001551,STU01047,C701,Physical Education,PE,Spring 2025,96.5,95.9,A,4.0
GRD004436,STU00984,C202,Chemistry,Science,Spring 2025,69.9,64.5,D,1.0
GRD000246,STU00056,C502,Web Development,Technology,Spring 2024,85.5,85.6,B,3.0
GRD001153,STU00258,C802,French I,Languages,Fall 2024,65.6,57.6,F,0.0
GRD002449,STU00546,C801,Spanish I,Languages,Fall 2024,78.6,75.7,C,2.0
GRD001553,STU00351,C802,French I,Languages  ,Fall 2024,,88.7,B,3.0
GRD003464,STU00770,C301,English Literature,English,Spring 2025,78.5,85.9,B,3.0
GRD000007,STU00002,C601,Visual Arts,  Arts,FALL 2024,83.7,81.3,B,3.0
GRD004031,STU00892,C201,Biology,Science,Fall 2024,70.7,69.0,D,1.0
GRD001265,STU00286,C801,Spanish I,Languages,Fall 2025,78.1,79.0,C,2.0
GRD003222,STU00716,C802,French I,Languages,Fall 2025,74.4,70.6,C,2.0
GRD001002,STU00228,C701,,PE,,52.8,52.3,F,0.0
GRD003078,STU00683,C501,Introduction to Programming  ,Technology,Fall 2025,96.4,,A,4.0
GRD000832,stu00189,C801,Spanish I,Languages,Spring 2025,63.0,57.5,F,0.0
GRD001473,STU00333,C501,Introduction to Programming,Technology,  Fall 2024,97.0,93.6,A,4.0
GRD000083,STU00020,C601,Visual Arts,Arts,Spring 2025,84.0,,A,4.0
GRD003622,STU00804,C502,Web Development,Technology,Fall 2025,88.3,83.4,B,3.0
GRD000236,STU00054,C203,Physics,Science,Fall 2025,65.6,75.0,C,2.0
GRD000052,12,C801,Spanish I,Languages,Fall 2024,74.2,79.8,C,2.0
GRD002760,STU00614,C201,Biology,Science,Fall 2023,79.3,75.6,C,2.0
GRD002479,STU00553,C102,Geometry,Math,,73.2,77.6,C,2.0
GRD000243,STU00055,C802,French I,Languages,Fall 2025,71.7,80.6,B  ,3.0
GRD002722,STU00606,C701,Physical Education,PE,Spring 2024,93.2,89.6,B,3.0
GRD003954,STU00875,C103,Algebra II  ,Math,Spring 2025,64.9,60.0,D,1.0
GRD002039,STU00460,C501,Introduction to Programming,Technology,Fall 2025,55.6,63.2,D,1.0
GRD000603,stu00136,C602,Music Theory,Arts,Spring 2024,50.8,56.7,F  ,0.0
GRD002446,STU00545,C801,Spanish I,Languages,  Fall 2024,51.4,51.2,,0.0
GRD003794,STU00842,C102,  Geometry,Math,Spring 2024,99.1,100,A,4.0
GRD002791,STU00621,C601,Visual Arts,Arts,Fall 2023,73.6,69.7,D,1.0
GRD001160,stu00260,C701,Physical Education,PE,FALL 2023,73.5,72.7,C,2.0
GRD001583,stu00358,C802,,Languages,Fall 2025,65.2,55.8,F,0.0
GRD003809,846,C401,World History,Social Studies,Fall 2025,,69.1,D,1.0
GRD003833,STU00851,C701,Physical Education,PE,Fall 2024,82.4,73.1,C,2.0
GRD002376,STU00529,,Government & Civics,Social Studies,Spring 2024,92.8,86.8,B,3.0
,STU00534,C302,CREATIVE WRITING,English,Fall 2024,83.8,89.1,B,3.0
GRD000269,STU00062,C402,Government & Civics,,Fall 2025,91.3,83.3,B,3.0
GRD001110,STU00250,C302,Creative Writing,English,Fall 2023,50.5,58.8,F,0.0
GRD001538,STU00349,C501,Introduction to Programming,Technology,Spring 2025,,85.3,B,3.0
GRD000019,S0004,C701,Physical Education,PE,Spring 2025,94.9,98.3,A,4.0
GRD003149,STU00699,C801,Spanish I,Languages,Spring 2024,78.3,,C,2.0
GRD003583,STU00796,C602,Music Theory,Arts,Fall 2025,88.0,86.6,B,3.0
GRD003387,STU00754,C103,Algebra II,Math,Fall 2024,,84.0,B,3.0
GRD001774,STU00402,C401,World History,Social Studies,spring 2024,59.6,69.4,D,1.0
GRD001501,STU00341,C401,WORLD HISTORY  ,Social Studies,  Fall 2023,59.3,53.1,F,0.0
GRD003903,STU00865,C401,World History,Social Studies,Fall 2024,73.8,81.0,B,3.0
GRD000872,STU00198,C801,Spanish I,Languages,Fall 2023,89.6,96.7,A,4.0
GRD003339,STU00742,C203,Physics,Science,Fall 2023,78.5,73.8,C  ,2.0
GRD004040,stu00894,C502,Web Development  ,Technology,Spring 2025,82.0,83.6,B,3.0
GRD000765,STU00174,C401,World History,,Spring 2025,,100,A,4.0
GRD000125,STU00030,C402,,Social Studies,Spring 2024,90.3,82.4,B,3.0
GRD003244,STU00721,C502,Web Development,Technology,Spring 2025,51.3,53.0,F,0.0
GRD002582,STU00575,C701,Physical Education,PE,Fall 2025,68.5,78.0,C,2.0
GRD000794,STU-00180,C301,English Literature,English,Fall 2023,67.2,69.9,D,1.0
GRD003348,STU00744,C201,Biology  ,Science,Fall 2025,81.7,88.5,B,3.0
GRD004125,STU00915,C202,Chemistry,Science,Spring 2025,92.0,85.4,B,3.0
GRD002602,STU00579,C302,Creative Writing,English,fall 2024,99.2,100,A,4.0
GRD002580,STU00575,C202,Chemistry,Science,Spring 2025,60.4,69.7,D,1.0
GRD001870,STU00424,C102,  Geometry,Math,Spring 2024,88.0,90.7,A,4.0
GRD000334,STU00076,C301,English Literature,English,Fall 2024,98.8,95.7,A,4.0
GRD001895,STU00429,C701,Physical Education,PE,Fall 2024,66.4,57.1,F,0.0
GRD000185,S0044,C201,Biology,Science,Spring 2025,84.4,83.4,B,3.0
GRD001183,STU265,C301,English Literature,English,Fall 2023,69.5,71.7,C,2.0
GRD003312,STU00736,,Algebra II,Math,,78.5,76.3,C,2.0
GRD000710,STU00162,C302,Creative Writing,English,Spring 2025,88.9,87.2,B,3.0
GRD000949,stu00216,C701,Physical Education,PE,Fall 2025  ,57.6,48.9,F,0.0
GRD003144,STU00698,C602,Music Theory,Arts,Fall 2025,55.0,60.7,D,1.0
GRD003380,STU00753,C302,Creative Writing,English,Fall 2024,97.3,100,A,4.0
GRD004429,STU00983,C301,English Literature,English,Fall 2024,92.8,89.8,B,3.0
GRD002108,STU00473,C701,Physical Education,PE,Fall 2024,53.8,45.7,F,0.0
GRD001511,STU00343,C203,Physics,Science,Fall 2025,61.9,55.5,F,0.0
GRD001679,STU00381,C701,Physical Education  ,PE,Fall 2023,71.4,66.0,D,1.0
GRD001474,STU00333,C602,Music Theory,Arts,Fall 2024,97.8,100,A,4.0
GRD000779,177,,World History,Social Studies,Fall 2024,53.5,51.8,F,0.0
GRD003757,STU00834,C501,Introduction to Programming,Technology,,88.9,94.6,A,4.0
GRD002318,STU00516,C302,Creative Writing,English,Fall 2023,68.1,66.3,D,1.0
GRD002147,STU01128,C502,Web Development,Technology,Spring 2024,84.4,84.0,B,3.0
GRD000348,STU01460,C501,Introduction to Programming,Technology,Spring 2024,62.0,65.1,D,1.0
GRD001407,STU00319,C302,Creative Writing,English,FALL 2023,89.0,86.7,B,
GRD000688,STU00156,C701,Physical Education,PE,Spring 2024,59.8,69.2,D,
GRD002934,STU00652,C301,English Literature,,Fall 2023,80.4,81.1,B,3.0
GRD003095,STU00686,C103,Algebra II,,Fall 2023,91.2,96.8,A,4.0
GRD002270,STU00507,C602,Music Theory,  Arts,Fall 2023,93.7,100.0,A,4.0
GRD001436,326,C203,Physics  ,Science,Fall 2025,84.8,92.1,A  ,4.0
GRD003300,STU00733,C203,Physics,,Fall 2024,87.7,94.3,A,4.0
GRD000827,STU189,C401,World History,Social Studies,Fall 2024,68.0,74.5,C,2.0
GRD001169,STU00262,C701,Physical Education,PE,,97.3,95.6,A,4.0
GRD000924,STU00211,C401,World History,Social Studies,Fall 2023,71.2,63.8,D,1.0
GRD002596,STU00578,C302,creative writing,English,Fall 2023,92.6,,A,4.0
GRD002698,STU00601,C202,Chemistry,Science,Spring 2025,50.7,56.1,F,0.0
GRD000029,S0007,C401,,Social Studies,Fall 2025,73.6,,D,1.0
GRD001260,STU00284,C502,Web Development,Technology,Fall 2024,96.7,86.9,B,3.0
GRD001139,STU00256,C802,French  I,Languages,Fall 2023,81.2,87.3,,3.0
GRD002424,STU00541,C701,Physical Education,PE,Fall 2023,81.1,78.9,C,2.0
GRD002842,STU00631,C301,English Literature,English,Spring 2024,53.0,51.8,F,0.0
GRD003292,STU00731,C501,Introduction to Programming  ,Technology,Fall 2025,82.7,76.5,C,2.0
GRD003083,STU00683,C801,Spanish I,Languages,Fall 2023,96.8,100,A,4.0
,STU00195,C801,SPANISH I,Languages,Spring 2025,51.3,41.4,F,0.0
GRD002842,STU01183,C301,English Literature,English,Spring 2024,53.0,51.8,F,0.0
GRD001892,STU00429,C401,World History,Social Studies,Fall 2025,94.6,90.0,A,4.0
GRD001044,STU00237,C201,Biology,Science,Spring 2024,,,C,2.0
GRD004304,STU00956,C402,Government & Civics,Social Studies,Fall 2024,71.1,62.0,D,1.0
GRD004183,STU00928,C601,Visual Arts,Arts,Fall 2025,56.1,55.9,F,0.0
GRD001829,S0413,,Spanish I,Languages,Spring 2025,52.6,59.2,F,0.0
GRD000799,STU00182,C701,Physical Education,PE,Fall 2024,59.6,49.6,F,0.0
GRD000544,STU00122,C202,Chemistry,science,Fall 2023,74.7,83.0,,3.0
GRD002595,STU-00578,,Physical Education,PE,Fall 2025,98.8,95.5,A,4.0
GRD003307,STU00735,C302,Creative Writing,English,Spring 2024,58.7,67.3,D,1.0
GRD000586,STU-00132,C801,Spanish I  ,Languages,Fall 2023,65.9,60.7,D,1.0
GRD000364,STU83,C301,English Literature,English,Fall 2023,96.4,100,A,
GRD003293,STU00731,C201,Biology,Science,Fall 2024,84.1,93.4,A,4.0
GRD002413,STU00538,C801,Spanish I,Languages,Fall 2023,60.1,58.7,F,0.0
GRD003675,STU00816,C601,Visual Arts,Arts,,87.1,93.9,A,4.0
GRD002837,STU00630,C501,Introduction to Programming,Technology,Fall 2025,63.3,60.8,  D,1.0
GRD000110,STU-00026,C602,Music Theory,Arts,,52.4,58.8,,0.0
GRD002899,STU00645,C602,Music Theory,Arts,Spring 2025,81.2,90.8,A,4.0
GRD001434,S0325,C302,Creative Writing,English,Fall 2025,92.9,97.9,A,4.0
GRD000219,S0050,C102,Geometry,Math,Fall 2025,93.3,100,,4.0
GRD001718,STU00389,C302,Creative Writing,English,Fall 2025,53.9,46.6,F,0.0
GRD001778,STU00403,C402,Government & Civics,Social Studies,Fall 2024,58.3,50.8,,0.0
GRD002558,570,C802,French I  ,Languages,Spring 2024,77.4,,C,2.0
GRD001851,STU00419,C301,English Literature,English,Fall 2025,63.5,63.1,D,1.0
GRD001146,STU00257,,Chemistry,Science,Fall 2023,57.9,48.7,F,0.0
GRD000533,STU00120,C502,Web Development,Technology,Spring 2025,92.3,99.3,A,4.0
GRD000194,STU00046,C202,Chemistry,Science,Fall 2024  ,92.4,100,A,4.0
GRD003988,S0883,C203,Physics,Science,Fall 2023,55.4,62.1,D,
GRD000182,STU00043,C502,Web Development,Technology,Fall  2023,81.9,81.6,B,3.0
,stu00401,C202,Chemistry,Science,Fall 2024,60.0,60.7,D,1.0
GRD002305,STU00514,C701,Physical Education,PE,Fall 2025,71.5,,C,2.0
GRD000893,STU00203,C302,Creative Writing,English,Fall 2023,72.4,78.3,C,2.0
GRD002713,STU00604,C301,English Literature,English,Spring 2024,75.1,79.1,C,2.0
GRD003019,STU00669,,Government & Civics,Social Studies,Fall 2023,66.7,70.9,,2.0
GRD003578,stu00795,C801,Spanish I,Languages,Fall 2024,52.5,44.0,F,0.0
GRD003097,STU00687,C402,Government & Civics,Social Studies,Spring 2024,86.9,81.7,B,3.0
GRD001805,STU00408,C102,Geometry,Math,Fall 2024,79.7,73.4,C,2.0
GRD001794,STU00406,C301,English Literature,English,Fall 2024,58.7,65.8,D,1.0
GRD000107,STU00025,C401,World History,Social Studies,Spring 2025,93.0,100,A,4.0
,STU00891,C501,Introduction to Programming,Technology,Fall 2023,94.4,100,A,4.0
GRD003440,STU00765,C701,Physical Education,PE,Spring 2025,69.8,70.1,C,2.0
GRD000050,STU-00012,C701,Physical Education,PE,Fall 2024,88.9,,B,3.0
GRD000520,STU00117,C701,Physical Education,PE,Fall 2023,78.7,86.1,B,3.0
GRD003831,STU00851,C501,Introduction to Programming,Technology,Spring 2025,52.1,50.8,F,0.0
GRD003732,STU00828,C502,,Technology,Fall 2024,68.9,76.0,C,2.0
GRD001333,STU00301,C101,Algebra I,Math,Fall 2023,72.6,64.0,D,1.0
GRD000698,STU00158,C201,Biology,Science,Spring 2024,75.4,81.6,B,
GRD003884,STU00861,C801,Spanish I,Languages,Spring 2025,67.0,75.3,C,2.0
GRD000372,STU00085,C801,Spanish I,Languages,Fall 2025,77.0,87.0,B,3.0
GRD004338,STU00964,C202,Chemistry,Science  ,Fall 2023,75.3,77.9,C,2.0
GRD004007,STU00887,C501,Introduction to Programming,Technology,Spring 2024,90.6,85.1,B,3.0
GRD000084,S0021,C101,Algebra I,Math,Fall 2024,92.2,98.4,A,4.0
GRD002585,STU576,C201,Biology,Science,Spring 2024,82.4,74.8,C  ,2.0
GRD001841,STU00416,C801,Spanish I,Languages,Fall 2025  ,83.6,75.6,C,2.0
GRD002944,STU00654,C402,Government & Civics,Social Studies,Fall 2024,74.7,76.0,C,2.0
GRD002302,STU00513,C701,Physical Education,PE,SPRING 2024,92.1,85.5,B,3.0
GRD000514,STU00116,C103,Algebra II,Math,Fall 2025,83.1,85.1,B,3.0
GRD004435,STU00984,C301,English Literature,English,Fall 2023,93.2,92.3,A,4.0
GRD003467,STU00771,C101,Algebra I,Math,Fall 2023,71.7,66.8,D,1.0
GRD002897,STU00644,C301,English Literature,English,Fall 2025,54.1,52.4,F,0.0
GRD004236,STU00939,C402,Government & Civics,Social Studies,Fall 2025,95.5,100,A,4.0
GRD003254,STU723,C401,World History,Social Studies,Fall 2023,51.2,47.7,F,0.0
GRD001822,STU00411,C501,Introduction to Programming,Technology,Fall 2023,69.1,66.7,D,1.0
GRD004218,STU00936,C401,World History,Social Studies,,99.8,100,A,4.0
GRD002145,STU00481,C402,Government & Civics,Social Studies,  Spring 2025,92.6,88.2,B,3.0
GRD003335,741,C202,Chemistry,Science,Spring 2025,84.7,74.8,C,2.0
GRD001221,STU00274,C801,Spanish I,Languages,Fall 2024,51.8,54.8,F,0.0
GRD002603,STU00580,C203,Physics,Science,Fall 2023,72.2,73.2,C,2.0
GRD000313,S0071,C802,French I,Languages,Fall 2023,70.3,73.1,C,2.0
GRD002187,STU00490,C102,Geometry,MATH,Fall 2024,84.5,93.4,A,4.0
GRD004306,STU00957,C402,Government & Civics,,Fall 2024,60.0,62.0,D,1.0
GRD003635,STU00807,C701,Physical Education,PE,Spring 2024,80.5,80.3,B,3.0
GRD000664,STU00151,C701,Physical Education,PE,Fall 2024,62.1,71.0,C,2.0
GRD002634,STU00587,C102,Geometry,Math,Spring 2025,81.5,76.4,C,2.0
GRD000233,STU00053,C601,Visual Arts,Arts,Fall 2025,67.2,64.9,D,1.0
GRD002401,STU00535,C301,English Literature,English,Fall 2024,57.6,51.5,F,0.0
GRD001814,STU00410,C701,Physical Education,PE,Fall 2025,63.7,62.3,D,1.0
GRD002216,STU00496,C402,Government & Civics,Social Studies,Spring 2025,91.7,97.3,A,4.0
GRD001214,STU00272,C203,Physics,Science,Fall 2024,57.6,47.8,F,0.0
GRD001533,STU00348,C103,,Math,Fall 2024,75.2,80.3,B,3.0
GRD003341,STU743,C402,Government & Civics,Social Studies,Fall 2023,75.4,81.4,B,3.0
GRD002160,STU00484,C801,Spanish I,Languages,Fall 2024,74.2,66.6,D,1.0
GRD002365,STU00526,C203,Physics,Science,Spring 2024,89.4,80.3,B,3.0
GRD003213,STU00713,C801,Spanish I,Languages,Fall  2023,77.5,85.2,B,3.0
GRD000066,STU00016,C802,French I,Languages,Spring 2025,75.1,73.9,C,2.0
GRD004008,STU00887,C802,French I,Languages,Fall 2025,50.0,50.1,F,0.0
GRD001104,STU00249,C801,Spanish I,Languages,Fall 2023,75.4,79.5,C,2.0
GRD003534,stu00786,C701,Physical Education,PE,Fall 2024,95.2,100,A,4.0
GRD002979,661,C301,English Literature,,Fall 2025,71.8,69.3,D,1.0
GRD001507,STU00342,C102,Geometry,Math,  Spring 2025,59.4,57.0,F,0.0
GRD003014,STU00669,C802,French I,Languages  ,Fall 2025,62.8,65.1,D,1.0
GRD000933,STU00213,C601,Visual Arts,Arts,Fall 2024,80.3,71.1,C,2.0
GRD001134,STU00255,C203,PHYSICS,Science,  Fall 2024,83.1,85.6,B,3.0
GRD003258,STU00724,C501,introduction to programming,Technology,Spring  2025,74.3,70.5,C,2.0
GRD000561,STU00126,C802,French I,Languages,Fall 2025,54.6,51.9,F,0.0
GRD000890,STU00202,C501,Introduction to Programming,Technology,Spring 2025,67.9,66.0,D,1.0
GRD003041,STU00674,C202,Chemistry,Science,Fall 2024,80.1,78.8,C,2.0
,STU01481,C202,Chemistry,Science,Fall 2024,52.5,50.1,F,0.0
GRD004396,STU00976,C103,Algebra II,Math,Fall 2023,86.3,93.1,A,4.0
GRD002948,STU-00655,C102,Geometry,Math,Fall 2023,52.6,62.4,D,1.0
GRD000309,STU00071,C302,Creative Writing,English,Spring 2025,63.6,54.3,F,0.0
GRD003684,STU00817,C501,Introduction to Programming,Technology,Spring 2025,84.0,80.2,B,3.0
GRD002927,STU00651,C701,Physical Education,PE,Spring 2024,93.6,85.0,B,3.0
GRD002806,STU00623,C201,Biology,Science,Fall 2024,64.6,57.5,F,0.0
GRD000435,STU00099,C102,geometry,Math,Fall 2025,53.6,48.8,F,0.0
GRD001795,STU00406,C102,Geometry,Math,Spring 2025,81.2,90.6,A,4.0
GRD004394,STU00975,C203,PHYSICS,Science,Fall 2025,78.5,83.8,B,3.0
GRD002477,STU00552,C602,Music Theory,Arts,Spring 2024,65.2,58.9,F,0.0
GRD000046,STU00011,C103,Algebra II,Math,Fall 2024,51.0,41.7,F,0.0
GRD001361,STU00308,C302,Creative Writing,English,Spring 2025,72.7,77.0,C,2.0
GRD000421,STU00096,C601,Visual Arts,Arts,Spring 2024,63.7,56.5,F,0.0
GRD003936,STU00872,C102,Geometry,Math,Fall 2024,83.4,89.3,B,3.0
GRD001049,stu00237,C402,Government & Civics,Social Studies,Fall  2025,95.4,93.7,A,4.0
GRD001178,STU00264,C802,french i,Languages,Spring 2024,78.6,84.7,B,3.0
GRD001643,STU00372,C101,Algebra I,MATH,Fall 2023,66.1,69.3,D,1.0
GRD002323,STU00517,C202,Chemistry,  Science,Fall 2024,57.3,59.6,F,0.0
GRD002724,STU00607,C301,English Literature,English,Fall 2024,80.0,73.9,C,2.0
GRD002355,STU00524,C602,Music Theory,Arts,Fall 2025,63.9,62.0,D,1.0
GRD000870,STU00197,C501,Introduction to Programming,Technology,Spring 2025,75.6,67.3,D,1.0
GRD003972,STU00879,C103,Algebra  II  ,Math,Spring 2025,64.2,57.6,F,0.0
GRD001026,STU00232,C601,Visual Arts,Arts,Spring 2024,52.2,60.2,D,1.0
GRD000649,STU00147,C102,Geometry,Math,Fall 2025,85.5,93.1,A,4.0
GRD004479,STU00994,C101,Algebra I,Math,Spring 2025,87.5,89.9,B,3.0
,STU00713,C501,Introduction to Programming,TECHNOLOGY,Fall 2024,85.3,82.2,B,3.0
GRD002152,STU00483,,Government & Civics,Social Studies,Spring 2025,89.1,85.4,B,3.0
GRD002213,STU00495,C301,English Literature,English,Spring 2024,92.0,98.9,A,4.0
GRD000210,STU00048,C802,French I,Languages,Fall 2024,67.7,65.5,d,1.0
GRD002593,STU00577,C701,Physical Education,PE,Fall 2023,91.3,82.4,B,3.0
GRD001882,STU00427,C601,Visual Arts,Arts,Spring 2024,78.8,87.7,B,3.0
,STU00038,C302,Creative Writing,  English,Fall 2025,81.9,73.1,C  ,2.0
GRD000764,STU00174,C701,,PE,Spring 2024,78.8,84.4,B,3.0
GRD002044,STU00461,C101,Algebra I,Math,Fall 2023,64.7,69.2,D,1.0
GRD001343,STU00304,C701,  Physical Education,PE,Spring 2025,67.2,66.1,D,1.0
GRD001258,STU00284,C401,World  History,,Fall 2023,63.3,70.4,C,2.0
GRD000834,STU00190,C402,Government & Civics,Social Studies,Spring 2025,51.9,51.5,F,0.0
GRD004271,STU00947,C203,Physics,Science,Fall 2025,77.4,87.0,B,3.0
,STU00737,C202,Chemistry,Science,Spring 2024,73.7,71.8,C,2.0
GRD000383,STU00087,C701,Physical Education,PE,FALL 2023,95.1,100,A,4.0
GRD001803,STU00408,C801,Spanish I,Languages,Fall  2025,58.6,66.8,D,1.0
GRD000662,STU150,C301,English  Literature,English,Fall 2024,55.5,64.2,D,1.0
GRD002798,STU00622,C103,Algebra II,Math,Fall 2023,84.5,77.2,C,2.0
GRD001103,STU00249,C302,Creative Writing,English,Fall 2023,70.3,65.4,D,1.0
GRD000497,STU00112,C501,Introduction to Programming,Technology  ,Fall 2025,71.9,80.8,b,3.0
GRD003286,730,C202,Chemistry,Science,Fall 2024,62.4,63.3,D,1.0
GRD002658,STU00592,C601,Visual Arts,Arts,Spring 2024,95.9,90.2,A,4.0
GRD004148,S0920,C501,Introduction to Programming,Technology,Spring 2025,56.6,54.4,F,0.0
GRD002765,STU00615,C302,Creative Writing,English,SPRING 2025,54.1,45.1,F,0.0
GRD002848,STU00633,C101,algebra i,Math,Spring 2025,64.3,68.8,D,1.0
GRD000382,STU00087,C301,English Literature,English,Spring 2024,83.8,85.6,B,3.0
GRD000153,38,C101,Algebra I,Math,Fall 2025,73.1,81.4,B,3.0
GRD000057,STU00013,C602,Music Theory,Arts,Fall 2023,52.3,47.0,F,0.0
GRD000909,STU00207,C801,Spanish I,Languages,Spring 2024,,57.3,F,0.0
GRD003192,STU00709,C802,French I,Languages,Spring 2025,83.3,83.9,B,3.0
GRD003552,STU00790,C501,Introduction to Programming,Technology,Fall 2025,64.6,70.6,C,2.0
GRD002214,495,C701,Physical Education,  PE,Spring 2025,51.0,59.3,F,0.0
GRD004018,STU00889,C301,English Literature,English,Fall 2025,77.1,67.5,D,1.0
GRD004503,STU00999,C101,Algebra  I,Math,Fall 2024,88.0,85.2,B,3.0
GRD000502,114,C802,French I,Languages,Fall 2023,96.9,95.3,A,4.0
GRD001196,STU00268,C201,Biology,Science,Fall 2023,81.9,78.5,C,2.0
GRD003397,STU00756,C601,Visual Arts,Arts,Fall 2024,79.7,71.5,C,2.0
GRD003036,STU00673,C801,Spanish I,Languages,Fall 2024,73.9,79.7,C,2.0
GRD002903,STU00645,C501,Introduction to Programming,,Spring 2025,68.0,70.8,C,2.0
GRD004120,STU914,C601,Visual Arts,Arts,Spring 2024,95.0,85.8,b,3.0
GRD002363,STU00526,C103,Algebra II,Math,Fall 2025,,72.7,C,2.0
GRD000948,STU00216,C103,algebra ii,Math,Spring 2024,88.8,,B,3.0
GRD003318,STU00738,C602,Music Theory,Arts,Fall 2024,72.4,78.0,C,2.0
GRD002787,STU00620,C802,,Languages,Fall 2025,65.8,74.7,C,2.0
GRD001155,stu00259,C301,English Literature,English,Spring 2025,81.9,78.4,C,2.0
GRD004413,STU00979,C601,Visual Arts,Arts,Fall 2023,62.4,70.7,C,2.0
GRD002093,470,C701,Physical Education,PE,Spring 2024,80.4,89.3,B,3.0
GRD003559,STU00791,C701,physical education,PE,FALL 2024,,76.1,C,
GRD000922,STU00210,C501,Introduction to Programming,Technology,Fall 2023,61.2,56.1,F,0.0
,STU01157,C801,Spanish I,,Fall 2025,56.5,53.9,F,0.0
,STU00527,C102,Geometry,Math,Fall 2025,97.7,97.7,A,4.0
GRD001796,STU00406,C601,Visual Arts,Arts,Spring 2024,55.2,52.5,F,0.0
GRD002226,STU00497,C701,Physical Education,PE,Fall 2025,59.7,68.6,,1.0
GRD003003,STU00666,C301,English Literature,English,Fall 2024,73.4,71.3,C,2.0
GRD001029,STU-00233,C802,French I,Languages,Spring 2024,61.7,64.7,D,1.0
GRD002522,STU00562,C203,Physics,Science,Fall 2023,59.6,60.3,,1.0
GRD000714,STU00162,C202,Chemistry,Science,Spring 2025,61.6,71.3,C,2.0
GRD003279,STU00728,C501,Introduction  to  Programming,Technology,Fall 2024,93.4,99.6,A,4.0
GRD000276,STU00064,C201,Biology,Science,Fall 2024,81.8,74.3,C,2.0
GRD003528,stu00785,C201,Biology,Science,Fall 2024,85.4,87.8,,3.0
GRD004383,STU00973,C201,Biology,Science,Fall 2023,63.4,66.5,D,1.0
GRD001314,STU00297,C301,English Literature,English,Fall 2024,,73.0,C,2.0
GRD000105,STU00025,C502,Web Development,Technology,Fall 2024,92.6,96.9,A,4.0
GRD000997,STU226,C602,Music Theory,Arts,Fall 2025,70.4,63.0,D,1.0
GRD003877,STU00859,C102,Geometry,Math,Fall 2024,80.8,85.6,B,3.0
GRD000863,STU00196,C501,Introduction to Programming,Technology  ,Fall 2023,99.5,97.5,A,4.0
,STU00297,C502,Web Development,Technology,Fall 2023,59.5,67.0,D,1.0
GRD000397,STU00090,C801,Spanish I,Languages,Fall 2025,83.8,89.8,B,3.0
GRD002734,STU00608,C101,Algebra I,Math,FALL 2025,64.1,72.7,C,2.0
GRD003916,STU00868,C201,Biology,Science,Fall 2025,59.5,59.7,F,0.0
GRD001979,STU00447,C701,Physical Education,PE,Fall 2025,79.2,70.0,C,2.0
GRD000102,STU00025,C103,,Math,spring 2025,92.9,98.8,A,4.0
GRD003290,STU00731,C302,Creative Writing,English,Fall 2023,50.4,42.8,F,0.0
GRD002416,STU00539,C602,Music Theory,Arts,Spring 2024,79.3,86.5,B,3.0
GRD003685,STU00818,C401,World History,Social Studies,Fall 2025,,68.2,D,1.0
GRD001816,STU410,C602,Music  Theory,Arts,Fall 2023,85.7,87.3,B,3.0
GRD000281,STU00065,C701,Physical Education,PE,Fall 2024,87.9,97.8,A,4.0
GRD000923,STU00210,C401,World History,Social Studies,,84.1,82.3,B,3.0
GRD002312,STU00515,C302,Creative Writing,English,Spring 2024,57.8,48.0,F,0.0
GRD001658,STU00375,C402,Government & Civics,Social Studies,Spring 2024,92.9,88.3,B,3.0
GRD002947,STU00655,C701,Physical Education,PE,Spring 2025,62.9,71.2,C,2.0
GRD002493,STU00555,C101,Algebra I,Math,Fall 2023,66.8,66.0,D,1.0
GRD001911,STU00433,C302,Creative Writing,English,,59.0,61.3,D,1.0
GRD000513,STU00116,C501,Introduction to Programming,Technology,Fall 2025,83.9,84.5,B,3.0
GRD003607,STU00801,C802,French I,Languages,Fall 2023,56.2,59.3,F,0.0
GRD003446,STU00766,,Physical Education,PE,Fall 2025,66.0,60.6,D,1.0
,STU00058,C602,Music Theory,,Fall 2023,85.5,87.3,B,3.0
GRD000593,STU00133,C801,Spanish I,Languages,Fall 2024,73.5,68.7,D,1.0
GRD003948,STU00874,C501,Introduction to Programming,Technology,Spring 2025,83.8,84.3,B,3.0
GRD004414,STU00980,C501,Introduction to Programming,Technology,Fall 2025,95.1,97.3,A,4.0
GRD000991,S0225,C201,Biology,Science,Fall 2025,58.9,56.8,F,0.0
GRD000623,STU00141,C101,Algebra I  ,Math,Spring 2024,77.7,75.4,C,2.0
GRD004155,STU00922,C502,Web Development,Technology,Fall 2025,61.6,65.6,D,1.0
GRD002092,STU00470,C302,Creative Writing,English,Spring 2025,57.0,49.3,F,0.0
GRD000324,STU00073,C401,World History,Social Studies,Spring 2024,95.0,,A,4.0
GRD001496,STU00340,C802,French I,Languages,Spring 2024,78.4,78.9,C,2.0
GRD000004,STU00002,C302,Creative Writing,English,Fall 2024,61.7,70.5,C,2.0
GRD004318,STU00960,C102,Geometry,Math,,88.8,98.2,A,4.0
GRD000054,STU00013,C103,Algebra II,Math,Spring 2024,52.7,59.8,F,0.0
GRD000548,STU00123,C401,World History,Social Studies,Fall 2023,72.7,78.0,C,2.0
,STU00629,C401,World History,,Spring 2025,93.3,,A,4.0
GRD004272,STU00947,C701,physical education,PE,Fall  2023,74.9,78.8,c,2.0
GRD002329,STU00519,C802,French I,Languages,Spring 2025,70.3,76.6,C,2.0
GRD003360,STU00746,C202,Chemistry,Science,Spring 2024,54.8,56.5,  F,0.0
GRD000289,STU00067,C501,Introduction to Programming,Technology  ,Fall 2025,58.1,60.1,D,1.0
GRD004399,STU00977,C203,Physics,Science,Fall 2025,56.7,56.4,F,0.0
GRD003155,STU00700,C301,,English,Spring 2025,86.1,77.3,C,2.0
GRD002077,STU00467,C502,Web Development,Technology,Spring 2024,95.8,100,A,4.0
GRD001498,STU00340,C302,Creative Writing,English,FALL 2024,99.2,100,A,4.0
GRD003926,STU00870,C402,Government & Civics,Social Studies,Fall 2025,82.3,87.9,B,3.0
GRD001551,stu00351,C701,Physical Education,PE,Spring 2025,96.5,95.9,A,4.0
GRD000599,STU00135,C402,Government & Civics,Social Studies,Fall 2023,96.4,87.2,B,3.0
GRD004321,STU00961,C802,French I,Languages,Fall 2023,90.9,88.2,B,3.0
GRD001937,STU00439,C601,Visual Arts,Arts,Fall 2024,97.2,100,A,4.0
GRD002019,STU00454,C502,Web Development,Technology,Fall 2023,88.2,88.8,B,3.0
GRD001929,STU00438,C802,French I,Languages,Fall 2023,96.6,100,A,
GRD000081,STU00020,C202,  Chemistry,Science,Fall 2025,75.0,67.3,D,1.0
GRD000253,58,C203,Physics,Science,fall 2025,65.1,63.0,D,1.0
GRD003676,STU00816,C502,Web Development,Technology,Fall 2024,92.9,92.1,A,4.0
GRD002611,STU00582,C402,Government & Civics,Social Studies,Fall 2024,72.6,73.6,C,2.0
GRD004299,STU00954,C101,Algebra I,Math,Fall 2025,54.6,57.1,F,0.0
GRD002219,STU00496,C602,Music Theory,Arts,Fall 2024,99.7,91.8,A,4.0
GRD003805,STU00845,C601,Visual Arts,Arts,Fall 2023,71.7,73.9,C,2.0
GRD004265,STU945,C601,Visual Arts,Arts,Fall 2024,73.7,72.3,C,2.0
GRD001916,STU00435,C101,Algebra I,Math,Fall 2024,67.4,74.1,C,2.0
GRD004291,STU00952,C801,Spanish I,Languages,Spring 2025,83.7,77.7,C,2.0
GRD004441,STU00985,C402,Government & Civics,Social Studies,Spring 2024,86.3,92.6,A,4.0
GRD001750,STU00397,C701,Physical Education,PE,Fall 2023,60.4,65.6,D,1.0
GRD001991,STU-00449,C602,Music Theory,Arts,Fall 2025,56.4,52.1,F,0.0
GRD001219,STU00274,C202,Chemistry,Science,Fall 2023,,90.0,  A,4.0
GRD003905,STU00865,C801,Spanish I,Languages,Fall 2023,87.1,88.3,B,3.0
GRD001855,STU00420,C101,Algebra I,Math,Fall 2025,84.2,91.6,A,4.0
GRD001835,STU00415,C402,Government & Civics,Social Studies,,,88.5,B,3.0
GRD003641,STU-00808,,Physical Education,PE,Fall 2025,89.0,90.6,A,4.0
GRD000254,STU00058,C401,World History,Social Studies,Spring 2024,87.4,78.2,,2.0
GRD003515,STU00781,C302,Creative Writing,,Fall 2025,97.9,88.0,B,
GRD003391,STU00755,,,English,Fall 2023,81.5,86.5,B,3.0
GRD000817,STU00186,C301,English Literature,English,Fall 2025,95.6,96.4,A,4.0
GRD000658,STU00149,C103,Algebra II,MATH,Fall 2023,56.7,55.4,F,0.0
GRD002374,STU00529,C201,Biology,Science,  Fall 2024,86.1,94.9,A,4.0
GRD002592,STU00577,C601,Visual Arts,Arts,Fall 2023,73.1,70.4,C,2.0
GRD000412,STU-00094,C601,Visual Arts,Arts,Spring 2025,52.7,49.8,F,0.0
GRD003491,776,C601,Visual Arts,Arts,Fall 2023,63.3,64.4,D,1.0
GRD002334,STU00520,C502,Web Development,Technology,Spring 2024,82.3,85.0,B,3.0
GRD004225,STU00937,C202,Chemistry,Science,Fall 2024,92.5,95.9,A,4.0
GRD001720,STU00390,C201,,Science,Fall 2025,83.7,92.4,,4.0
GRD002291,STU00511,C103,Algebra II,Math,Fall 2025,81.5,,,4.0
GRD000887,STU00201,C301,English Literature,English,Fall 2024,91.2,82.8,B,3.0
GRD000722,STU00165,C402,Government & Civics,Social Studies,Fall 2023,58.1,57.7,F,0.0
GRD001924,STU00437,C701,Physical Education,PE  ,Spring  2024,87.0,79.8,C,2.0
GRD002459,STU00548,C802,French I,Languages,Fall 2024,78.3,,C  ,2.0
GRD001092,STU00247,C101,Algebra I,Math,Fall 2025,78.3,,C,2.0
GRD000528,STU00119,C601,Visual Arts,Arts,Spring 2025,59.8,58.4,F,
GRD004043,STU00895,C203,,Science,Fall 2023,77.7,72.7,C,2.0
,STU00840,C301,English Literature,English,Spring 2025,96.0,91.9,A,4.0
GRD000243,STU00055,C802,French I,Languages,Fall 2025,71.7,80.6,B  ,3.0
GRD003255,S0724,C301,English Literature,English,Spring 2025,60.6,67.0,D,1.0
GRD001654,STU00375,C601,Visual  Arts,Arts,Spring 2024,60.1,51.6,F,0.0
GRD001444,STU00327,C201,,Science,Spring 2024,57.6,54.6,F,0.0
GRD003381,STU00753,C102,Geometry,Math,Fall 2024,65.3,57.5,F,0.0
GRD003920,STU00869,C203,Physics,Science,Fall 2023,52.9,59.7,F,0.0
GRD000080,STU00020,C701,Physical Education,PE,Spring  2024,77.7,72.3,C,2.0
GRD003355,STU00745,C602,Music Theory,Arts,Fall 2023,66.1,,D,1.0
GRD003522,STU00783,C602,music theory,Arts,Spring 2024,57.3,58.0,F,0.0
GRD002195,STU00492,C502,Web Development  ,Technology,Fall 2024,92.8,100,A,4.0
GRD000976,222,C701,PHYSICAL EDUCATION,PE,Spring 2024,82.3,80.8,B,3.0
GRD000940,STU00214,C203,Physics,Science,Fall 2024,82.0,86.6,B,3.0
GRD001801,STU00407,C301,English Literature,English,Fall 2024,51.7,60.3,,1.0
GRD002504,STU00557,C501,Introduction to Programming,Technology,Fall 2023,85.7,79.6,C,2.0
GRD001365,STU00309,C302,Creative Writing,English,Fall 2025,63.5,65.9,D,1.0
GRD002813,625,C102,Geometry,Math,Fall  2025,57.6,58.5,F,0.0
GRD000348,STU00079,C501,Introduction to Programming,Technology,Spring 2024,62.0,65.1,D,1.0
GRD001113,stu00251,C601,Visual Arts,Arts,Fall 2025,79.7,85.6,B,3.0
GRD000986,224,C701,Physical Education,PE,Spring 2025,69.4,64.3,D,1.0
GRD003904,STU00865,C203,Physics,,Fall 2024,68.7,76.0,C,2.0
GRD002970,STU00660,C501,Introduction to Programming,Technology,Spring 2025,86.1,95.7,A,4.0
GRD000045,STU00011,C802,French I,Languages,Fall 2025,58.3,56.3,F,0.0
GRD000014,STU00004,C602,Music Theory,Arts,Spring 2025,69.5,72.6,C,2.0
GRD003369,STU00749,C102,Geometry,Math,SPRING 2024,69.5,61.9,D,1.0
GRD003506,STU00779,C402,Government & Civics,Social Studies,,77.4,70.7,C,2.0
GRD000458,STU00104,C501,Introduction to Programming  ,Technology,Fall 2025,98.3,100,A,4.0
GRD003798,STU00843,C301,English Literature,,,80.4,76.1,C,2.0
GRD001324,STU00299,C301,English Literature,English,Fall 2023,90.5,96.7,A,4.0
