record_id,student_id,course_id,course_name,subject,term,enrollment_timestamp,last_submission_timestamp,completion_percentage,course_status,avg_assignment_score
LMS001728,STU00689,C501,Introduction to Programming,Technology,Spring 2025,2026-05-17 15:09:01.452160,2026-06-08 10:51:18.595413,,Dropped,
LMS000714,STU00287,C203,Physics,Science,,,16/7/2026,76.3,In Progress,95.3
LMS002470,STU00987,C102,Geometry,Math,Spring 2025,2025-10-09 06:20:03.755076,2026-02-26 07:51:38.900599,79.5,In Progress,75.5
LMS002129,STU00852,C201,Biology,,Fall 2025,"May 17, 2026",2026-07-13 13:09:32.750602,72.8,In Progress,72.8
LMS000271,STU00111,C202,Chemistry,Science,Fall 2023,2026-03-19 09:10:47.961373,2026-05-31 00:06:44.754021,78.9,In Progress,62.1
LMS001494,STU00593,C202,Chemistry,Science,Spring 2024,,2025-08-03 03:51:59.274149,24.2,Dropped,
LMS000749,STU00297,C302,Creative Writing,English,Spring 2025,2026-07-22 22:48:16.152515,2026-07-24 22:44:56.047905,100.0,Completed,76.6
LMS002100,STU00840,C402,Government & Civics,Social Studies,Fall 2023,2025-05-22 06:57:19.078793,2025-07-07 07:06:29.337593,95.0,In Progress,64.6
LMS002301,STU00919,C301,English Literature,English,Fall 2025,"September 03, 2024",15/10/2025,81.6,In Progress,52.1
LMS001391,STU00557,C802,French I,Languages,Spring 2024,2025-07-11 11:52:32.849377,2/1/2026,100.0,Completed,64.4
LMS001177,STU00479,C802,French I,Languages,Fall 2023,"December 06, 2024",2026-04-01 04:21:22.614475,52.6,In Progress,72.1
LMS001807,STU00721,C202,Chemistry,SCIENCE,Spring 2025,2024-12-04 13:08:59.806098,,100.0,Completed,77.7
,STU00809,C602,Music Theory,Arts,Fall 2024,17/7/2026,2026-07-17 20:46:08.086173,100.0,Completed,55.7
LMS001400,STU00561,C401,World History,Social Studies,Fall 2023,6/30/2025,2026-06-23 17:19:22.602151,,In Progress,99.9
LMS002134,STU00854,C301,English Literature,English,Fall 2023,,2026-05-13 05:53:07.587090,,In Progress  ,83.0
LMS001074,STU00435,C701,Physical Education,PE,Spring 2025,2/10/2025,2026-04-08 07:48:11.872105,100.0,,71.4
LMS002172,STU00873,C701,Physical Education,PE,Spring 2024,4/21/2026,46178,90.2,In Progress,68.1
LMS000789,STU00314,C302,Creative Writing,English,Spring 2025,,2025-09-27 11:16:24.068365,93.9,In Progress,79.2
LMS002207,STU00884,C101,Algebra I,Math,Fall 2024,2025-04-20 18:53:26.677901,2025-09-26 06:59:11.390796,92.6,In Progress,91.2
LMS000261,STU00108,C802,French I,Languages  ,Spring 2025,2026-01-02 10:53:49.326298,2026-03-09 10:14:24.067956,100.0,Completed,91.9
LMS001087,STU00443,C802,French I,Languages,Spring 2025,2026-05-31 14:04:37.620863,"June 07, 2026",47.7,in progress,74.6
LMS000331,STU00135,C301,english literature,,Fall 2024,2025-01-18 04:45:11.660720,4/24/2026,88.3,In Progress,90.4
LMS001208,STU-00492,C302,CREATIVE WRITING,English,Fall 2025,2026-06-05 10:18:29.575371,2026-06-14 18:43:29.785790,41.3,In Progress,73.3
LMS001068,STU00433,C501,Introduction to Programming,Technology,Spring 2025,2025-10-07 01:53:07.046526,2026-04-05 14:41:53.326591,75.1,In Progress,69.7
LMS000386,155,C201,Biology,Science,Spring 2025,2024-12-27 15:16:19.781697,2025-12-03 21:14:00.327755,60.3,In Progress,71.4
LMS001299,STU01182,C101,Algebra I,Math,Spring 2024,2025-01-25 15:35:40.658273,2026-06-30 23:24:14.815479,71.1,In Progress,93.5
LMS000020,STU00008,,Visual Arts,,Spring 2025,2026-04-14 10:42:08.404811,28-May-2026,100.0,,85.1
LMS002300,STU00919,C602,Music Theory  ,Arts,Spring 2024,2025-01-20 17:21:16.057561,2026-03-19 04:18:57.556842,100.0,,78.1
LMS002428,STU01292,C101,Algebra I,Math,Fall 2025,46157,2026-06-22 05:06:53.446954,81.3,In Progress,75.4
LMS001786,STU00713,C401,World History,Social Studies,Spring 2025,11/6/2026,2026-07-09 21:01:57.452893,100.0,Completed,92.6
LMS001411,STU00564,C401,World History,Social Studies,Spring 2025,2024-12-22 08:37:16.438548,2025-04-17 11:40:12.420452,,In Progress,99.9
LMS000467,STU00185,C202,Chemistry,Science,Spring 2024,2024-08-10 08:15:12.086308,2025-11-17 22:32:43.266879,100.0,Completed,74.5
LMS000997,STU00405,C202,Chemistry,Science,Spring 2024,2026-05-29 03:31:51.824150,2026-06-23 08:53:16.604285,43.4,In Progress,54.6
LMS002034,STU00813,C502,web development,Technology,,2025-03-10 11:52:28.071791,9/3/2025,53.2,In Progress,59.4
LMS000855,STU00343,C401,World History,Social Studies,Fall 2024,2025-09-01 11:58:17.182723,2026-03-01 11:53:50.207731,80.3,In Progress,50.4
LMS001574,STU00627,C102,Geometry,Math,Spring 2025,2026-02-01 03:26:29.338126,2026-02-19 12:59:19.897683,100.0,Completed,53.8
LMS002354,STU00941,C802,French I,Languages,Spring 2025,,2025-11-23 08:23:08.141610,65.9,In Progress,91.1
LMS000795,STU00317,C203,Physics,Science,Fall 2023,2025-08-29 08:50:25.355551,22-Sep-2025,83.9,In Progress,53.0
,STU00241,C103,Algebra II,Math,Spring 2024,"January 30, 2026",2026-02-22 04:57:27.089233,72.9,In Progress,80.4
LMS001039,STU00422,C602,Music Theory,Arts,Spring 2025,2025-11-18 10:36:22.437037,2026-01-30 07:32:01.116194,34.2,Dropped,
,STU00641,C401,World History,Social Studies,Spring 2024,2026-01-20 21:10:29.372782,2026-01-25 12:35:14.886771,100.0,Completed,87.2
LMS001442,STU00575,C502,Web Development,Technology,Spring 2024,2025-08-29 11:28:53.177582,2026-05-28 19:04:02.301869,90.1,In Progress,94.3
LMS002457,STU00983,C801,Spanish I,Languages,Fall 2025,2025-05-18 10:22:51.424073,46026,100.0,Completed,62.4
LMS000655,STU00258,C502,Web Development,Technology,Fall 2024,2026-04-20 14:47:41.932259,2026-06-12 23:42:08.283257,90.9,In Progress,85.2
LMS001186,STU00484,C102,,Math,Fall 2023,2025-10-09 08:58:03.134241,2026-01-13 00:28:12.687955,87.5,In Progress,77.6
LMS000661,STU00262,C701,Physical Education,PE,Fall 2025,2025-08-04 07:40:58.683152,,100.0,Completed,99.5
LMS000176,STU00071,C601,Visual Arts,Arts,Fall 2023,02-Apr-2026,2026-06-26 02:37:29.939221,100.0,  Completed,92.3
LMS002154,STU00864,C201,Biology,Science,Spring 2024,23-Apr-2025,2026-06-15 05:25:12.876049,82.2,In Progress,98.6
LMS001512,STU599,C801,Spanish I,Languages,Spring 2025,2025-12-15 19:29:22.310131,,85.8,In Progress,90.4
,STU00129,C401,World History,Social Studies,Spring 2024,2024-09-12 05:32:11.145369,2025-06-06 07:05:34.311707,86.1,In Progress,92.3
LMS002023,stu00808,C802,French I,Languages,Fall 2023,2026-04-11 22:22:36.316864,2026-04-28 14:35:27.421000,77.1,In Progress,83.0
LMS000842,STU00337,C401,World History,Social Studies,Spring 2025,2025-02-24 07:28:52.162236,2025-12-23 23:18:26.241783,93.0,In Progress,58.3
,STU-00973,,Creative Writing,English,Fall 2023,2025-07-24 13:38:29.946918,2025-07-31 09:06:53.741177,100.0,Completed,60.8
LMS000330,STU00134,C502,Web Development,Technology,Spring 2025,2025-01-16 14:08:57.697282,2025-08-25 13:44:22.629591,47.2,In Progress,86.8
LMS002240,STU00896,C701,Physical Education  ,PE,Fall 2023,"November 24, 2024",2025-04-15 18:06:07.123264,100.0,Completed,60.7
LMS000718,stu00288,C402,Government & Civics,Social Studies,Fall 2023,2025-03-21 17:20:04.794856,2026-03-26 22:29:42.537422,76.4,In Progress,50.1
LMS002065,STU00826,C401,  World History,Social Studies,Fall 2024,12-Oct-2025,2026-07-14 12:28:05.601751,77.3,in progress,75.3
LMS000361,STU00144,C601,Visual Arts,Arts,Fall 2025,2025-10-30 11:35:29.824086,22-Mar-2026,68.1,In Progress,74.2
LMS001755,STU00700,C401,World History,Social Studies,Fall 2023,,2026-06-05 16:44:29.701563,87.8,,69.4
LMS001184,STU00483,C101,Algebra I,Math,Fall 2025,2024-10-16 15:03:07.305364,2025-05-19 16:01:25.900173,100.0,Completed,63.2
LMS000518,STU00206,C402,Government & Civics,Social Studies,Spring 2025,2025-07-15 16:58:51.585815,2025-11-17 06:00:59.512096,49.4,in progress,96.6
LMS001519,STU00603,C701,Physical Education,PE,Fall 2023,8/25/2024,2024-09-18 17:36:26.432365,100.0,Completed,54.0
LMS000638,STU01249,C203,Physics,Science,Fall 2025,2025-06-28 23:19:20.004938,2025-08-24 22:02:42.281170,78.3,In Progress,51.0
LMS000579,STU00229,C501,Introduction to Programming,Technology,Fall 2023,2026-04-29 22:14:06.424040,2026-05-11 23:40:48.678305,100.0,Completed,51.1
LMS001247,STU00506,C201,Biology,Science,,2024-10-12 02:20:31.636559,2024-12-03 14:48:49.732997,51.2,In Progress  ,
LMS002215,STU00886,C302,Creative Writing,English,Spring 2024,2024-09-23 07:16:41.608320,2024-11-02 15:16:27.875225,63.1,In Progress,99.4
LMS000439,STU00175,,Spanish I,Languages,Spring 2025,2026-03-18 17:35:12.499679,2026-07-10 03:40:21.355844,78.8,In Progress,57.5
LMS002052,STU00820,C202,Chemistry,Science,Fall 2025,2025-09-17 02:09:54.929941,2025-11-29 12:45:31.389943,94.0,IN PROGRESS,82.1
LMS001415,STU00565,C302,Creative Writing,English,Spring 2025,23-Aug-2025,,100.0,Completed,95.2
LMS001941,STU00778,C501,Introduction to Programming,Technology,Fall 2023,2025-05-29 13:44:02.845538,2025-10-06 03:42:01.111527,100.0,Completed,57.6
LMS001172,STU00475,C302,Creative Writing,English,Spring 2025,2024-12-16 20:54:02.166712,2026-02-15 05:51:10.179678,71.4,In Progress,65.7
LMS000175,STU00071,C501,Introduction to Programming,Technology,Fall 2023,2025-07-03 12:45:24.241081,2025-12-06 00:17:08.277766,82.5,In Progress,72.3
LMS001033,STU00420,C103,  Algebra II,Math,Spring 2025,19-Feb-2026,2026-03-07 02:04:51.962898,100.0,completed,91.0
LMS000996,STU00404,C401,World History,Social Studies,Spring 2024,2026-07-07 21:36:46.148267,,91.5,In Progress,81.8
LMS000194,STU00078,C202,Chemistry,Science,Spring 2025,2024-08-19 11:00:17.577757,2026-06-10 12:28:29.992147,100.0,Completed,99.4
LMS001958,STU00783,C101,Algebra I,Math,Spring 2024,2025-03-25 11:09:31.422960,02-Jan-2026,70.4,In Progress,87.1
LMS001199,STU00488,C201,Biology,Science,Fall 2023,2025-08-15 14:14:47.111097,2025-11-02 01:49:11.713302,89.7,In Progress,50.2
LMS001675,STU00669,C701,Physical Education,PE,Spring 2025,2026-05-04 10:36:46.933919,,18.1,Dropped,
LMS002200,STU882,C701,Physical Education,PE,Fall 2024,2025-09-17 21:56:25.471905,2025-12-13 23:07:24.589160,100.0,Completed,63.4
LMS001474,STU00586,C301,English Literature,English,Fall 2024,2025-08-14 14:39:24.370559,2025-11-04 03:44:13.783929,88.7,In Progress,89.7
LMS001136,STU00461,C203,Physics,Science,Fall 2024,2026-01-14 02:20:20.915998,16-May-2026,80.9,In Progress,57.4
LMS001200,STU00489,C401,World History,Social Studies,Fall 2025,17-Feb-2025,2026-06-11 19:26:15.348486,0.1,Dropped,
LMS002234,STU00894,C302,Creative Writing,English,Spring 2024,45900,2025-10-19 11:30:17.373711,100.0,Completed,71.1
LMS001862,STU00741,C203,Physics,Science,Spring 2024,45636,2025-08-22 02:10:17.609309,100.0,Completed,95.3
LMS000901,STU00362,C101,Algebra I,Math,Spring 2025,2025-06-16 05:24:04.522469,2026-05-05 01:30:23.798041,73.1,In Progress,77.9
LMS001792,STU00715,C402,Government & Civics,Social Studies,Fall 2024,"January 22, 2026",2026-06-07 23:05:44.624508,83.8,In Progress,62.2
LMS000461,S0183,C501,Introduction to Programming  ,Technology,Spring 2025,45729,2026-01-20 14:54:45.524115,100.0,completed,83.1
LMS000310,STU00128,C202,Chemistry,Science,Fall 2023,2026-02-24 21:03:43.323927,2026-07-07 08:54:53.740628,93.2,In Progress,82.5
LMS001285,STU00518,C102,Geometry,Math,Fall 2024,2026-03-05 06:27:53.414018,2026-05-16 08:15:03.696025,,In Progress,96.1
LMS000367,STU00146,C801,Spanish I,Languages,Spring 2025,2025-10-21 04:35:59.679697,2025-11-04 20:25:23.594757,65.8,In Progress,57.0
LMS001055,STU00428,C301,English Literature,English,,2025-02-20 06:06:18.366538,2025-03-17 07:13:15.087806,100.0,,70.5
LMS000711,STU00286,C401,World History,Social Studies,Spring 2025,2024-09-21 14:24:14.840289,2024-11-03 16:59:48.045076,100.0,Completed,74.6
LMS000910,STU00367,C202,Chemistry,Science,Fall 2024,5/11/2025,2/8/2026,25.8,Dropped,
LMS000066,STU00028,C202,Chemistry,Science,Fall 2024,2025-11-11 03:12:28.987782,10/4/2026,75.0,In Progress,56.4
LMS000011,STU00005,C201,Biology,Science,Fall 2025,2024-11-28 09:30:19.491431,2025-10-06 23:28:50.740160,80.3,In Progress,94.1
LMS000035,STU00014,C402,Government & Civics,,Fall 2024,4/5/2026,21/5/2026,65.0,In Progress,63.1
LMS002281,STU00911,C801,Spanish I,Languages,Fall 2023,2025-12-04 16:01:03.358907,2026-07-22 01:20:01.917005,85.3,In Progress,96.6
LMS001017,STU00412,C103,Algebra II,Math,Fall 2025,2024-09-18 16:20:41.465057,2025-11-13 09:10:06.518841,,Completed,56.5
LMS001682,STU00672,C203,Physics,Science,Fall 2024,2026-01-07 17:44:29.975395,2026-03-10 08:08:08.541853,100.0,Completed,97.8
LMS001791,715,C602,Music Theory,Arts,Spring 2024,2024-11-08 00:16:54.397321,2025-11-28 09:53:50.496702,74.9,In Progress,53.5
LMS001102,STU00449,C402,Government & Civics,Social Studies,Fall 2025,2025-11-21 15:40:50.862777,2025-12-26 11:12:07.851946,100.0,Completed,93.5
LMS001784,STU00713,C502,Web Development,Technology,Fall 2025,2024-08-08 08:51:57.900398,2024-11-22 02:36:59.906950,83.2,,96.7
LMS001595,STU00637,C102,Geometry,Math,Fall 2024,2025-10-15 20:00:32.491616,2026-02-25 05:40:41.952767,71.4,In Progress,98.7
LMS001025,416,C203,Physics,Science,Fall 2025,2025-12-17 18:34:24.180915,2026-04-22 14:40:12.374823,100.0,Completed,75.2
LMS000993,STU00403,C402,Government & Civics,Social Studies,,2025-10-10 07:23:48.630750,2026-05-11 03:21:50.332011,6.0,Dropped,
LMS002057,STU00823,C502,Web Development,Technology,Spring 2024,2024-08-08 16:37:53.394540,2025-10-29 00:47:34.288802,93.8,In Progress,59.8
LMS000256,STU00106,C103,  Algebra II,Math,Fall 2024,"October 10, 2025",2025-11-13 18:19:41.285486,3.4,Dropped,
LMS000438,STU00175,C402,Government & Civics  ,Social Studies,Fall 2023,2026-03-03 23:45:01.643653,2026-05-13 16:49:38.506244,93.8,In Progress,69.6
LMS002412,STU00964,C801,Spanish I,Languages,Fall 2024,2026-03-18 21:00:30.811826,2026-05-01 10:18:44.390369,90.7,In Progress,71.5
LMS001466,STU00583,C103,Algebra II,Math,Fall 2023,2026-06-05 15:42:59.068376,46216,100.0,Completed,61.1
LMS001138,stu00462,C401,World History,Social Studies,Fall 2025,2025-11-08 11:23:08.917078,2026-05-03 23:39:13.188595,100.0,Completed,66.4
LMS002140,stu00858,C701,Physical Education,PE,Fall 2025,22/7/2026,,100.0,Completed,55.6
LMS002132,stu00853,C302,Creative Writing,English,Spring 2025,46157,2026-07-13 17:44:57.465958,87.7,In Progress,64.8
LMS002306,STU00923,C301,English Literature,English,Fall 2024,"May 17, 2025",2025-08-11 03:09:23.630348,87.3,In Progress,89.6
LMS001806,STU00720,C102,Geometry,math,Fall 2024,2024-09-03 04:03:29.294940,2026-03-17 19:47:27.859442,100.0,Completed,71.0
LMS000707,STU00283,C202,Chemistry,Science,Spring 2024,2025-01-06 11:09:22.961511,2025-06-10 23:13:41.065874,81.1,In Progress,72.7
LMS000529,STU00209,C601,Visual Arts,Arts,Fall 2025,2025-06-17 00:45:43.813524,2025-10-04 10:59:33.464896,80.5,In Progress,99.7
LMS001077,STU00436,C602,Music Theory,Arts,Spring 2024,2025-05-17 09:37:27.301496,2025-10-24 03:26:05.014724,80.1,In Progress,66.7
LMS002155,STU00864,C402,Government & Civics,Social Studies,Fall 2023,2026-05-18 23:08:50.794876,2026-06-22 09:55:29.578976,84.3,In Progress,51.4
LMS000359,STU00143,C101,Algebra I,Math,Spring 2024,2025-10-31 11:37:52.362713,2025-12-03 01:44:43.369337,85.2,In Progress,82.1
LMS000350,STU00140,,French I,Languages,Fall 2023,2025-07-01 09:10:55.209872,2026-06-25 20:51:20.622089,74.9,In Progress,50.3
LMS000195,STU00078,C201,Biology,  Science,Fall 2024,2026-07-23 10:23:31.699148,2026-07-25 12:28:53.155166,85.5,In Progress,99.7
,STU00231,C501,Introduction to Programming,,Spring 2024,2026-05-26 18:13:19.587713,2026-06-24 18:49:26.190562,68.0,In  Progress,96.6
LMS002379,STU00951,C802,French I,Languages,Fall 2023,2024-08-22 14:20:10.969149,46161,100.0,Completed,79.5
LMS000583,STU00230,C701,Physical Education,PE,Spring 2025,2025-08-16 12:26:30.639423,2025-11-27 20:22:07.586035,100.0,Completed,93.1
LMS001457,580,C301,English Literature,English,Spring 2025,2026-05-21 15:58:32.760425,2026-05-31 13:41:15.505722,93.9,In Progress,86.9
LMS001375,STU00552,C601,Visual Arts,Arts,Spring 2025,2026-04-27 17:17:12.947949,04-May-2026,67.1,In Progress,51.3
LMS001705,STU00682,C801,,,Spring 2024,2026-05-22 17:29:46.869699,7/1/2026,68.8,In Progress,83.0
LMS001344,STU00540,C202,Chemistry,Science,Fall 2024,2025-06-18 02:04:55.179569,2025-11-25 07:42:18.997233,45.5,In Progress,77.8
LMS002210,STU885,C202,Chemistry,,Fall 2023,2025-06-06 19:34:31.477198,"June 20, 2025",94.9,In Progress,69.5
LMS002147,STU00861,C301,English Literature,English,Fall 2025,04-Jan-2026,2026-01-22 03:12:31.177189,28.9,Dropped,
LMS002197,STU-00881,C602,Music Theory,Arts,Fall 2023,2025-11-15 21:52:45.316237,2026-01-07 19:35:15.637068,100.0,Completed,97.2
LMS001249,STU00506,C501,Introduction to Programming,Technology,Fall 2023,2026-07-05 19:21:40.910565,2026-07-21 19:35:37.582597,77.1,In Progress,95.5
LMS001835,STU00731,C203,Physics,Science,Spring 2024,2025-05-06 07:56:12.500028,2025-06-29 18:52:03.200668,100.0,Completed,71.6
LMS000423,STU00169,C402,Government & Civics,Social Studies,Spring 2025,2025-04-28 12:48:49.452593,2026-05-25 06:09:15.103601,63.1,  In Progress,93.8
LMS000104,STU00043,C103,Algebra II,Math,Fall 2023,2025-03-23 00:15:51.114901,09-Jan-2026,49.3,In  Progress,82.6
LMS000811,STU00323,C203,Physics,Science,Fall 2024,2026-01-27 20:42:11.360125,2026-04-06 17:47:15.211970,48.6,in progress,60.0
LMS002158,STU00865,C202,Chemistry,Science,Fall 2024,2025-05-06 17:40:42.781663,2025-11-08 10:59:42.605394,76.8,In Progress,57.4
LMS000604,STU00237,C102,Geometry,Math,Fall 2023,45822,2025-12-19 08:25:50.934922,49.8,In Progress,79.3
LMS000687,274,C402,Government & Civics,Social Studies,Fall 2025,2025-01-07 09:14:47.074683,46177,47.9,In Progress,98.4
LMS000487,STU00194,C103,Algebra II,Math,Spring 2025,2026-02-24 14:38:52.120574,2026-04-05 05:11:29.293284,100.0,,61.1
LMS000360,STU00144,C402,government & civics,Social Studies,Spring 2025,2025-09-01 03:34:05.049771,2026-01-07 16:13:53.574515,70.6,In Progress,
LMS001441,STU00575,,Introduction to Programming,Technology,Spring 2025,2026-07-05 03:18:31.191817,2026-07-05 05:45:55.785745,100.0,Completed,82.9
LMS002164,STU00867,C802,French I,Languages,Fall 2024,18/1/2026,2026-03-06 03:35:47.761607,94.9,In Progress,76.9
LMS000305,STU00125,C701,,PE,Fall 2025,45514,2025-01-19 01:34:19.305546,45.5,In Progress,96.9
LMS001546,STU00615,C802,French I,Languages,Fall 2025,2026-01-31 01:40:17.006850,22/5/2026,68.6,In Progress,94.7
LMS001279,stu00517,C601,VISUAL ARTS,Arts,Spring 2024,2025-06-12 07:21:00.977910,2026-02-13 16:14:05.932616,100.0,Completed,95.6
LMS000359,STU00143,C101,ALGEBRA I,Math,Spring 2024,45961,2025-12-03 01:44:43.369337,85.2,In Progress,82.1
LMS001409,STU00564,C802,French I,Languages,Fall 2025,27-Mar-2026,2026-05-20 05:50:15.837222,100.0,,63.4
LMS002439,STU00977,C701,Physical Education,PE,Spring 2025,2024-09-25 02:44:56.169596,2025-08-11 15:50:59.223995,100.0,Completed,84.1
LMS000196,STU00079,C602,Music Theory,Arts,Fall 2023,2026-06-16 05:44:36.414185,,100.0,Completed,85.3
LMS002308,STU00923,C501,Introduction to Programming,  Technology,Fall 2025,14-Apr-2025,2025-07-15 04:31:56.369021,92.9,In Progress,61.6
LMS000234,STU00096,C401,World History,social studies,Fall 2025,2024-08-15 13:57:19.752181,2026-01-31 05:29:18.730150,100.0,Completed,90.6
LMS000956,STU00385,C301,,,Spring 2025,2024-09-30 09:23:19.312751,2025-03-12 10:28:22.092027,70.9,In Progress,56.0
LMS000909,STU00366,C101,Algebra I,Math,Fall 2025,2025-02-14 23:20:06.343992,2025-12-14 15:05:12.396763,83.3,In Progress,81.7
,STU00504,C502,Web Development,Technology,Fall 2024,2025-06-15 00:53:23.833806,10/10/2025,47.8,In Progress  ,58.9
,STU00101,C401,World History,Social Studies,Fall 2023,20-Nov-2025,2026-06-24 05:49:42.277515,88.2,In Progress,51.0
LMS001739,STU00693,C103,Algebra II,Math,Spring 2024,2026-01-06 04:07:06.215053,"July 01, 2026",42.9,in progress,56.1
LMS000425,STU00169,C701,Physical Education,PE,Spring 2024,2025-06-13 17:24:06.291374,,82.8,In Progress,85.3
LMS002374,STU00948,C302,Creative Writing,English,Spring 2025,2024-08-27 06:12:11.122455,6/10/2025,43.9,In Progress,67.8
LMS002444,STU00979,C601,Visual Arts,Arts,Spring 2025,2025-12-27 09:36:50.550269,,100.0,Completed,70.5
LMS000817,STU00326,C401,World History,Social Studies,Spring 2025,7/17/2025,2025-12-29 12:49:56.536589,89.2,In Progress,84.6
LMS001419,STU00567,C202,Chemistry,Science,Spring 2024,2025-08-30 06:07:55.209267,2025-11-20 05:51:08.047764,88.1,In Progress,75.0
LMS000564,STU00221,C802,French I,Languages,Fall 2025,2024-08-11 08:23:53.665917,2025-02-02 20:48:59.454917,72.5,in progress,90.0
LMS002151,STU00863,C301,English Literature,English,Spring 2025,2026-07-04 02:00:51.500407,"July 18, 2026",100.0,Completed,53.0
LMS002419,STU00967,C601,Visual Arts,Arts,Spring 2024,2025-05-01 09:48:50.485881,2026-02-24 16:45:12.665427,100.0,Completed,91.9
LMS001613,STU00645,C602,Music Theory,Arts,Spring 2024,13-May-2025,2026-05-01 18:25:51.605434,62.4,In Progress,67.7
LMS000488,STU00194,C601,Visual Arts,Arts,Fall 2025,2026-05-26 09:50:21.820168,2026-06-27 05:48:14.286140,90.9,In Progress,78.6
LMS001338,STU00538,C601,Visual Arts,Arts,Fall 2023,2026-02-13 08:16:23.443535,2026-03-17 04:39:07.643751,71.9,In Progress,63.2
LMS000531,STU00209,C401,World History,Social Studies,Spring 2024,2026-05-04 06:37:15.716318,2026-06-19 07:51:21.543319,70.9,In Progress,57.8
LMS000998,STU-00405,C402,GOVERNMENT & CIVICS,Social Studies,Spring 2025,2025-07-14 22:36:48.312478,46155,100.0,Completed,54.0
LMS002096,STU00839,C302,Creative Writing,English,Spring 2024,2025-11-11 00:41:23.795969,2026-05-02 22:59:49.825449,100.0,Completed,71.1
LMS000027,STU00011,C101,Algebra I,Math,Fall 2025,3/12/2025,2026-06-29 20:11:12.526210,100.0,Completed,74.4
LMS000034,STU00014,C401,world history,Social Studies,Spring 2025,2025-05-29 15:57:47.874743,2025-10-13 18:20:59.178932,100.0,Completed,95.9
LMS002156,STU00864,C203,Physics,,Fall 2023,2025-04-09 16:46:56.771694,2025-10-05 04:11:50.081518,100.0,Completed,64.3
LMS000871,STU00349,C501,Introduction to Programming,Technology,Fall 2023,2025-12-17 18:50:51.922442,2026-05-17 01:12:44.957597,100.0,Completed,88.9
LMS000053,STU00022,C101,Algebra I,Math,Fall 2025,2025-04-22 13:05:48.050796,2026-07-26 13:39:35.758124,44.7,In Progress,87.7
LMS000544,213,C501,Introduction to Programming  ,Technology,Spring 2024,2026-02-02 00:08:40.937708,2026-07-08 15:28:20.105731,100.0,Completed,64.5
LMS000739,STU00294,C601,,Arts,Fall 2025,2025-10-10 03:40:48.949104,2026-05-02 22:08:42.092473,81.2,In Progress,87.2
LMS000557,STU00218,C401,World History,Social Studies,Fall 2025,09-Jun-2026,2026-06-09 13:46:09.540755,90.0,in progress,66.3
LMS000026,STU01472,C701,Physical Education,PE,Spring 2024,2024-11-23 19:02:42.563997,2026-06-16 01:44:10.620368,100.0,Completed,84.7
LMS000137,STU00056,C103,Algebra II  ,Math,Fall 2023,16-Nov-2024,2025-03-18 09:54:57.209542,,In Progress,55.4
LMS000784,STU00312,C502,Web Development,Technology,Spring 2025,2025-09-08 07:29:10.923387,2025-11-08 05:33:17.972357,70.9,In Progress,60.6
LMS002044,STU00816,C802,French I,Languages,,2025-11-09 12:42:58.513680,31-Jan-2026,56.0,In Progress,65.9
LMS000839,STU00336,C103,Algebra II,Math,Spring 2024,2025-08-16 01:09:28.943724,2026-01-24 14:21:15.796854,100.0,Completed,74.6
LMS002455,STU00982,C203,Physics,Science,Fall 2024,2025-04-15 11:29:49.649126,2026-02-10 03:37:56.423978,76.0,In Progress,55.9
LMS001198,STU00487,C602,Music Theory,Arts,Spring 2025,2025-08-24 16:40:56.822920,2026-05-25 07:21:51.773801,71.6,In Progress,75.6
LMS001072,STU00434,C201,Biology,Science,Fall 2023,2026-06-21 12:28:27.640981,2026-06-29 15:30:58.461535,74.5,In Progress,52.2
LMS001187,STU00484,C501,Introduction to Programming,Technology,Spring 2024,2025-03-31 18:10:08.552886,2025-11-08 11:34:52.259979,85.7,In Progress,73.5
LMS001354,STU00544,C601,  Visual Arts,Arts,Spring 2024,2024-10-28 05:36:52.867731,2026-04-02 14:36:27.538551,100.0,Completed,80.2
LMS000798,STU-00318,C302,Creative Writing,English,,2026-05-09 18:16:09.271599,"June 17, 2026",92.3,,99.9
LMS001235,STU00502,C601,Visual Arts,Arts,Fall 2023,2024-07-28 04:07:19.934588,2026-02-27 20:13:48.378196,100.0,Completed,84.4
LMS001478,STU00587,C203,Physics,Science,Fall 2025,2026-04-02 03:47:40.072136,2026-07-21 20:41:23.661782,100.0,Completed,59.4
LMS001226,STU00498,C502,WEB DEVELOPMENT,Technology,Spring 2024,46018,2026-05-14 10:07:03.008543,79.3,In Progress,99.6
LMS000242,STU00099,C802,French I,Languages,Fall 2025,2026-05-30 01:54:21.637408,2026-07-02 02:11:27.667397,87.5,In Progress,92.7
LMS001270,STU00513,C602,Music Theory,,Spring 2024,26/7/2025,2025-08-26 01:50:00.057699,100.0,Completed,97.7
LMS001281,STU00517,C502,Web Development,Technology,Spring 2024,2025-05-01 09:39:58.617664,2025-08-03 22:05:20.298281,51.1,In Progress,90.9
LMS001714,STU684,C802,French I,,Fall 2025,2024-11-26 17:21:20.848082,2025-07-02 13:52:30.650779,100.0,Completed,85.3
LMS000288,STU00117,C101,Algebra I,Math,Spring 2024,2025-09-08 17:17:05.185884,2026-07-25 20:33:20.638106,82.6,In Progress,91.9
LMS001043,STU00424,C301,English Literature,english,Fall 2023,2026-06-10 00:19:34.207691,2026-06-13 15:21:08.365706,61.8,In Progress,96.7
LMS000240,STU00099,C401,World History,,Fall 2025,2026-01-31 20:12:33.945926,2026-02-13 11:51:24.741063,76.9,In Progress,86.5
LMS001316,STU00527,C301,English Literature,English,Fall 2024,2024-12-05 19:40:51.643951,2026-06-25 03:08:47.471221,78.7,In Progress,67.4
LMS000268,STU00110,C202,Chemistry,Science,Spring 2024,2025-05-11 09:15:59.373878,21-Jul-2025,80.5,In Progress,65.4
LMS002055,STU00822,C102,Geometry,Math,Fall 2025,27-Oct-2025,2026-03-24 19:43:14.584098,100.0,Completed,71.1
LMS000259,STU00107,C103,Algebra II,Math,Fall 2024,45709,"December 25, 2025",85.7,In Progress,75.4
LMS000001,STU00001,C102,Geometry,Math,Spring 2025,31-May-2025,2026-06-10 20:17:07.758423,25.9,Dropped,
LMS000028,STU00012,C101,Algebra I,Math  ,Spring 2024,2025-07-09 11:44:50.636995,2026-07-06 14:59:08.509206,100.0,Completed,71.3
LMS000169,STU00068,C101,Algebra I,Math,Spring 2024,2025-10-11 09:31:44.307384,2026-05-15 16:20:40.380393,81.6,In Progress,85.3
,STU00923,C103,Algebra II,Math,Fall 2024,2024-09-27 01:50:51.202631,2026-05-10 18:37:59.438026,38.1,Dropped,
LMS002498,STU00999,C601,Visual Arts,Arts  ,Fall 2024,2024-11-17 00:04:56.512009,"September 22, 2025",53.6,In Progress,94.4
LMS000626,STU01310,C301,English Literature,English,Spring 2024,2025-05-18 02:32:12.459484,2026-05-21 00:13:34.885682,69.1,In Progress,91.5
LMS001430,STU00570,C602,Music Theory,Arts,Spring 2024,2024-07-30 23:16:04.358782,2026-04-28 08:53:35.597755,77.2,In Progress,76.0
,STU00334,C801,Spanish I,Languages,Spring 2025,2026-06-26 16:18:56.319103,"June 28, 2026",100.0,Completed,78.7
LMS000850,STU00341,C103,ALGEBRA II,Math,Spring 2025,26/9/2025,"January 03, 2026",100.0,Completed,93.0
LMS000352,STU-00141,C701,physical education,PE,Fall 2024,2025-11-23 02:29:10.370226,2026-01-25 19:55:40.765946,92.0,In Progress,79.3
LMS001412,S0565,C701,Physical Education,PE,Fall 2023,2025-05-26 02:49:26.589420,2025-12-16 03:30:39.487404,76.8,In Progress,91.6
LMS000783,STU-00312,C401,World History,Social Studies,Fall 2024,2025-12-26 08:03:51.928577,2026-02-04 09:12:57.973943,50.3,In Progress,82.5
LMS001059,STU00429,C402,Government & Civics,Social Studies,Spring 2024,2026-07-03 08:01:20.264662,2026-07-07 23:14:00.062815,76.3,In Progress,51.8
LMS001715,S0684,C501,Introduction to Programming,Technology,Spring 2024,2026-05-05 05:51:14.841153,"July 12, 2026",100.0,,73.6
LMS001156,STU00468,C501,Introduction to Programming,Technology,Fall 2025,2026-05-12 10:57:05.019674,"May 12, 2026",100.0,Completed,51.1
LMS001507,STU00598,C802,French I,Languages,Fall 2024,46175,2026-07-27 11:22:36.288573,100.0,Completed,87.7
LMS001079,STU00437,C203,Physics,Science,Fall 2025,2024-11-11 05:14:40.348360,2026-07-22 09:26:45.904835,,In Progress,60.9
LMS001485,STU00590,C201,Biology,Science,Spring 2025,2025-12-23 15:54:12.175671,4/2/2026,100.0,Completed,75.7
LMS002085,STU00832,C301,English Literature,English,Fall 2023,2025-10-12 19:18:19.414241,2026-07-16 19:34:44.023833,73.2,In Progress,84.1
LMS002070,STU00828,C701,Physical Education,PE,Fall 2023,2025-08-02 17:09:31.956017,2026-05-08 18:37:09.192984,43.5,In Progress,93.9
LMS001318,STU00528,C501,,Technology,Fall 2025,2025-10-19 06:16:50.210956,,87.5,In Progress,76.3
LMS000712,STU00286,C602,Music Theory,Arts,Fall 2023,2026-05-07 07:43:30.373656,7/24/2026,33.8,Dropped,
LMS001461,STU00581,C101,Algebra  I,Math,Spring 2024,2/1/2025,24-Jan-2026,91.7,In Progress,82.2
LMS000902,S0362,C402,Government & Civics,Social Studies,Spring 2025,2024-12-01 09:25:53.954918,2025-11-18 20:49:49.229028,57.2,In Progress,89.9
LMS000236,STU00097,,Creative Writing,English,Spring 2025,2026-02-13 13:27:19.890288,2026-04-06 11:47:21.004829,90.8,In Progress,67.4
LMS000133,STU00054,C102,Geometry,Math,Spring 2025,2024-10-22 15:36:29.606099,2026-05-08 09:16:20.317747,78.6,In Progress,76.2
LMS000446,STU00178,C601,Visual Arts,Arts,Spring 2025,2024-08-18 08:15:19.908787,2026-01-08 09:39:40.215757,100.0,COMPLETED,72.2
LMS002045,STU00817,C802,French I,Languages,Fall 2023,45734,2025-07-29 00:52:50.466980,4.2,Dropped,
LMS000273,STU00112,C502,Web Development,Technology,Spring 2024,2026-07-07 22:17:50.362190,2026-07-23 02:03:34.984169,100.0,Completed,81.6
LMS000791,STU00315,C601,Visual Arts,Arts,Fall 2024,"June 21, 2026",2026-06-23 01:08:07.658095,76.6,  In Progress,75.0
LMS000675,STU00268,C501,Introduction to Programming,technology,Fall 2025,2025-11-12 11:28:51.684548,2026-03-31 17:04:48.688383,80.7,In Progress,88.6
LMS000816,STU00325,,Algebra II,Math,Fall 2025,2026-02-01 11:36:08.695594,2026-05-25 12:54:28.344950,42.6,In Progress,90.0
LMS002359,STU00943,C201,Biology,Science,Fall 2023,2024-10-25 00:24:49.177524,2025-11-20 05:50:18.808557,100.0,  Completed,95.4
LMS000916,STU00369,C402,Government & Civics,Social Studies,Fall 2025,9/11/2025,2025-10-03 01:45:41.436000,85.4,In Progress,98.1
LMS001813,STU00724,C401,World History,Social Studies,Fall 2024,2024-11-29 02:00:12.097509,2025-06-08 18:38:32.783260,0.1,Dropped,
LMS000304,STU00125,C501,Introduction to Programming,Technology,Spring 2025,2025-11-30 21:11:19.628176,2026-01-07 22:26:44.889375,100.0,Completed,56.0
LMS002013,STU00805,C602,Music Theory,Arts,,2025-02-10 07:55:15.100906,2026-02-12 04:52:23.279738,100.0,Completed,95.6
LMS002410,STU00964,C102,Geometry,Math,Fall 2025,2024-10-03 17:52:48.939692,2026-02-03 00:07:00.476079,100.0,Completed,96.9
LMS000607,STU00239,C102,Geometry,Math,Spring 2024,2026-06-20 18:36:31.900372,2026-07-15 09:47:58.548653,71.5,In Progress,76.5
LMS000593,STU00234,C401,World History,Social Studies,Fall 2025,2024-11-07 08:31:30.297062,2026-07-17 09:01:33.423383,100.0,Completed,57.7
LMS001729,STU690,C102,Geometry,Math,Fall 2025,2026-03-25 05:57:04.434438,2026-05-03 08:23:44.806705,100.0,Completed,99.6
LMS000957,STU00386,C302,Creative Writing,English,Fall 2025,2025-07-25 22:50:29.900296,2025-10-10 10:37:02.817393,100.0,Completed,74.6
LMS000200,STU00080,C801,Spanish I,Languages,Fall 2025,2026-03-24 03:24:41.951378,31-May-2026,100.0,Completed,52.7
LMS000383,STU00153,C201,Biology,Science,Spring 2025,2024-09-05 06:01:32.006239,2025-09-04 03:12:20.548774,100.0,Completed,63.5
LMS001245,STU00504,C801,Spanish I,languages,Fall 2024,2026-06-18 02:49:33.210104,2026-07-02 07:04:16.662639,86.9,,68.0
LMS002131,STU00853,C501,Introduction to Programming,technology,Fall 2023,2025-12-23 08:40:17.086275,"April 29, 2026",100.0,  Completed,84.2
LMS001883,STU00750,C401,World History,Social Studies,Fall 2024,7/28/2024,2026-06-22 20:34:37.244184,70.8,In Progress,97.5
LMS000260,STU00108,C302,Creative Writing,ENGLISH,Fall 2023,2026-05-10 14:33:39.065678,2026-07-12 15:49:02.616116,75.6,In Progress,71.1
LMS002372,STU00947,C402,Government & Civics,Social Studies,Fall 2025,2026-06-25 03:48:08.401896,2026-07-08 09:21:15.491929,100.0,Completed,93.5
LMS000699,STU00279,C101,Algebra I,Math,Spring 2024,2024-11-29 14:24:24.504108,2026-04-01 10:22:56.664738,80.0,In Progress,83.0
LMS002355,STU00942,C203,Physics,Science,Fall 2025,2025-07-01 06:16:21.527319,2026-05-28 15:39:49.191981,100.0,,59.9
LMS002125,STU00851,C101,Algebra I,Math,Fall 2024,2026-04-14 18:08:42.293565,2026-06-14 01:00:48.847482,66.8,In Progress,73.0
LMS001447,STU00577,C802,French I,Languages,Spring 2025,2026-03-25 03:23:32.996718,2026-06-02 16:19:30.865831,80.9,In Progress,91.9
LMS000818,STU00326,C502,Web Development,Technology,Spring 2025,10-Apr-2026,2026-05-08 22:57:34.278801,74.6,In Progress,91.0
LMS002345,STU00936,C701,Physical Education,PE,Fall 2025,2025-02-10 18:44:30.720575,2025-12-12 21:13:39.179790,73.4,In Progress,76.8
LMS002469,STU00987,C101,,Math,Spring 2024,,19-Mar-2026,100.0,Completed,96.9
LMS000967,STU00390,C103,Algebra II  ,Math,Fall 2023,2025-02-21 08:41:03.772180,2026-04-06 10:32:51.107145,86.7,In Progress,61.5
LMS002121,STU00850,C203,Physics,Science,Fall 2025,24-Mar-2025,2026-05-31 19:38:39.427131,100.0,Completed,52.7
LMS001085,STU00442,C401,World History,Social Studies,Spring 2025,2024-08-13 07:18:13.371720,2024-09-12 21:18:03.863181,77.1,In Progress,93.4
LMS001132,STU00460,C102,Geometry,Math,Spring 2024,2026-02-22 10:55:38.905687,2026-05-13 00:34:47.906990,100.0,Completed,99.7
LMS000180,STU00072,C203,Physics,Science,Fall 2024,2025-02-20 11:06:29.124379,,100.0,Completed,
LMS000061,STU00026,C601,Visual Arts,Arts,Fall 2024,25/8/2025,2026-01-11 23:20:30.840666,94.1,In Progress,82.9
LMS000880,STU00353,C201,Biology,Science,Fall 2025,2025-01-26 08:06:10.327440,46148,89.0,In Progress,90.0
LMS002258,STU00903,C802,French I,Languages,Fall 2025,2024-10-11 03:34:38.236647,6/12/2026,71.1,In Progress,56.2
LMS002011,STU00805,C801,Spanish I,Languages,Fall 2023,2024-11-01 16:37:33.386781,2025-02-18 10:52:50.180972,100.0,Completed,52.5
LMS001289,STU00519,C701,Physical Education,PE,Fall 2024,2024-10-04 16:10:39.020801,2026-03-04 01:11:09.252238,91.3,,57.0
LMS002352,STU00940,C602,Music Theory,Arts,Spring 2025,29-Oct-2025,2025-11-11 10:32:17.528316,91.8,In Progress,97.1
LMS000693,STU00277,C202,Chemistry,Science,Spring 2025,2025-08-05 03:03:01.688610,2025-12-30 21:59:31.888630,100.0,Completed,77.1
LMS001076,STU00435,C402,Government & Civics,Social Studies,Spring 2025,2025-04-07 22:31:50.548323,17-Feb-2026,100.0,Completed,
LMS001021,413,C701,Physical Education,PE,Fall 2023,2026-01-21 08:50:58.899016,2026-03-24 05:23:23.236758,72.9,IN PROGRESS,97.1
LMS000038,STU00016,C102,Geometry,Math,Spring 2024,8/1/2024,2025-06-04 07:13:39.517801,100.0,Completed,86.8
LMS001607,STU00641,C701,Physical Education,PE,Spring 2024,2024-10-26 23:46:50.647255,2025-08-04 19:30:08.564872,100.0,Completed,66.4
LMS002388,STU00955,C701,Physical Education,PE,Spring 2025,2025-11-21 05:10:45.054492,2025-12-04 06:50:13.395386,44.9,In Progress,79.4
LMS000746,STU00296,C701,PHYSICAL EDUCATION,PE,Fall 2025,45723,2025-05-29 07:01:59.342582,71.8,In Progress  ,70.5
LMS001061,STU00430,C401,world history,Social Studies,Fall 2025,14/3/2026,2026-04-29 07:36:41.351460,75.7,In Progress,66.6
LMS001977,STU00791,C101,algebra i,Math,Fall 2024,2026-04-04 15:41:40.807045,2026-07-17 05:06:29.286676,100.0,Completed,80.0
LMS000598,STU01099,C301,English Literature,English,Fall 2025,2025-04-12 06:04:27.211376,12/18/2025,100.0,Completed  ,69.7
LMS000598,STU00235,C301,English Literature,English,Fall 2025,2025-04-12 06:04:27.211376,12/18/2025,100.0,Completed  ,69.7
LMS001736,STU00693,C201,Biology,Science,Fall 2025,,10-Jul-2026,100.0,Completed,62.5
LMS001256,STU00508,C101,Algebra I,Math,Spring 2025,2024-09-05 23:07:37.160309,2025-12-07 02:18:59.207553,49.8,In Progress,70.8
LMS000231,STU00095,C101,Algebra I,Math,Fall 2024,2025-03-11 15:34:01.386556,12-May-2026,91.5,In Progress,68.9
LMS001262,STU-00511,C302,Creative Writing,English,Spring 2024,2026-03-23 03:15:18.983814,2026-06-11 14:04:19.524229,100.0,Completed,73.7
LMS001259,STU00509,C802,French I,Languages,Spring 2024,2025-12-03 00:40:23.515093,2026-03-05 18:07:19.845900,74.6,In Progress,85.8
LMS002246,STU00899,C501,Introduction to Programming  ,Technology,Fall 2023,2025-08-22 15:45:42.944634,2025-10-21 00:08:19.111519,41.0,In Progress,94.7
LMS002203,STU00883,C101,Algebra I,Math,Fall 2023,2024-11-14 09:52:02.861041,2026-02-19 21:29:45.644261,93.2,In Progress,76.4
,STU00602,C103,Algebra II,,Spring 2025,2026-04-15 19:22:41.798611,2026-06-16 02:31:23.812307,100.0,,74.2
LMS000846,STU00338,C201,Biology,Science,Fall 2024,17-Aug-2025,2025-12-24 14:48:53.093181,46.9,In Progress,70.0
LMS000369,STU00147,C402,Government & Civics,Social Studies  ,Fall 2024,2025-01-15 07:06:48.656938,46126,100.0,Completed,83.2
LMS000854,STU00342,C402,Government & Civics,Social Studies,Spring 2024,3/4/2026,2026-05-14 06:26:36.918109,20.0,Dropped,
LMS002430,STU00973,C602,Music Theory,Arts,Fall 2025,2025-12-07 15:45:05.443912,2026-06-19 04:14:34.716989,100.0,Completed,51.8
LMS000075,stu00031,C402,Government & Civics,Social Studies,Spring 2024,2026-06-12 05:25:53.098186,27/7/2026,100.0,COMPLETED,57.1
LMS000162,S0066,C601,Visual Arts,  Arts,Spring 2025,2025-07-24 17:33:14.311888,2026-03-06 21:36:38.844451,100.0,Completed,57.3
,STU00182,C701,Physical Education,PE,Fall 2023,2025-06-16 09:27:29.258734,2025-09-08 18:16:55.386087,93.8,In Progress,81.9
LMS000614,STU00241,C602,Music Theory,Arts,Spring 2025,2025-08-11 16:15:34.718739,2025-12-28 16:17:10.810848,76.1,In Progress,78.9
LMS001113,STU00453,C202,Chemistry,Science,Spring 2024,2024-10-10 04:13:46.469254,2024-12-24 22:24:58.372216,77.2,In Progress  ,90.6
LMS001769,STU00706,C201,Biology,Science,Fall 2023,2025-01-17 08:25:26.948139,,91.7,In Progress,64.6
LMS002248,STU00900,C102,Geometry,MATH,Fall 2025,2025-04-12 19:43:58.505488,2025-07-23 19:06:01.868549,87.6,In Progress,96.3
LMS001735,STU00692,C301,English  Literature,english,Spring 2024,2025-01-26 13:54:22.349797,2025-03-19 20:53:02.984172,100.0,Completed,73.2
LMS001048,STU00426,C301,,English,Fall 2024,2024-09-18 05:43:06.850896,2025-09-28 23:05:16.993285,100.0,Completed,94.8
LMS002109,STU00845,C801,Spanish I,Languages,Fall 2025,2026-06-18 08:56:13.339661,2026-06-22 11:18:08.928702,86.0,In Progress,78.8
LMS001743,STU00695,C401,World History,Social Studies,Fall 2025,,2026-02-08 22:47:18.341844,100.0,Completed,62.0
LMS002490,STU00995,C103,Algebra II  ,Math,Fall 2025,2024-11-05 11:28:27.670865,2025-01-30 03:44:18.360851,82.8,In Progress,62.0
LMS000721,STU00289,C601,Visual Arts,Arts,Fall 2025,2025-09-26 12:52:53.475138,2026-02-06 23:59:02.268370,73.6,In Progress,59.5
,STU00841,C602,Music Theory,Arts,Fall 2025,2026-04-13 11:20:25.939049,2026-06-14 07:20:47.750245,100.0,Completed,79.9
LMS000479,STU00191,C101,Algebra I,Math,Fall 2025,2026-01-11 07:05:55.910434,2026-03-08 06:41:20.453302,94.1,In Progress  ,68.6
LMS001213,STU00494,C602,Music Theory,Arts,Fall 2023,2025-05-13 06:07:36.538293,2026-07-22 05:20:37.391064,71.5,In Progress,62.7
LMS001617,STU00646,C802,French I,,Spring 2025,"September 06, 2024",2025-11-30 00:06:53.267646,100.0,Completed,
LMS002315,STU00927,C401,world history,Social Studies,Spring 2025,2026-01-19 16:14:50.792660,2026-03-29 01:13:13.496690,94.3,in progress,76.5
LMS001597,STU00638,C602,Music Theory,Arts,Spring 2025,2025-03-17 02:44:29.667947,2025-12-08 21:03:30.198553,100.0,Completed,50.9
LMS002285,STU00913,C302,Creative Writing,English,Fall 2023,2026-05-06 20:04:00.986305,2026-07-17 04:52:45.955920,87.5,In Progress,82.5
LMS002091,STU00836,C602,Music Theory,Arts,Fall 2024,2024-08-24 07:40:59.464257,10/14/2025,70.0,In Progress,79.9
LMS001182,STU00482,C301,English Literature,English,Spring 2025,2026-02-07 22:54:34.966314,2026-03-26 14:46:21.554826,75.6,In Progress,88.2
LMS001238,STU00503,C203,Physics,Science,Fall 2025,2024-09-26 08:15:06.074609,2025-06-11 07:51:33.063843,100.0,Completed,62.3
LMS001857,STU00739,C202,Chemistry,Science,Fall 2025,2025-02-06 06:46:16.142737,2026-01-17 08:46:13.181401,83.5,In Progress,93.6
LMS000884,STU00355,C701,Physical Education,,Fall 2024,2026-04-23 15:50:01.298451,46191,100.0,Completed,77.7
LMS000947,STU00381,C401,World History,Social Studies,Spring 2025,"January 12, 2026","February 10, 2026",100.0,Completed,56.1
LMS000547,STU00215,C601,Visual Arts,Arts,Spring 2024,2025-02-13 09:58:47.674565,2025-02-17 01:04:33.839702,89.3,In Progress,61.0
LMS002177,874,C102,Geometry,Math,Spring 2024,2025-08-03 23:08:09.816506,2026-06-23 02:14:12.663218,100.0,Completed,92.5
LMS001752,STU00698,C701,Physical Education,PE,Fall 2025,2024-09-09 03:46:45.246450,2025-04-27 18:08:53.192463,100.0,Completed,98.4
LMS001078,STU00436,C102,Geometry,Math,Spring 2025,2026-02-16 08:36:08.899357,2026-04-05 08:02:23.408165,91.2,In Progress,84.0
,STU00320,C502,Web Development,Technology,Fall 2024,2024-10-23 16:52:27.957823,2025-04-30 11:28:52.839781,87.2,In Progress,78.2
,STU00873,C401,World History,Social Studies,Spring 2025,2025-05-25 20:44:40.498467,"July 23, 2025",100.0,Completed,76.5
LMS001444,STU00576,C103,Algebra II,Math,Fall 2025,2026-05-28 00:27:20.204446,2026-07-23 15:23:36.662882,100.0,Completed,86.7
LMS000136,STU00056,C201,Biology,Science,Fall 2024,2026-06-13 19:12:05.439406,2026-07-01 14:32:55.423911,88.9,In Progress,72.7
LMS002180,STU00875,C201,Biology,Science,Fall 2023,"February 20, 2026",2026-07-22 23:05:36.984820,79.4,In Progress,62.7
,STU00666,C201,Biology,Science,Fall 2023,2026-03-26 00:45:48.632035,2026-05-29 08:31:44.052850,89.1,In Progress,
LMS000486,STU00194,C801,Spanish I,Languages,Fall 2025,2025-02-15 18:03:59.579893,2026-07-26 20:38:57.883279,100.0,Completed,68.8
LMS001904,STU00760,C601,Visual Arts,Arts,Fall 2025,2026-06-25 09:32:34.582559,2026-07-27 21:46:57.583706,54.4,In Progress,93.3
LMS001733,STU00691,C301,English Literature,English,Fall 2024,2025-08-29 01:47:59.758797,,81.3,In Progress,65.8
LMS001683,STU00673,C401,World History,Social Studies,Fall 2024,2026-03-04 00:00:13.135223,25-Apr-2026,100.0,Completed,
LMS001121,STU00456,C201,Biology,Science,Fall 2024,2025-06-11 19:32:59.251664,2025-07-30 05:32:36.245911,76.0,In Progress,67.8
LMS001702,stu00680,C302,Creative Writing,English,Fall 2023,"November 20, 2025","July 18, 2026",93.5,In Progress,72.1
LMS002452,STU00981,C501,Introduction to Programming,Technology,Spring 2025,2025-06-02 20:15:54.123442,2025-10-21 13:12:45.709762,47.9,In Progress,57.2
LMS001993,STU00798,C801,Spanish I,Languages,Fall 2025,25-Oct-2025,2026-04-22 18:34:31.389781,100.0,Completed,
LMS000002,STU00001,C502,Web Development,Technology,Fall 2025,2025-07-10 01:55:06.916343,2026-02-15 07:07:10.895793,87.5,In Progress,77.4
LMS000328,STU00134,C802,French I,Languages,Spring 2024,2025-08-09 10:33:30.361485,2025-08-26 12:36:29.719621,,In Progress,79.5
LMS001152,STU00466,C202,Chemistry,Science,Spring 2024,2025-04-05 11:08:34.851368,2025-11-27 12:40:14.282831,82.0,In Progress,82.0
LMS000972,STU00392,C802,French I,Languages,Fall 2023,2026-03-27 02:39:43.099976,2026-04-16 08:53:23.978597,63.8,In Progress,89.3
LMS002227,STU00892,C102,Geometry,Math,Fall 2024,2025-03-08 15:45:13.562151,2025-10-21 23:30:29.770441,76.2,In Progress,69.7
LMS001483,STU00589,C101,Algebra I,Math,Spring 2025,2024-09-30 06:54:59.960467,2024-11-19 20:45:30.230008,89.0,In Progress,93.2
LMS002364,STU00945,C501,Introduction  to  Programming,Technology  ,Fall 2025,2024-08-13 16:17:30.526847,2026-06-08 04:10:31.238144,49.5,In Progress,63.0
LMS001900,STU00757,C501,Introduction to Programming,Technology  ,Fall 2024,2025-01-10 06:12:32.707112,2026-02-25 09:57:26.566167,100.0,Completed,79.3
,STU00350,C801,SPANISH I,Languages,Fall 2025,2025-05-18 17:37:34.238271,2025-12-13 23:36:44.187350,100.0,Completed,70.7
LMS000204,STU00082,C801,Spanish I,Languages,Fall 2025,2024-07-30 23:30:08.552385,10-Jul-2025,86.8,In Progress,87.5
LMS000014,STU00006,C701,Physical Education,PE,Fall 2023,2024-08-14 09:51:53.206941,2026-04-07 23:28:40.710833,94.8,In Progress,67.3
LMS000203,STU00082,C103,Algebra II,Math,Fall 2025,2025-05-17 16:46:25.603731,2025-07-14 04:53:52.666853,100.0,Completed,52.3
LMS002272,STU-00908,C502,Web Development,Technology,Fall 2025,2026-07-06 18:07:27.771609,46226,77.2,In Progress,93.9
LMS000982,STU00398,C302,Creative Writing,English,Spring 2025,2024-12-07 10:13:54.999930,2025-08-11 17:12:34.317888,86.8,In Progress,75.9
LMS001170,STU00473,C202,Chemistry,Science,Fall 2023,08-Sep-2024,2025-05-12 14:50:43.495450,72.2,In Progress,67.8
LMS000308,STU00127,C101,Algebra I,Math,Fall 2023,2025-04-19 06:06:01.348732,,100.0,Completed,81.8
LMS001843,STU00735,C203,physics,Science,Fall 2024,2025-12-25 20:40:50.027263,2026-05-13 19:50:00.826655,100.0,Completed,64.5
LMS000796,STU00317,,Music Theory,Arts,Spring 2024,"July 19, 2026",46229,91.5,In Progress,
LMS001324,STU00531,C602,Music Theory,Arts,Fall 2024,2024-11-12 11:02:35.286996,"March 14, 2025",82.4,In Progress,78.1
LMS001033,STU00420,C103,Algebra II,Math,Spring 2025,2026-02-19 13:38:06.440570,2026-03-07 02:04:51.962898,100.0,completed,91.0
LMS000549,STU00215,C301,English Literature,English,Fall 2025,2025-08-12 10:08:17.684231,"May 22, 2026",100.0,Completed,63.9
LMS001503,STU00596,C202,Chemistry,Science,Spring 2025,12/11/2024,"May 28, 2025",64.6,In Progress,98.0
LMS000836,STU00335,C701,Physical Education,PE,Fall 2023,"September 24, 2025",2025-11-24 09:31:44.950284,57.4,In Progress,82.8
LMS001482,STU00589,C701,PHYSICAL EDUCATION,PE,Fall 2024,2025-12-17 04:31:25.886857,2026-01-14 13:34:41.371884,,In Progress,64.4
LMS000498,STU00198,C401,World History,Social Studies,Fall 2024,19/11/2024,2025-10-22 23:37:25.559467,92.8,In Progress,73.8
LMS001760,STU00702,C102,,Math,Spring 2025,2025-01-11 05:15:08.887559,2026-03-23 20:06:23.153889,84.8,,72.1
LMS001568,625,C401,World History,Social Studies,Fall 2025,2025-07-30 20:55:23.626595,2026-07-20 14:23:41.780797,100.0,Completed,81.6
LMS001193,STU00486,C402,Government & Civics,Social Studies,Fall 2024,,2026-07-26 10:32:18.095625,100.0,Completed,67.7
LMS000929,STU00374,C502,Web Development,Technology,Spring 2025,2024-12-27 01:03:46.681511,2025-11-27 18:16:11.648896,100.0,Completed,60.2
LMS000142,STU00058,C103,Algebra II,Math,Fall 2025,2024-09-19 15:46:28.510418,2025-05-29 22:26:38.473262,89.8,In Progress,80.9
LMS001887,STU00753,,Physics,Science,Fall 2023,2024-10-10 12:45:15.536000,2025-02-09 05:21:18.446181,100.0,,87.6
LMS000303,STU00124,C201,Biology,Science,Fall 2023,2026-07-24 01:37:24.996848,2026-07-27 10:54:35.181878,80.2,in progress,65.2
LMS001122,STU00456,C802,french i,Languages,,21-Dec-2025,2026-05-15 22:12:09.742266,50.9,,56.2
LMS000881,STU00354,C402,Government & Civics,Social Studies,Spring 2024,2025-08-11 04:06:41.386376,2025-09-25 08:54:47.908364,100.0,Completed,92.9
LMS000074,STU00031,C601,Visual Arts,Arts,Spring 2024,45534,2025-07-28 06:11:28.841640,100.0,Completed,97.5
LMS002128,STU00852,C203,Physics,Science  ,Fall 2024,29/12/2025,07-Jul-2026,28.9,Dropped,
LMS002098,STU00839,C102,Geometry,Math,Fall 2024,2025-06-21 12:36:00.761421,24/1/2026,43.9,  In Progress,94.7
LMS000705,STU00281,C501,Introduction to Programming,Technology,Fall 2023,2024-10-04 05:04:21.036308,2025-08-16 23:39:22.359169,100.0,Completed,80.5
LMS002119,STU00849,C202,Chemistry,Science,Spring 2024,2025-04-22 14:22:31.787804,2026-06-06 09:47:50.441716,58.2,In Progress,53.8
LMS000639,STU00252,C103,Algebra II,Math,Fall 2023,2025-11-17 09:20:23.759708,46008,100.0,Completed,56.4
LMS001730,STU00690,C602,Music Theory,Arts,Fall 2025,,2026-05-17 11:53:45.623965,53.0,In Progress,74.2
LMS001673,STU00668,C501,Introduction to Programming,Technology,Fall 2024,2026-06-03 00:27:44.855805,2026-07-22 20:09:00.563042,75.6,In Progress,67.3
LMS000765,STU00305,C701,Physical Education,PE,Fall 2023,2024-10-04 12:35:48.224433,2025-10-13 03:08:08.542430,26.3,Dropped,
LMS001034,STU00421,C401,World History,Social Studies,Fall 2025,2025-12-07 21:39:22.924875,2026-07-11 03:53:03.974032,57.2,In Progress,88.2
LMS002117,STU00848,C502,Web Development,Technology,Spring 2024,45999,2026-01-25 03:10:25.926302,100.0,Completed,51.6
LMS000122,STU00050,C301,English Literature,English,Spring 2025,2025-01-20 19:27:51.431835,2025-07-15 23:00:34.155047,39.9,Dropped,
LMS000851,STU00342,C103,,Math,Spring 2024,2026-06-13 06:01:39.885631,2026-06-24 12:33:13.268022,89.6,In Progress,85.5
LMS001120,STU00456,C502,Web Development,Technology,Spring 2024,2026-03-22 22:38:02.424449,46204,100.0,Completed,52.8
LMS000366,STU00146,C601,Visual Arts,Arts,Spring 2024,,20/6/2025,94.6,In Progress,73.5
LMS001652,STU00659,C202,Chemistry,Science,Fall 2024,2026-05-22 08:03:18.044860,2026-06-08 11:04:16.251920,79.3,In Progress,53.4
LMS001176,STU00479,C302,Creative Writing,English,Fall 2023,2026-03-31 12:07:58.926858,,100.0,Completed,85.0
LMS001836,STU00731,C301,English Literature,English,Spring 2025,2026-02-17 09:49:00.667834,2026-04-24 13:12:47.690636,17.4,Dropped,
LMS001793,STU00715,C401,World History,Social Studies,Spring 2025,2025-07-20 03:47:57.058703,2026-05-22 04:15:18.701361,100.0,Completed,
LMS000599,STU00235,C101,Algebra I,Math,Spring 2025,2026-07-10 00:21:21.640031,2026-07-12 13:46:57.310050,87.3,In Progress,55.1
LMS000722,STU00289,C402,Government & Civics,Social Studies,Fall 2023,2026-04-26 07:50:00.158300,2026-06-22 18:44:14.901214,62.8,In Progress,84.2
LMS001159,S0469,C103,Algebra II,Math  ,Spring 2025,45718,03-Jun-2026,52.3,In Progress,74.5
LMS001987,STU00794,C103,Algebra II,Math,Fall 2025,2025-01-27 16:22:01.448655,2025-06-04 10:59:39.521312,76.1,In Progress,51.4
LMS000924,STU00372,C103,Algebra II,Math,Fall 2024,2025-09-25 16:17:32.241906,2026-01-17 00:39:43.567415,92.7,IN PROGRESS,60.3
LMS000694,STU00278,C101,Algebra I,Math,Spring 2025,2025-08-10 15:05:46.830473,2026-04-24 05:11:09.016064,87.4,In Progress,50.2
LMS001778,STU00710,C502,Web Development,Technology,Spring 2024,45819,2026-02-19 16:08:49.755206,80.3,In Progress,54.8
LMS000921,STU00371,C601,Visual Arts,Arts,Fall 2023,2025-05-28 01:33:40.885367,2025-07-11 22:00:34.050974,94.8,In Progress,73.6
LMS001763,STU00702,C602,Music Theory,Arts,Spring 2025,2026-04-09 21:19:53.444268,2026-04-19 18:51:45.871576,100.0,Completed,93.7
LMS001620,STU647,C102,Geometry,Math,Fall 2023,45935,,71.7,In Progress,96.5
LMS001788,STU00714,C201,Biology,Science,Spring 2024,2025-04-01 23:53:34.781149,2025-05-02 23:24:06.891201,89.8,In Progress,79.3
LMS002209,STU00884,C301,English Literature,English,Fall 2023,"December 04, 2025",2026-07-14 11:52:51.937505,100.0,Completed,84.0
LMS002376,STU00949,C402,Government & Civics,Social Studies,Fall 2023,2025-07-30 00:33:23.491306,2026-04-20 17:46:24.516728,84.1,In Progress,68.1
LMS002314,STU00927,C602,Music Theory,Arts,Spring 2024,2024-08-31 11:47:27.437226,2026-07-28 04:19:42.243757,82.7,In Progress,71.3
,STU00571,C801,Spanish I  ,Languages,Fall 2025,"August 08, 2025",19-Oct-2025,41.2,In Progress,91.3
LMS001695,STU00678,C601,Visual Arts,Arts,Fall 2025,2025-10-30 05:11:55.549948,04-May-2026,9.8,Dropped,
LMS001974,STU790,C501,Introduction  to  Programming,Technology,Spring 2025,2026-03-28 18:37:12.229006,21/6/2026,100.0,Completed,72.8
LMS000845,STU00338,C202,Chemistry,Science,Spring 2025,2025-08-07 04:08:37.721861,2025-08-25 13:22:16.335223,100.0,Completed,97.2
LMS000460,STU-00183,C101,Algebra  I,Math,Spring 2025,02-Mar-2026,2026-04-20 23:34:59.787037,100.0,Completed,66.3
LMS001628,STU00650,C601,Visual Arts,Arts,Fall 2023,8/6/2024,2025-11-13 12:07:03.930532,80.6,In Progress,64.1
LMS001795,STU00716,C202,chemistry,Science,Fall 2025,2025-09-02 13:14:39.632190,2026-01-11 02:11:15.689105,,In Progress,77.9
LMS000865,STU00346,C201,Biology,Science,Fall 2024,2025-02-05 03:32:12.477442,2026-02-20 11:32:40.384007,100.0,Completed,73.8
LMS001687,STU00675,C301,English Literature,English,Fall 2023,"September 03, 2024",2025-01-17 18:42:05.806534,57.4,In Progress,73.0
LMS001685,STU00673,C201,,Science,Fall 2024,2025-08-20 10:50:50.474697,,0.7,Dropped,
LMS000926,STU00373,C401,World History,Social Studies,Spring 2025,2026-07-22 18:40:10.587974,2026-07-24 06:36:38.249957,63.4,In Progress,73.5
LMS001817,STU00725,C203,Physics,Science,Spring 2024,2026-02-18 05:43:54.629616,46197,84.7,In Progress,91.1
LMS000551,STU00216,C501,Introduction to Programming,Technology,Spring 2025,2/25/2025,2025-03-27 06:56:51.413169,81.3,In Progress,70.2
LMS001529,STU00607,C201,Biology,Science,Spring 2025,2024-09-07 11:31:20.478488,2025-11-25 17:59:44.464154,77.3,,95.3
LMS000033,STU-00013,C701,Physical Education,PE,Fall 2025,2025-07-21 03:45:07.213150,2/15/2026,86.0,In Progress,69.1
LMS002133,STU00854,C801,Spanish I,Languages,Spring 2025,2024-10-26 16:17:52.714131,2026-07-02 01:28:37.492260,100.0,Completed,55.0
LMS001954,STU00782,C801,Spanish I,  Languages,Fall 2023,2025-01-05 20:25:29.389410,2026-07-19 00:35:58.250854,70.0,In Progress,64.5
LMS002329,STU00931,C601,Visual Arts,Arts,Spring 2024,2026-07-07 15:14:02.289415,2026-07-26 14:34:08.861140,94.9,In Progress,71.1
LMS001420,STU00567,C801,Spanish I,Languages,Spring 2024,2026-06-23 03:20:41.465080,2026-07-27 20:44:59.153600,61.3,In Progress,81.6
LMS000264,STU00109,C802,French I,Languages,Fall 2025,2025-01-25 10:59:29.266183,2026-06-16 02:41:31.063139,92.2,In Progress,74.8
LMS000178,S0072,C302,Creative Writing,English,Spring 2025,2025-03-07 14:16:50.453621,2026-02-01 15:44:43.458275,100.0,Completed,73.9
LMS002208,STU00884,C201,Biology,Science,Fall 2024,2024-12-06 12:41:28.696737,4/5/2025,71.4,In Progress,91.6
LMS001054,STU00428,C801,Spanish I,Languages,Fall 2025,2025-11-08 08:51:45.747144,2025-12-09 12:46:25.199179,100.0,Completed,91.5
LMS000948,STU00381,C801,Spanish I,Languages,Fall 2023,2025-09-13 22:04:02.051102,2026-03-20 06:06:02.844443,72.9,,99.3
LMS000058,STU00026,C201,Biology,SCIENCE,Fall 2025,2024-09-05 11:53:49.099906,2024-12-15 20:04:38.823823,87.3,In Progress,75.2
LMS002178,STU00874,C401,World History,Social Studies,Spring 2025,45905,2026-06-21 08:15:58.930265,87.1,In Progress,90.2
LMS001572,STU00626,C203,Physics,Science,,2025-07-09 08:18:56.610895,"December 13, 2025",78.1,In  Progress,81.1
LMS002290,STU00915,C801,Spanish I,Languages,Spring 2025,46057,2026-05-14 22:50:49.873060,17.0,Dropped,
LMS000371,STU00148,C401,World History,Social Studies,Fall 2023,2024-11-06 18:13:06.091486,2025-10-13 06:46:29.210703,87.4,In Progress,58.6
LMS002340,STU00935,C201,Biology,Science,,2025-07-27 11:58:59.690206,46204,80.7,In Progress,65.8
LMS001342,STU00539,C601,Visual  Arts,Arts,Fall 2024,2024-09-12 14:26:23.771349,2026-06-05 08:10:30.284127,100.0,Completed,76.8
LMS000248,STU00103,C602,Music Theory,Arts,,2025-01-30 16:19:05.327401,2025-12-25 14:02:27.926042,100.0,Completed,89.5
LMS000029,STU00012,C601,,Arts,Fall 2023,9/24/2025,2025-11-18 00:51:55.822813,100.0,Completed,51.4
LMS001421,STU00567,C601,Visual Arts,Arts,Spring 2024,2025-09-23 09:54:04.321692,2026-03-25 01:50:36.740664,100.0,Completed,76.2
LMS000840,STU00336,C201,Biology,Science,Spring 2024,46102,2026-04-18 03:42:26.997998,100.0,Completed,57.1
LMS000550,216,C602,Music Theory,Arts,Spring 2025,2026-03-10 07:35:40.175493,2026-07-08 03:01:56.430338,87.3,In Progress,76.1
LMS002035,STU00813,C301,English Literature,ENGLISH,Fall 2024,2025-10-24 10:53:54.165750,46126,86.4,In Progress,76.5
LMS000165,STU00067,C601,Visual Arts,Arts,Fall 2025,2025-01-29 23:01:38.124405,2025-05-03 22:48:24.409480,72.5,In Progress,77.3
LMS001766,STU00704,C103,Algebra II,Math,Fall 2023,2025-01-20 19:36:50.329618,2025-07-04 15:15:25.636212,85.4,in progress,58.4
LMS000253,S0105,C101,Algebra I,Math,Fall 2023,"May 12, 2026",2026-06-16 08:19:45.347644,76.2,In Progress,78.6
LMS000430,STU00171,C801,Spanish I,Languages,Fall 2025,2024-08-12 16:09:06.887375,18-Oct-2024,79.6,In Progress,87.8
LMS001634,STU00652,C401,World History,social studies,Fall 2025,2025-01-09 16:36:53.992246,2025-04-26 10:09:13.042187,,Completed,
LMS000025,STU00011,C102,Geometry,Math,Spring 2024,2026-02-04 20:17:59.400514,2026-04-15 14:46:33.632664,73.3,In Progress,77.8
LMS001239,STU00503,C202,Chemistry,Science,Fall 2024,2025-10-29 05:20:04.396495,3/4/2026,100.0,Completed,90.1
LMS000484,STU00193,C202,Chemistry,Science,Fall 2025,2025-09-17 17:41:22.160629,2026-02-16 15:10:49.292306,100.0,,61.8
LMS001590,STU00635,C601,Visual Arts,Arts,Spring 2025,2025-06-19 18:02:25.561517,2025-11-26 23:55:13.509251,69.4,In Progress,85.2
LMS001741,STU00694,C401,World History,Social Studies,Fall 2025,2026-05-03 19:41:01.037987,2026-05-18 16:16:14.029180,100.0,Completed,69.6
LMS002327,STU00930,C201,Biology,Science,Fall 2023,2026-06-10 18:42:59.545874,2026-07-24 09:07:46.921910,100.0,Completed,62.3
LMS000763,303,C101,Algebra I,Math,Fall 2025,06-Aug-2024,2024-11-30 21:16:10.560912,86.7,In Progress,96.1
LMS001252,STU00507,C202,Chemistry,Science,Fall 2024,2026-02-02 17:58:10.706739,2026-02-14 11:49:57.655773,100.0,Completed,51.5
LMS001896,S0756,,Government & Civics,SOCIAL STUDIES,Fall 2025,2025-04-29 12:20:52.533426,2026-01-08 14:56:27.210063,73.3,In Progress,57.5
LMS000576,STU00227,C203,Physics,Science,Spring 2025,2024-09-14 04:41:53.836381,,38.5,Dropped,
LMS000844,STU00338,C301,English Literature,English,Fall 2023,2025-11-15 02:25:59.365177,2026-03-03 13:05:15.150044,,In Progress,75.9
LMS000633,STU00248,C103,Algebra II,,Spring 2024,2026-05-06 07:00:24.560646,2026-07-13 15:23:47.308994,100.0,Completed,
LMS000658,STU00260,C801,Spanish I,Languages,Fall 2023,2024-09-14 06:22:12.584661,2025-10-17 00:32:52.583247,100.0,Completed,65.5
LMS000673,STU00267,C602,Music Theory,Arts,Fall 2023,2025-08-31 12:48:25.203991,2026-05-25 13:28:14.332243,77.1,In Progress,80.6
LMS001957,STU00783,,,Science,Fall 2025,"July 06, 2025",2026-06-04 12:11:26.514915,100.0,Completed,74.3
LMS000340,STU00137,C301,English Literature,English,Spring 2024,2024-08-17 21:00:03.373661,2025-05-03 16:50:59.371078,82.2,In Progress,72.9
LMS000888,STU00357,C502,Web Development,Technology,Fall 2023,18/1/2026,2026-06-12 02:29:58.556792,70.3,In Progress,87.3
LMS000126,STU00051,C701,Physical Education,PE,Spring 2025,2025-01-30 17:10:35.910449,"March 16, 2026",100.0,Completed,79.5
LMS001284,STU00518,C502,Web Development,Technology,Spring 2025,2025-07-21 09:54:00.817132,2026-02-12 08:20:26.444748,,Dropped,
LMS000546,STU00214,C301,English Literature,English,Fall 2025,2024-11-30 13:53:18.307625,10-Sep-2025,81.5,,73.9
,STU00294,C102,Geometry,Math,Fall 2025,2025-06-23 17:45:29.726983,"June 25, 2026",100.0,Completed,69.8
LMS000788,STU00314,C602,Music Theory,Arts,Spring 2025,2024-09-22 18:37:23.147764,2024-12-25 18:24:52.063180,86.2,In Progress,55.2
LMS002288,STU00915,C402,Government & Civics,Social Studies,Fall 2025,2024-12-24 23:11:52.499398,2026-05-04 11:17:41.753306,100.0,Completed,91.1
LMS001388,STU00557,C801,Spanish I,Languages,Spring 2025,2024-12-30 20:12:05.551738,45846,100.0,Completed,79.4
,STU00518,C801,Spanish I,LANGUAGES,Spring 2024,2025-04-04 00:23:37.456926,2025-05-08 09:28:37.745248,100.0,Completed,92.2
LMS002494,STU00996,C401,  World History,Social Studies,Fall 2023,2024-09-11 19:46:22.157422,27-Oct-2025,85.5,In Progress,69.4
LMS000201,STU00081,C102,Geometry,Math  ,Spring 2024,2026-07-08 10:12:23.900002,2026-07-24 15:48:30.399020,100.0,Completed,67.4
LMS000505,STU00201,C103,Algebra II,,Spring 2024,,2026-03-20 18:28:25.106418,84.4,In Progress,63.9
LMS001624,STU00648,C501,Introduction to Programming,Technology,Fall 2024,2025-10-28 10:39:31.923532,"April 21, 2026",63.1,In Progress,52.5
LMS002310,STU00925,C202,Chemistry,Science,Spring 2024,2025-01-07 01:24:55.144062,2025-04-24 17:28:30.678138,90.6,IN PROGRESS,61.1
LMS002427,STU00971,C402,Government & Civics,Social Studies,Fall 2024,2025-04-26 16:11:17.316120,2025-05-15 18:33:56.677151,64.8,In Progress,93.1
LMS002416,STU00966,C502,Web Development,Technology,Spring 2025,2026-02-02 08:44:17.105983,2026-04-14 10:44:32.062579,53.7,In Progress,82.1
LMS001964,STU00785,C601,Visual Arts,Arts,Fall 2023,2025-07-30 15:22:57.764721,2025-12-01 13:56:48.893800,82.9,In Progress,69.2
LMS000434,STU-00173,C103,Algebra II,Math,Spring 2025,2025-02-16 13:25:13.128513,2025-04-30 09:48:23.852791,100.0,Completed,
LMS001276,STU00516,,Physical Education,PE,Fall 2023,13/9/2025,2026-04-22 21:41:16.039419,32.6,Dropped,
LMS001056,STU00428,C203,Physics,Science,Fall 2024,"December 28, 2025",2026-01-14 21:58:30.252783,41.5,In Progress,69.8
LMS000108,STU00045,C101,Algebra I,,Fall 2025,2026-05-16 06:04:17.115477,2026-05-22 04:28:53.426382,58.8,In Progress,87.7
LMS002480,STU00991,C802,French I,Languages,Spring 2024,2026-01-25 01:05:09.700689,2026-04-04 02:14:54.215953,73.6,In Progress,100.0
LMS001586,STU00634,C302,Creative Writing,English,Fall 2025,2025-10-03 08:43:02.438058,2025-11-27 04:58:52.626066,70.9,In Progress,69.8
LMS000858,STU00344,C202,Chemistry,Science,Spring 2025,2025-06-01 23:59:48.713400,2025-07-26 07:05:31.445766,79.8,In Progress,76.8
LMS000032,STU00013,C602,Music Theory,Arts,Fall 2025,2026-03-16 04:37:34.381500,18-Jul-2026,100.0,Completed,84.6
LMS001336,STU00537,C103,Algebra II,Math,,,2026-06-06 15:22:47.376521,100.0,Completed,95.0
LMS000717,STU00288,C202,Chemistry,Science,Fall 2025,2025-08-23 04:27:31.644085,20-Jan-2026,100.0,Completed,94.7
LMS001195,STU00486,C301,,,Spring 2025,,2026-01-15 18:05:48.420652,34.1,Dropped,
LMS001104,STU450,,Chemistry,Science,Fall 2025,2024-12-02 15:42:04.717901,2025-03-06 01:54:32.186656,100.0,Completed,79.6
LMS001562,S0621,C103,Algebra II,Math,Spring 2024,4/19/2026,28-Apr-2026,100.0,Completed,
LMS001497,STU00594,C401,World History,Social Studies,Fall 2024,"February 03, 2025",2025-10-14 18:24:56.291342,30.1,Dropped,
LMS001921,STU00767,C601,Visual Arts,Arts,Fall 2024,1/27/2025,2025-12-08 22:47:37.744570,100.0,Completed,68.6
LMS000097,STU00040,C602,Music Theory,  Arts,,2024-11-01 13:36:11.449290,2025-10-20 20:35:41.246034,100.0,Completed,66.2
LMS000192,STU00077,C401,World History,Social Studies,Spring 2025,2024-11-15 08:56:53.709927,2025-10-02 20:45:51.750464,90.9,In  Progress,62.6
LMS002061,STU825,C801,Spanish I,Languages,Fall 2024,2025-04-30 08:22:23.743346,2026-03-02 00:30:31.740277,83.1,In Progress,76.5
LMS001888,STU00753,C601,Visual Arts,Arts,Spring 2024,5/8/2025,"September 14, 2025",68.0,In Progress,66.2
LMS000862,STU00345,C201,Biology,Science,Fall 2023,2025-06-05 08:05:58.268117,2026-02-02 00:03:14.728242,85.7,In Progress,59.4
LMS001918,STU00766,C801,Spanish I,Languages,Fall 2024,13/7/2025,2026-03-27 18:43:07.063063,87.7,In Progress,88.1
LMS001394,STU00559,C301,English Literature,English,Spring 2025,2024-10-11 03:32:12.890513,2025-07-02 09:13:05.312635,100.0,Completed,72.5
LMS000085,STU00035,C102,Geometry,Math,,2025-03-03 08:22:57.337769,2025-11-27 22:26:39.626919,85.8,In Progress,54.4
LMS001063,STU00432,,French I,Languages,Fall 2025,2025-11-19 00:20:30.346398,2026-05-23 20:52:11.592516,79.3,In Progress,59.4
LMS002053,STU00820,C301,English Literature,English,Spring 2024,"August 24, 2025",2025-09-24 19:30:37.926013,68.7,In Progress,64.5
LMS000221,STU00091,C402,Government & Civics,Social Studies,Fall 2024,2026-07-06 21:23:53.634354,7/8/2026,100.0,Completed,63.5
LMS001626,STU00649,C301,English Literature,English  ,Spring 2024,2024-08-09 23:45:16.181061,21-Oct-2024,75.1,In Progress,99.2
LMS000315,STU00130,C801,Spanish I,Languages,Spring 2024,19-Sep-2024,2025-11-11 11:23:35.752666,73.6,In Progress,64.8
LMS000866,STU00346,C202,Chemistry,Science,,2024-12-18 03:08:11.252916,2025-08-12 11:51:08.551150,78.6,In Progress,
LMS001282,STU00517,C301,English Literature,English,Spring 2024,2026-07-07 01:12:20.487934,2026-07-23 02:22:49.715230,85.3,In Progress,54.8
LMS000966,STU00389,C302,Creative Writing,English,Spring 2025,2024-11-01 02:47:23.745493,2025-01-17 19:06:07.482276,72.9,In Progress,91.6
LMS001526,STU00605,C402,  Government & Civics,Social Studies,Fall 2023,2025-02-17 05:15:08.499830,2026-04-26 15:56:58.815697,100.0,Completed,93.5
LMS001464,STU00582,C203,Physics,Science  ,Spring 2025,2025-11-23 13:30:43.183359,2026-07-24 17:15:50.479105,92.3,In Progress,60.9
LMS001373,STU00551,C602,Music Theory,Arts,Fall 2023,2026-06-07 13:27:08.658358,2026-06-26 13:12:23.789183,,In Progress,62.9
LMS000802,STU00319,C802,French I,Languages,Spring 2025,3/7/2025,2026-04-24 22:18:41.705546,92.4,In Progress,74.7
LMS000330,STU00134,C502,  Web Development,Technology,Spring 2025,16/1/2025,2025-08-25 13:44:22.629591,47.2,In Progress,86.8
LMS002385,STU00954,C801,Spanish I,Languages,Spring 2024,6/3/2025,2026-07-20 23:31:16.817491,46.5,In Progress,62.8
LMS002356,STU00942,C202,Chemistry,Science,Spring 2025,2025-09-09 01:28:57.349640,2026-03-26 11:07:57.977606,100.0,Completed,68.7
LMS000382,STU00152,C301,English Literature,English,,2026-03-10 18:13:50.022072,2026-04-23 20:40:41.092967,71.9,In Progress,83.9
LMS000674,STU00268,C401,World History,Social Studies,Fall 2024,10/8/2024,11/6/2026,100.0,Completed,72.6
LMS001449,STU00577,C602,Music Theory,Arts,Spring 2025,2025-07-16 05:16:37.221945,2026-01-11 09:07:50.810554,100.0,Completed,81.0
LMS001319,STU00528,C202,Chemistry,Science,Fall 2025,2025-01-01 06:06:25.754739,2026-01-28 16:33:42.554379,100.0,Completed,98.7
LMS002353,STU00941,C102,Geometry,Math,Fall 2023,2024-12-21 19:51:36.414128,2025-03-16 21:07:00.341788,76.7,IN PROGRESS,82.7
LMS000482,STU192,C301,English Literature,English,Fall 2024,2024-10-12 03:41:36.470120,2026-06-09 10:48:25.417543,100.0,Completed,79.1
LMS002185,STU00877,C501,Introduction to Programming,Technology,Fall 2024,2025-04-12 12:30:52.911507,2025-07-11 06:47:07.213595,100.0,Completed,99.6
LMS001181,STU00481,C501,Introduction to Programming,Technology,Fall 2024,2024-12-30 02:55:57.338170,2025-10-20 18:44:03.108109,21.8,Dropped,
LMS002386,STU00954,C101,Algebra I,Math,Spring 2024,46214,2026-07-21 21:13:08.488986,100.0,Completed,74.8
LMS002122,stu00850,C801,Spanish I,Languages,Fall 2025,2026-07-22 14:31:48.924944,2026-07-24 04:36:39.338483,100.0,Completed,91.1
LMS000659,STU00261,C203,Physics,Science,Fall 2024,2025-03-18 21:04:16.781311,2026-01-11 23:47:10.651150,87.3,In Progress,86.5
LMS000046,STU00019,C402,Government & Civics,Social Studies,,2025-12-11 17:34:08.581699,2026-05-06 23:02:09.533080,90.7,In Progress,67.8
LMS000068,28,C501,Introduction to Programming,Technology,Fall 2023,2024-09-03 16:05:43.099124,"May 24, 2025",86.8,In Progress,88.1
LMS001398,STU00560,C401,World History,Social Studies,Spring 2024,2024-08-23 04:36:59.082428,1/7/2026,72.3,In  Progress,61.8
LMS000934,STU00377,C502,Web Development,Technology,Fall 2025,2025-02-24 09:38:07.787454,25/5/2026,100.0,  Completed,64.6
LMS001831,STU00729,C601,Visual Arts,Arts,Spring 2024,2024-11-28 07:44:05.809376,2026-03-26 12:57:51.822780,77.7,,94.3
LMS000298,STU00120,C401,World History,Social Studies,Spring 2025,2025-08-24 04:17:47.709302,2026-02-27 08:22:00.491758,100.0,Completed,65.6
LMS000670,STU00267,C802,French I,Languages,Spring 2024,2024-10-19 11:31:07.978862,2025-12-02 00:20:45.987221,94.1,In Progress,80.7
LMS000629,STU00247,C701,Physical Education,PE,Spring 2025,2024-10-03 05:33:18.799182,2026-03-25 15:00:49.402124,100.0,Completed,
LMS001155,STU00467,C701,Physical Education,PE,Fall 2025,2026-02-02 16:07:26.262685,2026-03-07 10:34:38.256431,100.0,Completed,56.9
,STU00728,C301,English Literature,English,Spring 2024,2025-01-15 12:09:24.110716,2026-01-17 22:30:01.454813,73.6,In Progress,62.3
LMS002247,STU00899,C401,World History,Social Studies,Spring 2024,2024-11-18 11:11:00.673502,2025-04-23 18:13:39.078822,84.3,In Progress,98.4
LMS000899,STU00362,C302,Creative Writing,English,Fall 2023,"December 10, 2024",2025-08-05 05:38:50.681796,89.4,In Progress,
LMS002383,953,C501,Introduction to Programming,Technology,Fall 2024,3/8/2025,02-Feb-2026,83.8,In Progress,88.4
LMS002176,STU00874,C103,Algebra II,Math,Fall 2024,2025-08-24 23:02:10.032459,16/4/2026,79.2,In Progress,51.1
LMS000651,STU00256,C203,Physics,,Fall 2024,2025-02-02 09:07:47.413009,1/7/2026,60.9,In Progress,89.7
LMS002250,STU00900,C302,Creative Writing,English,Fall 2025,"August 20, 2024",2025-07-28 22:05:43.025659,73.7,In Progress,50.4
LMS000447,STU00178,C302,  Creative Writing,English,Fall 2023,2025-05-11 03:51:23.783967,2025-09-14 04:01:44.706252,76.0,In Progress,56.5
LMS001985,STU00793,C301,,English,Spring 2024,2025-04-15 08:17:23.327627,"May 31, 2025",85.5,In Progress,88.5
LMS002198,881,C302,Creative Writing,English,Fall 2023,2025-10-25 04:18:32.824184,2025-11-10 05:55:52.815646,5.4,Dropped,
LMS000942,STU00380,C501,Introduction to Programming,Technology,Fall 2025,2025-03-21 11:45:48.761843,2025-07-04 10:15:51.678669,79.7,In  Progress,80.4
LMS001081,STU00439,C301,English Literature,English,Spring 2024,6/25/2025,2025-11-27 15:39:19.651886,81.1,IN PROGRESS,84.7
LMS001882,STU00749,C202,Chemistry,Science,Spring 2025,2025-06-02 17:50:52.925701,2026-04-04 17:07:01.599675,76.7,In Progress,68.2
LMS001366,STU00549,C201,Biology,Science,Fall 2023,2025-06-10 11:44:05.587481,2026-06-23 14:57:53.042715,78.4,In Progress,54.0
LMS000428,S0171,C802,French I,Languages,Fall 2025,2025-03-31 20:07:05.513114,2025-06-07 20:35:55.307789,92.8,In Progress,50.2
LMS002049,STU00819,C201,Biology,Science,Fall 2023,29/12/2025,2026-03-30 14:45:58.496761,70.3,In Progress,59.2
LMS002007,STU00803,C402,Government & Civics,,Fall 2023,2024-08-17 20:28:52.948280,2025-12-22 02:05:45.191903,75.5,in progress,89.1
LMS001946,STU00780,C802,French I,Languages,Fall 2023,2025-10-01 19:04:31.207559,2026-03-24 17:46:39.593117,73.1,In Progress,67.7
,STU00231,C201,Biology,Science,Fall 2024,2026-07-19 10:30:39.812160,7/28/2026,81.2,In Progress,61.7
LMS000834,STU00335,C102,Geometry,Math,,2026-01-12 23:11:09.017670,2026-05-29 13:44:07.530306,58.1,In Progress,88.3
LMS002402,STU00960,C203,Physics,Science,Spring 2025,2025-03-20 12:27:24.069177,2025-07-20 04:24:26.573907,65.3,In Progress  ,69.8
LMS000501,STU00199,C701,Physical Education,PE,Fall 2025,2026-04-22 04:07:18.424706,2026-05-02 07:20:30.896282,71.4,In Progress,72.7
LMS000601,STU00236,C502,Web  Development,Technology,Fall 2023,2026-04-25 01:54:16.164604,2026-06-08 05:44:15.543041,100.0,Completed,98.2
LMS001771,707,C101,Algebra I,Math,Fall 2023,2025-04-24 21:33:57.428714,2025-10-15 19:54:30.052439,65.8,  In Progress,92.2
LMS000324,STU00132,C301,,English,Fall 2023,2024-09-19 15:27:50.585782,2025-09-16 09:39:52.838126,71.3,IN PROGRESS,94.3
LMS001219,496,C201,Biology,Science,Spring 2025,12/9/2024,5/1/2025,100.0,Completed,56.1
LMS001082,STU00440,C801,Spanish I,Languages,Fall 2025,2024-11-02 04:16:58.353749,2025-12-20 20:55:21.870161,90.1,In Progress,82.1
LMS001849,STU00737,C301,English Literature,English,Fall 2024,2024-10-19 04:55:12.562152,2025-03-24 10:39:45.773287,86.2,In Progress,81.2
LMS001385,STU00556,C201,Biology,Science,Fall 2025,2024-09-10 16:56:15.889902,2025-02-23 14:45:22.087346,21.0,Dropped,
LMS001108,STU00451,C402,Government & Civics,Social Studies,Fall 2025,2025-10-02 13:58:17.296453,2025-12-30 08:26:19.763436,100.0,Completed,52.1
LMS000692,STU00277,C103,algebra ii,Math,Spring 2025,2025-05-31 03:47:24.421611,2025-10-16 21:50:58.160953,70.4,In Progress,51.5
LMS000335,STU00136,C101,Algebra I,Math,Fall 2025,,2026-06-13 15:14:42.051306,75.2,In Progress,75.5
LMS001660,STU00662,C502,Web Development,Technology,Spring 2025,2025-05-29 18:39:16.841435,2026-06-27 12:29:27.912578,0.2,Dropped,
LMS000877,STU00351,C401,  World History,Social Studies,Fall 2023,18-Mar-2025,"January 04, 2026",100.0,Completed,83.8
LMS001283,STU00518,C301,English Literature,English,Fall 2023,8/22/2025,2025-11-18 10:09:26.938071,52.3,In Progress,61.5
,STU00754,C102,Geometry,Math,Fall 2025,45804,2025-12-18 00:05:16.959684,100.0,Completed,64.1
LMS001405,STU00562,C302,  Creative Writing,English,Spring 2025,2025-04-21 01:08:35.870692,2026-06-24 21:08:04.571275,100.0,completed,99.5
LMS001948,STU00781,C101,Algebra I,Math,Fall 2023,2026-07-12 06:13:23.056766,2026-07-14 22:25:37.552188,26.0,,
LMS000476,STU00190,C201,Biology,,Spring 2025,2025-11-03 03:59:24.272595,2026-06-03 05:44:57.073647,40.8,In Progress,
LMS000188,stu00076,C201,Biology,Science,Spring 2025,2025-03-01 20:53:10.997833,2026-03-17 23:40:20.084999,85.0,In Progress,
LMS002160,stu00866,C501,Introduction to Programming,Technology,Spring 2024,2025-06-01 10:16:32.211224,2025-09-16 11:18:58.251375,81.0,In Progress,56.5
LMS001241,STU00503,C201,Biology,Science  ,Fall 2023,2025-02-20 21:58:12.019725,2025-09-05 18:37:44.179696,100.0,Completed,53.8
LMS000472,STU00188,C301,English Literature,English,Fall 2025,2026-06-04 05:07:27.358734,2026-07-19 03:12:57.453782,100.0,Completed,84.4
LMS001010,STU00408,C103,Algebra II,Math,Spring 2024,2024-08-15 00:40:36.720134,2026-04-11 08:11:24.721779,86.4,In Progress,64.8
LMS002066,STU00827,C402,Government & Civics,Social Studies,Spring 2025,2025-01-31 19:41:08.418827,2025-10-15 05:19:06.042293,100.0,Completed,78.7
LMS002473,STU00988,C802,French I,Languages,Spring 2024,2025-06-11 05:45:26.214979,2026-03-24 06:43:34.442183,100.0,Completed,93.4
LMS000282,STU00114,C502,Web Development,Technology,Fall 2025,2026-06-09 00:43:41.383991,2026-07-08 20:07:28.003952,87.5,In Progress,50.2
LMS001935,STU00774,C501,Introduction to Programming,Technology,Fall 2024,2026-04-18 04:30:56.493756,2026-04-27 18:22:20.143605,90.6,In Progress,52.5
LMS001764,STU00703,C202,chemistry,Science,Spring 2025,2025-02-25 22:44:09.876657,15-May-2025,92.8,In Progress,94.8
LMS000805,STU320,C101,,Math,,2026-02-15 07:28:55.456130,2026-04-13 10:27:28.664439,93.6,In Progress,56.5
LMS000492,STU00196,C202,Chemistry,Science,Fall 2025,12/22/2025,2026-05-15 17:53:40.593545,80.3,In Progress,52.7
LMS001576,STU00628,C801,Spanish I,Languages,Fall 2025,2025-12-13 22:00:35.860592,2026-01-05 04:04:36.170196,49.7,In Progress,86.2
LMS002273,909,C101,Algebra I,Math,Spring 2024,22-Aug-2025,"September 17, 2025",73.2,IN PROGRESS,70.7
LMS002294,STU00917,C302,Creative Writing,English,Spring 2024,2026-03-18 04:22:01.699085,2026-07-10 14:56:52.111431,73.5,In Progress,53.6
LMS000193,STU00077,C103,Algebra II,Math,Fall 2025,2025-01-14 10:02:57.805056,"April 25, 2026",85.4,In Progress,52.8
LMS001621,STU00647,C501,,Technology,Spring 2025,2025-08-13 18:16:55.274323,2026-01-16 15:12:28.919329,100.0,Completed,89.2
LMS000585,STU00231,C402,Government & Civics,Social Studies,Fall 2023,2025-04-12 08:56:10.390725,"April 10, 2026",100.0,Completed,99.6
LMS001662,STU00662,C601,Visual Arts,Arts,Spring 2025,2026-04-26 05:32:37.845736,2026-06-12 09:22:59.643670,89.2,In Progress,90.0
LMS000744,STU-00295,C203,Physics,Science,Fall 2025,2026-03-26 00:41:34.607538,2026-05-06 05:14:23.073200,75.2,In Progress,88.2
LMS001829,STU01432,C302,Creative Writing,English,Fall 2025,2024-11-21 11:21:40.575532,2024-11-23 06:24:29.556690,,In Progress,
LMS000682,271,C301,English Literature,English,Spring 2025,2025-10-06 04:29:39.187247,2026-06-20 20:24:23.555605,93.0,in progress,59.7
LMS002489,STU00994,C502,Web Development,Technology,Spring 2025,46224,2026-07-25 18:40:30.904047,82.4,In Progress,70.8
LMS000157,STU00064,C301,English Literature,English,Spring 2025,2026-01-17 08:45:30.684211,2026-06-18 05:11:07.943938,100.0,Completed,87.0
LMS001923,STU00768,C501,Introduction to Programming,Technology,Spring 2025,2025-06-20 15:56:41.579572,2026-02-17 08:35:55.632058,88.7,In Progress,58.8
LMS000012,STU00005,C801,Spanish I,Languages,Fall 2024,22-Oct-2025,2026-06-15 19:59:58.416191,67.6,In Progress,88.9
LMS001258,STU00509,C501,Introduction to Programming,Technology,Fall 2025,2024-11-18 16:40:53.709809,2025-04-19 07:46:50.732969,72.6,In  Progress,93.9
LMS000872,STU00349,C701,Physical Education,PE,Fall 2025,27-May-2026,2026-06-05 02:45:34.983026,100.0,Completed,58.7
LMS000140,STU00058,C401,World History,Social Studies,Spring 2025,2025-10-12 06:30:18.041810,2026-04-10 21:34:15.869323,100.0,Completed,82.8
LMS001559,STU00621,C402,,Social Studies,Spring 2025,2026-02-09 15:25:42.546838,2026-07-02 11:15:45.786885,100.0,Completed,89.8
LMS002111,STU01065,C601,Visual Arts,Arts,Fall 2023,2025-05-29 18:37:26.373684,2026-04-03 18:59:06.800241,91.5,In Progress,64.2
LMS000591,STU00233,C801,Spanish I,Languages,Spring 2025,2026-05-07 16:37:03.229714,2026-06-24 09:28:45.600922,75.4,In Progress,65.2
LMS000502,STU00200,C402,Government & Civics,Social Studies,Fall 2024,2025-10-20 17:51:00.898771,2026-03-27 12:41:36.355345,100.0,Completed,66.2
LMS000349,STU00140,C701,Physical Education,PE,Fall 2024,2024-08-28 05:41:35.020882,2026-04-23 13:31:26.298600,100.0,completed,93.7
LMS000750,STU00298,C202,Chemistry,Science,Spring 2024,2025-09-02 14:02:18.690198,2026-03-27 15:18:49.694948,73.9,In Progress,97.4
LMS000867,STU00347,C602,Music Theory,Arts,Fall 2023,2024-09-04 09:25:49.038284,2025-01-17 11:32:24.164438,76.8,  In Progress,83.1
LMS002083,STU00832,C201,Biology,Science,Fall 2024,2025-11-01 03:59:53.047002,2025-11-03 09:19:53.685314,40.7,In Progress,59.7
LMS001194,STU00486,C102,Geometry,Math,Spring 2024,2025-11-19 20:52:11.373107,2026-04-24 06:53:47.984829,100.0,Completed,73.4
LMS001004,STU00406,C401,World History,Social Studies,Fall 2024,2025-06-09 23:21:54.906238,2026-02-13 04:17:49.828897,100.0,Completed,84.0
LMS001799,STU717,C802,French I,Languages,Fall 2025,2026-02-12 09:33:58.209315,,90.6,In Progress,93.0
LMS002360,STU00943,C602,Music Theory,Arts,Fall 2024,2024-09-30 09:10:30.138271,2025-05-11 06:03:28.891800,100.0,COMPLETED,70.7
LMS001950,STU00781,C401,,Social Studies,Fall 2024,2025-11-09 12:40:32.094560,2025-11-12 21:50:20.202204,75.3,In Progress,88.6
LMS000275,STU00112,C203,Physics,Science,Fall 2023,2024-08-05 22:05:56.636704,2025-05-15 12:26:46.586045,90.4,In Progress,87.7
LMS000559,STU00218,C501,Introduction to Programming,Technology,Fall 2024,2024-12-22 02:04:10.007818,16-Aug-2025,100.0,Completed,84.7
LMS000137,STU00056,C103,Algebra II,Math,Fall 2023,16-Nov-2024,2025-03-18 09:54:57.209542,,In Progress,55.4
LMS001389,STU00557,C502,Web  Development,Technology,Fall 2025,2025-08-13 11:03:12.487436,2026-03-29 19:00:10.533805,71.1,In Progress,95.4
LMS002244,STU00898,C401,World History,Social Studies,Fall 2025,2024-08-09 12:01:47.775932,2025-02-25 05:21:45.525869,74.3,In Progress,92.8
LMS002472,STU00988,C101,Algebra I,Math,Fall 2024,,,93.4,In Progress,99.8
LMS001030,STU00419,C103,algebra ii,Math,Fall 2024,2025-07-13 20:41:18.751969,2026-06-03 08:51:31.534448,64.0,In Progress,63.1
LMS000362,STU00144,C101,Algebra I,Math,Fall 2024,19-Feb-2025,2026-05-05 00:18:44.685542,87.2,In Progress,89.7
LMS002218,STU00888,C402,Government & Civics,,Fall 2024,2026-03-22 02:07:07.039075,2026-04-01 01:31:13.016805,42.0,In Progress,73.1
,STU00687,C301,English Literature,English,Spring 2024,2025-06-07 22:46:37.289940,2025-06-24 23:16:08.098814,100.0,Completed,98.6
LMS001135,STU00460,C101,Algebra I,Math,Fall 2024,2025-05-23 07:37:45.011583,2025-12-05 01:03:59.316051,88.5,In Progress,64.9
LMS000949,STU00382,C601,Visual Arts,Arts,Fall 2024,2025-01-16 11:41:53.593477,,100.0,COMPLETED,53.5
LMS000119,STU00049,C602,Music Theory,Arts,Spring 2025,2024-09-08 18:42:21.491739,"November 02, 2025",100.0,,75.9
LMS001881,STU00748,C103,Algebra II,Math,Spring 2025,2026-05-05 20:21:14.788976,2026-05-20 12:42:22.360699,60.3,In Progress,64.8
LMS001297,STU00521,C701,Physical Education,PE,Fall 2025,2025-02-17 02:33:40.830489,2026-06-28 08:23:54.037159,53.4,In Progress,88.0
LMS001305,STU00524,C201,BIOLOGY,Science,,2025-02-16 09:35:39.807614,2026-04-15 01:40:12.556909,100.0,Completed,60.9
LMS001075,STU00435,C801,Spanish I,Languages,Fall 2024,"January 12, 2026",2026-04-07 14:40:15.460280,81.2,In Progress,63.5
LMS000089,STU00037,C102,Geometry,Math,Fall 2024,3/7/2026,,100.0,Completed,50.4
LMS000815,STU00324,C602,Music Theory,Arts,Fall 2023,"November 02, 2025",2026-02-05 23:55:05.405952,67.3,In Progress,65.1
LMS000520,STU00207,C302,Creative Writing,English,Spring 2025,15/9/2024,2025-09-05 18:38:27.808158,52.3,In Progress,83.5
LMS002064,STU00826,C501,,Technology,Fall 2023,2025-03-03 21:43:00.423314,23-Nov-2025,91.3,In Progress,84.2
LMS000266,STU-00110,C401,World History,Social Studies,,2024-09-25 07:33:06.537891,2025-09-22 09:37:49.209357,100.0,Completed,51.4
LMS001549,STU00616,C201,Biology,Science,Fall 2023,2025-01-04 23:46:02.587753,2025-09-14 11:19:59.543186,100.0,Completed,84.9
LMS002192,STU00878,C501,Introduction to Programming,Technology,Spring 2025,2026-06-27 20:17:14.920820,2026-07-12 11:13:55.412367,87.4,In Progress,52.9
LMS000306,STU00125,C301,English Literature,English,Fall 2025,2026-05-19 21:36:58.582733,2026-07-05 23:12:52.013624,80.4,IN PROGRESS,96.7
LMS000462,STU00183,C103,Algebra II,Math,Fall 2025,2026-03-01 09:34:27.271842,2026-03-21 13:00:43.591973,57.0,In Progress,94.3
LMS001959,STU00784,C201,Biology,Science,Fall 2024,2026-01-29 20:07:37.893890,46059,79.7,In Progress,80.7
LMS001023,STU414,C701,Physical Education,PE,Fall 2023,25/7/2026,2026-07-26 05:41:13.162811,100.0,Completed,67.7
LMS002459,984,C501,Introduction to Programming,Technology,Spring 2024,2024-08-02 15:00:32.923712,2026-03-11 20:28:25.448187,73.7,In Progress,84.9
LMS000589,STU00232,C501,Introduction to Programming,Technology,Spring 2024,2025-11-07 11:54:02.202927,2026-07-16 01:05:29.963393,100.0,Completed,65.6
LMS000117,STU00048,C502,Web Development,Technology,Fall 2025,2025-02-07 07:49:08.195657,2025-10-07 05:46:58.928702,93.2,In Progress,83.3
LMS000620,STU00243,C202,Chemistry,Science,Spring 2024,2026-01-06 15:39:07.600962,2026-03-24 00:02:13.301264,100.0,COMPLETED,51.2
LMS000384,STU00154,C801,Spanish I,Languages,Fall 2025,2025-09-18 17:20:03.738898,2026-01-13 10:45:03.658228,93.6,In Progress,84.0
LMS002232,STU00894,C201,Biology,Science,Spring 2024,2025-05-24 12:00:03.918371,3/8/2026,73.5,In Progress,63.2
LMS000018,STU00007,C402,Government & Civics,Social Studies,,2024-11-06 08:44:11.253399,2025-01-19 13:07:28.905390,94.0,In Progress,98.5
LMS000004,STU00002,C601,Visual Arts,arts,Spring 2025,2024-08-08 14:54:54.515516,2025-08-11 12:25:27.375081,81.0,In Progress,91.3
LMS000496,STU00197,C402,Government & Civics,Social Studies,Fall 2023,2026-07-10 07:24:42.081521,2026-07-14 22:32:36.407757,73.1,In Progress,61.1
LMS001592,stu00636,C701,Physical Education,PE,Fall 2025,3/22/2025,2025-06-22 11:41:52.067484,78.5,In Progress,78.7
LMS002089,STU00835,C103,Algebra II,Math,Fall 2024,2025-02-01 17:46:31.352139,2025-04-10 05:17:20.543082,100.0,Completed,75.0
LMS001166,STU00472,C101,Algebra I,Math,Fall 2024,15-May-2025,2025-07-17 12:15:37.284336,71.9,In Progress,57.7
LMS000073,STU00030,C501,Introduction to Programming,technology,Fall 2023,2024-12-20 17:08:57.627255,2025-09-09 01:28:42.166597,100.0,Completed,69.2
LMS002262,STU00904,C103,Algebra II,Math,Spring 2025,"April 01, 2026","July 27, 2026",75.5,In Progress,73.6
LMS001108,STU00451,C402,Government & Civics,Social Studies,Fall 2025,2025-10-02 13:58:17.296453,2025-12-30 08:26:19.763436,100.0,Completed,52.1
LMS000044,STU00019,C102,Geometry,Math,Fall 2025,2026-05-04 18:35:12.452291,2026-06-30 19:09:46.853966,100.0,Completed,
LMS002054,STU00821,C501,Introduction to Programming,Technology,Spring 2025,2025-01-26 11:36:05.908948,"April 28, 2026",82.4,In Progress,69.7
LMS000521,STU00207,C101,Algebra I,Math,,2025-05-04 15:20:07.545085,"June 08, 2025",87.9,  In Progress,
LMS001360,STU00547,C401,World History,Social Studies,,2026-06-13 09:17:22.478185,2026-07-14 10:37:26.505765,84.8,In Progress,70.7
LMS000947,STU00381,C401,World History,Social Studies,Spring 2025,"January 12, 2026","February 10, 2026",100.0,Completed,56.1
LMS001439,STU00573,C203,Physics,Science,Fall 2025,2024-10-27 17:01:21.320327,2025-09-23 09:55:17.559533,100.0,Completed,60.6
LMS001897,STU00756,C302,Creative Writing,English,Fall 2024,2026-06-30 00:46:11.492519,2026-06-30 02:47:55.495487,80.5,In Progress,82.3
LMS001168,STU00472,C302,Creative Writing,English,Spring 2025,2025-05-29 08:30:53.346486,2026-01-22 09:18:09.033233,100.0,Completed,52.2
LMS000185,STU00074,C102,Geometry,Math,Fall 2025,2025-07-06 05:02:38.424586,19/7/2025,70.5,In Progress,77.9
LMS001244,STU00504,C301,English Literature,English,Fall 2023,2026-01-19 10:46:38.750887,2026-05-16 04:49:03.109044,100.0,Completed,76.4
LMS002375,STU00948,C103,Algebra II,Math,Fall 2024,2025-01-31 16:33:15.387887,3/17/2025,100.0,Completed,93.3
LMS001876,STU00746,C203,,Science,Fall 2023,2024-08-30 19:45:38.942312,2026-01-20 20:47:21.301194,51.5,In Progress,68.5
LMS000270,STU00111,C301,English Literature,English,Fall 2025,2025-01-18 01:58:21.869435,12/8/2025,87.9,In Progress,
LMS001386,STU00556,C302,Creative Writing,English,Fall 2025,2025-04-08 10:51:10.104379,2025-10-08 15:19:41.369963,42.0,In Progress,89.8
LMS001704,STU00681,C801,Spanish I,Languages,Fall 2023,2025-01-09 15:06:20.477235,2025-02-15 04:20:51.654706,75.3,In Progress,65.9
LMS001631,STU00651,,Physics,Science,Fall 2025,2026-01-29 18:45:56.252390,2026-02-02 21:40:54.685523,41.6,In Progress,78.3
,STU00359,,Algebra II,Math,Spring 2025,2024-12-15 09:41:38.534091,2025-12-28 23:17:23.047138,100.0,Completed,58.8
LMS002485,STU993,C802,French I,Languages,Fall 2025,2025-04-05 21:07:50.356755,2026-01-11 03:06:08.674227,62.9,In Progress,94.8
LMS001854,STU00738,C102,Geometry,Math,Fall 2025,2024-08-01 12:25:20.308953,2025-04-28 00:20:14.389819,84.0,In Progress,88.7
LMS001236,STU00502,C102,Geometry,Math,Spring 2025,"April 05, 2025",2026-04-25 07:25:13.677122,78.4,In Progress,70.8
LMS001696,STU00678,C701,Physical Education,PE,Fall 2024,2025-01-20 09:03:06.504772,2026-06-16 23:19:07.367757,83.7,In Progress,87.3
LMS001202,STU00490,C801,Spanish I,Languages  ,Fall 2025,2024-12-09 02:32:08.501777,2026-05-18 19:19:08.305303,100.0,Completed,54.2
LMS001996,STU00798,C701,Physical Education,PE,Fall 2025,2025-08-25 02:28:55.764656,10/9/2025,26.0,Dropped,
LMS002415,stu00966,C601,Visual Arts,Arts,Fall 2024,2025-09-07 09:47:55.653101,2026-06-14 10:18:59.737206,81.5,In Progress,82.1
LMS000956,STU00385,C301,,,Spring 2025,2024-09-30 09:23:19.312751,2025-03-12 10:28:22.092027,70.9,In Progress,56.0
LMS001860,STU740,C402,Government & Civics,Social Studies,Fall 2023,2025-10-21 09:56:02.967675,,87.8,In Progress,82.1
LMS001157,STU00468,C103,Algebra II,,Fall 2024,2025-05-29 23:22:00.578189,2026-07-13 08:23:42.025388,75.9,In Progress,92.6
LMS001458,STU-00580,C502,  Web Development,Technology,Spring 2024,2024-08-31 22:15:46.506741,2024-12-08 08:42:35.854112,,In Progress,94.1
LMS000647,STU00255,C201,Biology,Science,Fall 2024,2025-08-27 20:38:14.717524,2026-03-29 03:47:59.302308,43.0,In Progress,70.4
LMS001312,STU00526,C502,Web Development,Technology,Fall 2024,2026-04-16 03:02:12.075451,30-Apr-2026,73.5,,63.9
LMS001467,STU00583,C502,Web Development,Technology,Spring 2024,2025-06-04 21:13:12.226780,2025-07-25 05:23:21.289290,100.0,Completed,77.0
LMS000849,STU00340,C502,Web Development,Technology,Spring 2025,2025-01-21 11:41:36.682393,,77.8,In Progress,69.0
,STU00658,C602,Music Theory,Arts,Fall 2023,"May 17, 2026",2026-07-05 02:40:13.366700,75.2,In Progress,99.2
LMS001655,STU00660,C801,Spanish I,Languages,Spring 2024,2025-11-11 16:12:21.199628,2026-01-16 03:34:05.316990,75.6,In  Progress,74.7
LMS000228,STU94,C802,French I,Languages,Spring 2024,2024-12-16 02:03:12.263540,12/9/2025,76.0,In Progress,69.1
LMS001841,STU00735,C402,Government & Civics,Social Studies,Fall 2024,1/18/2026,2026-05-12 21:07:02.515193,73.0,In Progress,99.6
LMS000508,STU203,C301,English Literature,English,Spring 2024,2026-03-16 08:28:17.567535,7/24/2026,52.7,  In Progress,64.7
LMS001303,STU00524,C802,French I,Languages,,,2026-02-10 03:32:51.299472,71.9,In Progress,88.2
LMS001484,STU589,C201,Biology,Science,Fall 2024,2025-02-01 13:32:26.799966,2026-07-19 16:19:51.325986,100.0,Completed,86.7
LMS001796,stu00716,C601,Visual Arts,Arts,Spring 2025,2026-05-16 04:21:32.406577,"July 12, 2026",48.7,In Progress,62.7
LMS001779,S0710,C101,Algebra I,Math,Fall 2025,2025-01-08 04:53:04.407370,"April 03, 2026",73.2,In Progress,75.8
LMS000937,STU00378,C202,Chemistry,Science,Spring 2025,2025-03-02 08:56:24.451364,2025-08-23 03:09:53.886922,100.0,Completed,97.2
LMS000096,STU00040,C203,Physics,Science,Spring 2025,"March 04, 2026",2026-05-02 11:10:06.318887,17.4,Dropped,
LMS000100,STU00042,C601,Visual Arts,Arts,Spring 2024,2024-09-07 07:59:25.290437,2026-02-11 04:04:12.355223,36.5,Dropped,
LMS001744,STU00695,C602,Music Theory  ,Arts,Fall 2024,2026-02-20 04:27:11.416989,2026-05-01 02:06:11.964785,75.8,In Progress,51.4
LMS001175,STU01179,C601,Visual Arts,ARTS,Spring 2025,45697,2025-10-13 00:11:37.877635,100.0,Completed,68.2
LMS000616,STU00242,C601,Visual Arts,Arts,Fall 2023,2024-10-13 06:35:12.561129,2025-07-14 17:37:36.367364,76.0,In Progress,80.3
LMS001248,STU00506,C701,  Physical Education,PE,Fall 2024,2025-06-22 12:53:48.328384,2026-01-08 12:04:38.073223,64.1,in progress,90.7
LMS001190,STU00485,C102,,Math,Fall 2023,27-Jul-2025,2026-05-19 09:40:48.157854,100.0,Completed,79.5
LMS001544,STU00614,C101,Algebra I,Math,Fall 2024,2026-06-23 03:03:50.014490,,100.0,Completed,92.8
LMS000610,STU00239,C103,Algebra II,Math,Spring 2024,2025-12-11 11:23:49.899687,2026-05-25 14:36:42.270028,94.8,In Progress,93.9
LMS001086,STU00442,C801,Spanish I,Languages  ,Fall 2024,2025-02-27 15:11:52.333852,2026-07-27 18:12:45.520831,,In Progress,59.5
LMS001220,STU00496,C203,Physics,Science,Spring 2024,2024-10-05 09:13:10.930836,2025-10-27 01:12:17.731510,73.2,In Progress,54.1
LMS001627,STU00649,C302,Creative Writing,English,Fall 2024,46141,2026-05-30 02:08:29.315859,100.0,Completed,73.2
LMS002311,STU00926,C201,Biology,Science,Fall 2023,2026-03-10 09:32:08.658460,2026-04-20 22:15:26.382526,100.0,Completed,57.7
LMS001358,STU00546,C302,Creative Writing,English,Fall 2023,2025-12-03 09:50:10.037780,"March 03, 2026",87.0,In Progress,79.2
LMS002101,STU00840,C102,Geometry,Math,Spring 2025,21/12/2025,26-Jun-2026,92.7,In Progress,56.3
LMS001525,STU00605,C802,French I,Languages,Spring 2024,2024-08-14 10:10:07.821284,2/11/2026,,In Progress,60.2
LMS001843,STU00735,C203,physics,Science,Fall 2024,2025-12-25 20:40:50.027263,2026-05-13 19:50:00.826655,100.0,Completed,64.5
LMS000568,STU00224,,Algebra II,Math,Fall 2024,2025-11-09 12:25:36.579037,25/11/2025,25.4,Dropped,
LMS000773,STU-00308,C601,Visual Arts,Arts,Spring 2024,"March 12, 2026",2026-04-20 21:49:23.562155,83.1,In Progress,53.8
LMS000995,STU00404,C201,Biology,Science,,45643,02-May-2025,100.0,Completed,
LMS001393,STU00558,C402,Government & Civics,Social Studies,Fall 2024,2024-08-27 13:17:55.491937,17/11/2025,82.2,In Progress,83.1
LMS000938,STU00379,C202,Chemistry,Science,Fall 2024,2024-09-25 13:53:10.134680,2025-11-29 11:38:32.609501,94.7,In Progress,72.1
LMS001984,STU00793,C501,Introduction to Programming,Technology,Fall 2025,2025-01-14 05:28:07.819256,2025-12-15 06:53:14.292557,88.5,In Progress,81.3
LMS002239,STU00896,C103,Algebra II,  Math,Fall 2024,2025-10-22 20:48:08.897493,"January 07, 2026",82.5,In Progress,59.2
LMS002333,STU00932,C501,Introduction to Programming,Technology,Fall 2025,46149,2026-07-16 01:00:41.971455,40.7,In Progress,89.3
LMS000374,STU00149,C202,Chemistry,Science,Spring 2024,2026-02-01 08:43:26.787000,2026-07-10 22:21:39.766325,21.5,Dropped,
LMS001309,STU00525,C601,Visual Arts,Arts,Spring 2025,28-Jun-2026,,72.8,In Progress,84.3
LMS001711,STU01003,C601,Visual Arts,Arts,Fall 2024,2026-05-20 09:15:13.729756,2026-05-28 01:58:49.096040,100.0,Completed,91.6
LMS000380,STU00151,C402,Government & Civics,Social Studies,Fall 2025,"January 12, 2025",2026-02-24 04:17:46.234560,14.0,Dropped,
LMS001555,STU00618,C802,French I,Languages,Fall 2025,2025-06-06 06:27:46.078262,2025-07-04 02:51:26.861257,76.7,In Progress,73.7
LMS000255,STU00106,C101,Algebra I,Math,Fall 2023,"May 10, 2025","October 19, 2025",73.5,,68.9
LMS000238,STU00098,C801,Spanish I,Languages,Fall 2024,31-Jul-2024,2026-03-31 19:24:18.603999,91.0,In Progress,66.4
LMS000676,STU00268,C302,Creative Writing,English,,2025-11-09 22:43:45.176952,2026-06-18 13:26:19.665939,100.0,Completed,99.7
LMS000464,STU00184,C103,Algebra II  ,Math,Spring 2025,8/24/2024,7/22/2025,57.3,In Progress,50.4
LMS001951,STU00782,C601,Visual Arts,Arts,Fall 2024,9/21/2024,2026-07-22 07:29:16.979863,93.4,In Progress,90.9
LMS000329,STU00134,C501,Introduction to Programming,Technology,Fall 2023,2026-06-05 19:20:23.788151,2026-06-08 12:39:11.192535,100.0,Completed,61.7
LMS001932,STU00772,C602,Music Theory,Arts,Spring 2024,2024-09-22 01:15:58.478951,2025-02-11 11:53:29.191254,100.0,Completed,65.8
LMS002362,STU00944,C402,Government & Civics,Social Studies,Spring 2025,2025-03-26 18:00:35.243530,2026-07-26 06:43:36.308033,72.0,In Progress,57.8
LMS000118,STU00048,C201,Biology,SCIENCE,Fall 2024,2026-03-20 22:52:43.630754,2026-07-18 20:16:58.792909,100.0,Completed,83.1
LMS000481,STU00192,C103,Algebra II,Math,Spring 2025,2025-07-17 14:57:16.601384,2/22/2026,100.0,Completed,99.7
LMS001440,STU00574,C701,Physical Education,PE,Fall 2025,,46207,100.0,Completed,54.4
LMS000514,STU00205,C601,Visual Arts,Arts,,2024-09-12 17:38:34.391348,2025-08-29 16:13:16.883311,100.0,Completed,56.6
LMS001257,STU00509,,Biology,Science,Spring 2024,02-Mar-2026,2026-06-02 17:37:49.252637,,In Progress,59.5
LMS000084,STU00034,C502,Web Development,Technology,Spring 2024,2026-04-24 10:22:44.271682,2026-05-22 12:20:07.487845,71.6,In Progress,97.2
LMS000148,STU00060,C302,CREATIVE WRITING,English,Spring 2024,"December 09, 2024",46208,100.0,Completed,72.1
LMS000437,STU00174,C502,Web Development,Technology,Spring 2025,,2025-11-26 19:02:21.390055,77.2,In Progress,72.8
LMS000316,STU00130,C202,CHEMISTRY,Science,Spring 2024,"April 01, 2025",2025-07-28 04:40:55.349017,100.0,Completed,94.2
LMS002275,STU00909,C801,Spanish I,Languages,Fall 2023,2025-08-16 22:59:09.536574,,34.0,Dropped,
LMS002224,STU00891,C402,Government & Civics,Social Studies,Fall 2023,2024-12-31 21:47:22.551921,2026-07-06 07:47:47.050094,40.3,In Progress,72.4
LMS001307,STU00525,C103,Algebra II,Math,Spring 2024,2024-10-23 17:09:24.480616,2025-05-08 21:06:58.222754,75.6,In Progress,55.8
LMS000009,STU00004,C202,Chemistry,Science,Fall 2023,2026-01-27 17:34:55.202459,5/11/2026,78.6,In Progress,75.1
LMS000931,STU00375,C201,Biology,Science,Fall 2025,2024-10-28 19:19:04.143381,2025-12-06 20:21:31.622037,77.6,In Progress,69.8
LMS001698,STU00679,C102,Geometry,Math,Spring 2024,2025-09-09 05:39:08.403018,2025-12-31 08:03:36.437224,73.4,In Progress,58.8
LMS001313,STU00526,C501,Introduction to Programming,Technology,Fall 2024,2025-11-30 19:59:52.083956,"June 26, 2026",84.6,In Progress,83.7
LMS000983,STU00399,C202,  Chemistry,Science,Spring 2025,2026-05-24 07:50:46.479610,10-Jul-2026,64.2,In Progress,87.9
LMS001037,STU422,C103,  algebra ii,Math,Fall 2024,46134,2026-05-08 02:47:01.644842,84.9,In Progress,61.0
LMS001762,STU00702,C103,Algebra II,Math,Spring 2025,24-Aug-2024,2025-08-12 14:01:07.325910,44.0,In Progress,51.2
LMS000173,STU00069,C101,Algebra I,Math,Spring 2025,45549,2025-04-05 06:20:24.202043,100.0,Completed,79.2
LMS002106,STU00842,C402,Government & Civics,Social Studies,Spring 2025,"August 16, 2024",2026-02-06 16:40:02.528998,30.1,Dropped,
LMS002365,STU00945,C502,Web Development,Technology,Fall 2023,2026-05-26 03:23:59.817368,2026-07-25 00:08:44.869457,100.0,Completed,76.5
LMS000005,STU00003,C301,English Literature,English,Spring 2024,2025-08-02 23:22:51.087446,2026-02-01 04:19:50.936961,83.5,In Progress,53.6
LMS000906,STU00364,C202,Chemistry,Science,Spring 2024,2025-01-24 15:13:37.912033,2026-03-13 02:01:29.931576,100.0,Completed,85.7
LMS001994,STU00798,C802,French I,Languages,Fall 2023,2025-06-05 22:44:34.038472,2026-03-09 01:46:39.828082,88.6,In Progress,94.4
LMS001334,STU536,C801,Spanish I,Languages,Spring 2024,2025-01-11 23:14:55.018994,2025-12-21 12:54:34.020132,87.1,In Progress,98.6
LMS001972,STU00789,C402,Government & Civics,  Social Studies,Spring 2024,46202,"July 09, 2026",73.0,,50.0
LMS000507,STU00202,C502,  Web Development,TECHNOLOGY,Fall 2025,2024-11-24 03:37:53.058072,2026-06-03 01:42:29.359953,70.5,In Progress,63.9
LMS001224,STU00497,,Algebra I,Math,Fall 2024,2024-09-27 17:42:59.346884,2024-11-08 01:14:44.582714,100.0,Completed,53.8
LMS000036,STU00014,C701,Physical Education,PE,Fall 2024,2026-03-07 08:10:28.458126,12-May-2026,84.1,In Progress,52.5
LMS000426,stu00169,C202,Chemistry,Science,Fall 2025,2025-10-25 03:35:37.055319,2026-05-08 23:25:26.691727,,Completed,80.1
LMS002225,STU00891,C501,Introduction to Programming,Technology,Spring 2024,"February 23, 2026","April 07, 2026",81.3,In Progress,53.7
LMS001864,STU00741,C601,,Arts,Fall 2024,2026-01-15 06:20:54.082796,2026-06-21 14:39:31.637608,65.9,In Progress,72.9
,STU00606,C203,Physics,Science,Fall 2023,"July 24, 2025",2025-09-04 23:56:08.552658,88.4,In Progress,85.6
LMS001928,STU-00771,C601,Visual Arts,ARTS,Spring 2025,2025-05-28 19:26:24.858423,2026-01-03 16:48:42.252022,100.0,Completed,52.7
LMS002099,STU840,C202,Chemistry,  Science,Spring 2025,2025-09-24 01:28:28.016188,2026-02-11 11:14:46.409195,46.2,In Progress,98.0
LMS000986,STU00400,C301,English Literature,English,Spring 2025,2024-08-15 12:14:22.299108,12/13/2025,82.4,In Progress,84.2
LMS000344,STU00139,C602,Music Theory,Arts,Fall 2023,9/16/2025,2026-04-23 12:08:02.089293,85.0,In Progress,86.1
LMS001080,STU00438,C202,Chemistry,Science,Spring 2024,20/6/2025,08-Apr-2026,85.0,In Progress,98.3
LMS001734,STU00691,C502,Web Development,Technology,Fall 2024,2025-06-25 15:43:01.091664,2025-10-02 01:18:24.795320,93.5,In Progress,70.1
LMS000410,STU00163,C301,English Literature,English,Spring 2025,46125,,73.7,In Progress,76.2
LMS000524,STU00208,,Physical Education,PE,Spring 2024,2025-05-16 14:45:13.399220,2025-12-07 06:04:43.935981,,In Progress,87.3
LMS001983,STU00792,C401,,Social Studies,Fall 2025,24/10/2024,07-Oct-2025,82.7,In Progress,50.4
LMS002462,stu00984,C801,Spanish I,Languages,Fall 2024,2024-09-10 09:44:41.888616,25-Nov-2024,76.5,  In Progress,88.6
LMS001801,STU00718,C302,Creative Writing,English,Spring 2025,2025-07-18 19:24:10.008582,2025-12-31 08:43:56.675303,100.0,Completed,79.0
LMS001773,stu00708,C201,Biology,Science,,16/10/2024,2025-05-19 14:57:34.071173,100.0,Completed,80.0
LMS001798,STU00717,C701,Physical Education,PE,Fall 2023,10-Jun-2025,2025-12-27 10:03:58.781596,85.4,In Progress,70.9
LMS001089,STU00443,C601,Visual Arts,Arts,Fall 2023,2025-04-30 00:04:10.664029,2026-02-18 12:29:54.327502,100.0,Completed,79.4
LMS000395,STU00158,C601,visual arts,Arts,Fall 2025,2026-02-01 21:01:42.276203,16/7/2026,61.2,In Progress,75.3
LMS001639,STU00654,C802,French I  ,Languages,Fall 2025,2024-12-17 16:26:09.850229,23/6/2026,,Completed,56.2
LMS001633,STU00651,C301,English Literature,English,Fall 2024,2024-11-13 20:11:17.697797,"March 06, 2025",46.2,In Progress,68.7
LMS000292,STU00118,C102,Geometry,Math,Fall 2025,2025-08-26 21:49:16.100144,2026-04-26 08:44:35.223464,100.0,Completed,88.8
LMS002338,STU00934,C502,Web Development,Technology,Fall 2024,30-Jul-2025,2025-09-14 06:37:50.644943,81.0,In Progress,95.8
LMS001065,STU00432,C203,Physics,,Fall 2024,2025-11-02 05:15:59.193096,2026-01-17 02:05:48.883039,75.5,In Progress,98.4
LMS001083,stu00441,C101,Algebra I,Math,Spring 2025,19/5/2025,2025-05-30 23:48:25.068485,94.1,In Progress,88.1
LMS000182,S0073,,Physical Education,PE,Spring 2025,2024-08-09 00:20:48.761878,2025-08-15 01:48:02.418511,74.4,In Progress,68.7
LMS000166,STU00067,C102,Geometry,Math,Fall 2024,2025-08-14 01:22:12.884398,6/11/2026,100.0,Completed,84.3
LMS001428,STU00570,C701,Physical Education,  PE,Spring 2025,2026-06-06 11:11:30.022296,"June 28, 2026",38.9,Dropped,
LMS001852,STU00737,C602,Music Theory,Arts,Spring 2025,,2026-03-16 03:55:05.489019,47.4,In Progress,83.8
LMS000261,STU00108,C802,French I,Languages  ,Spring 2025,2026-01-02 10:53:49.326298,2026-03-09 10:14:24.067956,100.0,Completed,91.9
LMS000131,STU00054,C501,INTRODUCTION TO PROGRAMMING,Technology,Fall 2023,22/12/2025,2026-06-23 12:42:15.446443,4.5,Dropped,
LMS001027,STU00417,C401,WORLD HISTORY,Social Studies,,2026-06-13 21:40:39.729114,"July 10, 2026",79.0,,91.9
LMS002205,STU00883,C201,Biology,Science,,8/15/2025,2026-07-13 22:47:49.233570,48.2,In Progress,94.1
LMS002274,STU909,C103,Algebra II,Math,Fall 2023,2024-12-28 06:08:55.777549,12/22/2025,73.7,In Progress,82.9
LMS001418,STU00567,C201,Biology,Science,Fall 2025,2025-03-23 19:17:39.515801,2026-03-05 14:29:44.219309,76.9,In Progress,68.1
LMS002182,STU00875,C101,Algebra I,Math,Fall 2025,2025-12-09 13:51:32.803187,2026-05-08 13:36:25.115287,45.4,In Progress,83.2
LMS000781,STU00311,C601,Visual Arts,Arts,Spring 2024,2026-06-09 05:41:20.118229,2026-06-10 16:30:49.725315,82.1,In  Progress,91.6
LMS002237,STU00895,,Chemistry,Science,Spring 2025,2025-04-04 10:49:25.674688,2026-01-17 13:21:35.450399,100.0,Completed,73.9
LMS000943,STU00380,,Government & Civics,Social Studies,Spring 2024,2025-11-21 11:15:26.984906,2026-03-03 16:45:22.069897,89.4,In Progress,62.6
LMS001265,512,C402,Government & Civics,Social Studies,,2024-10-25 18:04:39.778146,2025-06-10 14:54:55.953365,71.0,In Progress,58.9
LMS000868,STU00348,C501,Introduction to Programming,Technology,Fall 2024,2024-12-09 23:32:49.107871,2025-10-04 22:56:22.680097,87.8,In Progress,91.2
LMS000146,STU00059,C701,Physical Education,PE,Fall 2024,2026-01-25 14:07:27.229396,19/7/2026,72.3,In Progress,57.6
LMS000642,STU00253,C301,English Literature,English,Fall 2024,2024-11-29 22:22:17.553656,11/9/2025,66.3,In Progress,72.8
LMS000684,STU00273,C402,Government & Civics,Social Studies,,2025-01-04 03:05:50.181496,2026-03-24 11:45:33.453567,100.0,Completed,66.7
LMS001128,STU00458,C802,French I,Languages,Spring 2025,"October 10, 2024",2025-04-17 05:29:33.937861,94.1,In Progress,75.3
LMS000048,stu00020,C203,Physics,Science,Fall 2025,2025-04-15 22:03:09.566402,46027,78.9,In Progress,79.4
LMS002478,STU00989,C103,Algebra II,Math,Fall 2023,2024-07-31 11:40:22.883938,2026-04-01 22:19:35.285767,71.9,In Progress,97.1
LMS002420,STU00967,C101,Algebra I  ,Math,Spring 2025,2025-10-04 00:05:10.750785,2025-11-22 14:14:54.391671,100.0,Completed,61.0
LMS001582,STU00631,C601,Visual Arts,Arts,Fall 2024,,2025-12-02 20:54:06.702284,,In Progress,67.5
LMS001815,STU00724,C202,Chemistry,Science,Spring 2025,2024-08-31 07:54:12.684209,2025-11-25 17:21:12.432044,100.0,Completed,74.3
LMS001260,STU00510,C202,,Science,Spring 2024,2025-10-28 03:43:13.346905,2026-05-01 19:57:25.403420,93.0,In Progress,97.1
,STU00731,C102,Geometry,Math,Fall 2023,2024-09-21 22:14:55.361964,2026-02-11 05:42:03.570251,100.0,Completed,61.3
LMS001573,STU00626,C701,Physical Education,PE,Fall 2025,2026-04-19 14:35:35.846054,2026-06-23 04:15:50.199951,100.0,COMPLETED,68.0
LMS000010,4,C302,Creative Writing,English,Spring 2025,12/24/2024,2026-01-23 04:03:59.382942,100.0,Completed,76.8
LMS002483,STU00991,C502,Web Development,Technology,Fall 2025,46179,46196,100.0,  Completed,65.8
LMS002400,STU00959,C602,Music Theory,Arts,Spring 2024,2025-01-31 02:05:45.400229,2026-07-25 11:18:50.143290,78.3,In Progress,74.8
LMS000668,STU00265,C801,Spanish I,Languages,Fall 2025,2024-09-23 17:39:36.626924,2025-03-02 16:05:20.268585,100.0,Completed,56.3
LMS002114,STU00847,C602,Music Theory,Arts,Fall 2024,2026-06-17 04:04:04.340491,2026-07-15 09:35:44.896961,100.0,Completed,89.9
LMS002015,STU00806,C203,Physics,Science,Fall 2025,2026-01-06 02:53:53.527232,,79.5,In Progress,96.4
LMS001016,STU-00411,C701,Physical Education,PE,Fall 2024,2026-07-27 18:16:37.376611,2026-07-28 04:05:18.570973,100.0,Completed,85.1
LMS001541,STU00612,C701,Physical Education,PE,Fall 2025,2026-03-21 16:57:52.761447,2026-07-24 02:05:12.567770,91.2,In Progress,61.8
LMS001534,STU00610,C501,Introduction to Programming,Technology,Fall 2023,2026-05-13 21:28:21.445154,2026-07-14 02:48:34.152259,60.2,In Progress,80.4
LMS000790,STU00314,C402,Government & Civics,Social Studies,Fall 2024,2025-01-19 12:23:07.673156,2025-04-25 23:48:47.279680,75.8,In Progress,89.3
LMS000026,STU00011,C701,Physical Education,PE,Spring 2024,2024-11-23 19:02:42.563997,2026-06-16 01:44:10.620368,100.0,Completed,84.7
,STU00434,C602,Music Theory,Arts,Fall 2025,2024-09-08 10:54:49.698067,,78.2,In Progress,98.8
LMS001761,STU00702,C802,French I,Languages,Fall 2025,2026-05-30 16:37:37.193080,2026-06-30 19:02:50.253414,90.7,In Progress,95.5
LMS002471,STU00987,C701,Physical Education,PE,Spring 2025,2025-05-23 11:28:32.758097,13-Jun-2025,75.9,In Progress,79.5
LMS002493,STU00996,C201,Biology,Science,Fall 2024,2026-02-27 07:46:30.375105,2026-06-01 13:05:51.856562,87.8,In Progress,61.4
LMS001093,STU444,C103,Algebra II,Math,Spring 2024,2024-10-10 18:44:17.570828,2024-10-14 03:43:53.135879,100.0,Completed,67.9
LMS001349,STU00543,C802,French I,Languages,Spring 2024,2026-07-19 20:43:16.733396,2026-07-27 07:44:18.023189,1.4,Dropped,
LMS000051,STU00021,C502,Web Development,Technology,Spring 2025,2024-09-12 05:17:25.852568,2025-05-02 19:05:38.234297,87.0,In Progress,63.4
LMS000006,STU00003,C501,Introduction to Programming,Technology,Spring 2024,2025-03-25 05:26:30.284966,11/26/2025,88.0,In Progress,68.4
LMS001291,STU520,C301,English  Literature,English,Fall 2025,2025-05-07 03:12:56.055364,2025-10-12 00:44:22.055177,46.2,In Progress,50.8
LMS000062,STU-00027,C801,Spanish I,Languages,Spring 2025,2025-07-29 12:39:39.879722,2026-07-01 21:44:38.155107,84.6,In Progress,68.8
LMS000218,STU00089,C402,Government & Civics,Social Studies,Spring 2024,2024-10-06 15:15:33.638268,2024-11-09 19:50:08.217509,100.0,Completed,97.3
LMS000403,STU00161,C301,English Literature,English,Fall 2025,2025-10-28 23:39:56.892405,46111,100.0,Completed,71.4
LMS000327,STU00133,C101,Algebra I,Math,Fall 2025,2024-08-01 03:58:13.329336,2026-05-21 16:01:16.640767,70.4,In Progress,88.0
LMS000135,STU00055,C401,World History,Social Studies,Spring 2025,2025-01-25 13:11:05.361448,2025-08-16 06:46:10.256996,90.6,In Progress,79.2
LMS000662,STU-00262,C801,Spanish I,Languages,Fall 2025,2025-12-30 01:57:17.043329,"March 22, 2026",89.0,In Progress,98.6
LMS000677,STU00269,C601,Visual Arts,Arts,Fall 2023,2026-02-20 15:00:17.749722,2026-03-08 02:58:40.294702,76.2,In Progress,96.0
LMS001014,STU00410,C402,Government & Civics,Social Studies,Fall 2024,2025-05-28 14:32:05.058892,2025-11-22 02:54:04.850420,100.0,Completed,96.6
LMS000615,STU00241,C101,Algebra I,  Math,Fall 2023,2025-08-07 12:23:12.000468,2026-07-06 03:42:54.065835,100.0,Completed,57.0
LMS000473,STU01232,C101,Algebra I,Math,Spring 2024,2024-08-06 21:41:36.380378,2024-09-04 17:27:04.195135,15.9,,
LMS001899,STU00757,,Physical Education,PE,Spring 2025,2025-12-08 16:20:57.495786,2026-07-09 21:38:23.076228,100.0,Completed,93.5
LMS002267,STU00906,C802,French I,Languages,Spring 2025,05-Oct-2024,2024-12-04 04:12:58.274318,41.4,In Progress,54.6
LMS000356,STU00142,C103,Algebra II,Math,Spring 2025,"October 12, 2025",2026-04-30 20:39:48.813812,73.8,In Progress,86.9
LMS001335,STU00536,C101,Algebra I,Math,Fall 2024,2024-11-02 16:17:52.331620,2025-05-06 18:56:48.511630,72.3,In Progress,57.7
LMS001372,STU00551,C302,Creative Writing,English  ,Spring 2025,2026-04-22 06:36:20.913056,2026-07-19 09:22:15.514884,100.0,Completed,56.0
LMS001536,STU00610,C802,French I,,Fall 2023,,2026-05-06 00:38:58.838712,74.1,In Progress,96.5
LMS001894,STU00755,C402,Government & Civics,Social Studies,Spring 2025,2025-05-06 21:19:25.671260,2025-12-21 07:15:25.269869,87.3,In Progress,78.0
LMS001628,STU00650,C601,  Visual Arts,Arts,Fall 2023,8/6/2024,2025-11-13 12:07:03.930532,80.6,In Progress,64.1
LMS000704,STU00281,C203,,Science,Fall 2023,2024-08-20 17:45:38.306763,2024-11-18 11:00:47.774245,75.9,In Progress,61.6
LMS001916,STU00765,C501,Introduction to Programming,Technology,Fall 2025,2026-02-12 06:04:18.074483,2026-07-19 08:11:15.909685,,Completed,53.8
LMS001047,STU00426,C302,Creative Writing,,,17/4/2026,06-May-2026,80.8,In Progress,58.7
LMS001783,STU00712,C102,Geometry,,Fall 2023,45996,46021,100.0,Completed,51.5
LMS002367,STU00945,C802,French I,Languages,Spring 2024,2024-08-28 21:49:13.229327,"September 18, 2025",100.0,Completed,80.2
LMS000973,STU00393,C101,Algebra I,Math,Fall 2024,2026-04-04 05:16:03.935465,2026-05-08 08:20:32.323171,10.2,Dropped,
LMS000801,STU00319,C501,Introduction to Programming,Technology,Fall 2023,45553,2024-12-29 00:27:40.890911,79.1,In Progress,81.0
LMS000958,STU00387,C101,Algebra I  ,Math,Fall 2025,2024-10-31 08:58:28.519679,,57.9,In Progress,91.8
LMS000650,STU00256,C802,French I,Languages,Spring 2025,2025-06-19 01:56:40.722404,2025-10-27 15:07:55.600033,74.9,,58.1
LMS000617,STU00242,C701,Physical Education,PE,Fall 2025,2025-01-22 13:42:24.591393,2026-03-21 10:50:19.879887,65.4,In Progress,59.3
LMS001005,STU00407,C101,,Math,Fall 2023,2024-08-24 08:45:50.310569,2026-07-24 01:45:26.280325,79.1,In Progress,76.4
LMS001618,STU00646,C502,  Web Development,Technology,Fall 2023,2026-02-13 02:57:11.740459,2026-02-13 20:14:56.788274,77.0,In Progress,65.1
LMS001600,STU01141,C402,Government & Civics,Social Studies,Fall 2023,2025-06-09 17:38:43.836390,2026-07-17 18:36:00.514800,73.3,In Progress,79.1
LMS002279,STU00910,C102,Geometry,Math,Spring 2024,2025-10-23 15:15:19.039101,2026-06-05 05:31:00.384232,73.3,In Progress,99.0
LMS002357,STU00942,C802,French I,Languages,Spring 2025,2026-01-15 17:49:22.763169,2026-03-05 22:12:34.753081,43.2,In Progress,76.6
LMS001759,STU00701,C102,Geometry,Math,Fall 2023,2026-02-03 10:09:21.291820,2026-03-24 11:02:56.214881,72.0,In Progress,99.1
LMS001689,STU00675,C801,Spanish I,LANGUAGES,Fall 2025,2025-10-11 16:17:38.672079,7/12/2025,41.2,In Progress,83.4
LMS001486,STU00590,C701,Physical Education,PE,Fall 2023,,2025-08-28 18:40:09.209620,82.5,In Progress,69.3
LMS001986,STU00793,C502,Web Development,Technology,Fall 2023,2024-12-26 16:50:18.129017,2026-03-18 17:02:27.747060,91.3,In Progress,70.8
LMS000103,STU-00042,C401,World History,Social Studies,Fall 2023,2025-02-06 02:03:31.338966,2025-06-30 18:32:12.713758,100.0,,
LMS000093,STU00038,C302,Creative Writing,English,Fall 2023,2026-06-12 07:56:47.882599,2026-07-13 20:16:29.412159,54.4,In Progress,76.5
LMS000678,STU00270,C802,,Languages,Fall 2025,8/2/2026,6/26/2026,100.0,Completed,98.3
LMS000147,STU00060,C502,Web Development,Technology,Spring 2025,2024-12-10 16:39:13.346766,2025-10-18 12:43:38.386095,87.0,In Progress,89.3
LMS000128,STU00052,C101,ALGEBRA I,Math,Fall 2024,2026-02-24 17:47:33.562732,2026-06-24 08:27:01.344297,1.5,Dropped,
LMS001537,610,C602,  Music Theory,Arts,,2025-08-16 07:07:21.761031,2026-03-10 05:43:50.729692,82.6,In  Progress,80.5
LMS001493,STU00593,C203,Physics,Science,Fall 2023,2026-03-25 06:04:08.843303,2026-04-13 04:26:44.385649,100.0,Completed,65.6
LMS000535,STU00210,C501,Introduction to Programming,Technology,Fall 2025,2024-09-02 20:38:22.857788,2025-09-14 09:42:33.449343,94.7,In Progress,82.1
LMS001067,STU00433,C101,Algebra I,Math  ,Fall 2023,2025-12-26 16:56:40.956185,30-Apr-2026,80.2,In Progress,93.5
LMS002249,STU00900,C202,Chemistry,Science,Spring 2025,"September 30, 2024","June 16, 2025",100.0,Completed,62.8
LMS001028,STU00418,C102,,Math,Spring 2025,2024-12-24 21:00:15.883060,2025-11-05 08:48:02.293818,92.2,In Progress,99.4
LMS000592,STU00234,C202,Chemistry,Science,Spring 2024,10/29/2025,"March 27, 2026",88.7,In Progress,67.4
LMS001462,STU00582,C602,Music Theory,Arts,Spring 2025,2024-09-03 16:30:59.242727,2026-01-28 10:29:07.723573,81.1,In Progress,61.3
LMS000494,STU00196,C103,Algebra  II,,Fall 2024,2026-04-26 02:15:17.012894,2026-05-23 17:47:15.777969,47.3,In Progress,73.0
LMS001094,STU00444,C301,English Literature,English,Spring 2025,2026-07-05 05:39:17.216860,2026-07-27 20:34:37.687158,14.1,Dropped,
LMS002086,STU00832,C701,Physical Education,PE,Fall 2025,2025-02-19 19:56:34.057438,2025-06-09 12:21:13.464498,100.0,Completed,58.2
LMS000545,STU00213,C201,Biology,Science,Fall 2024,2025-04-11 00:06:35.606728,2026-07-24 03:24:37.034315,78.6,In Progress,51.6
LMS000129,STU00052,C201,Biology,Science,Fall 2024,2025-02-16 04:19:20.710227,45712,84.1,In Progress,67.2
LMS000852,STU00342,C802,French I,Languages,Fall 2024,2025-06-09 05:22:27.494599,16/1/2026,100.0,Completed,
LMS000580,STU00229,C402,Government & Civics,Social Studies,Fall 2024,2025-02-12 01:21:01.522942,2026-07-23 00:18:35.452810,80.0,In Progress,93.8
LMS001789,STU00714,C103,Algebra II,Math,Fall 2024,6/22/2025,2026-06-01 03:34:46.128778,76.2,In Progress,70.1
LMS000267,STU00110,C501,Introduction to Programming,Technology,Spring 2024,07-Dec-2025,2026-04-23 10:13:52.919597,83.9,In Progress,63.3
LMS001903,STU00760,C802,French I,Languages,Fall 2024,24/1/2026,2026-02-20 04:13:03.652745,100.0,Completed,83.9
LMS000290,STU00118,C801,Spanish I,Languages,,2026-07-13 00:04:22.015701,2026-07-23 22:56:31.871358,71.9,In Progress,50.4
LMS001969,S0789,C201,Biology,Science,,2026-04-10 04:23:05.663715,2026-07-28 05:16:26.892248,100.0,Completed,70.3
LMS001588,STU00634,C103,Algebra II,Math,Spring 2024,2026-03-26 17:06:18.602385,2026-05-29 08:23:02.931230,41.8,In Progress,91.9
LMS000635,STU00250,C402,Government & Civics,Social  Studies,Spring 2024,2025-05-26 11:31:26.654444,,71.6,In Progress,51.1
LMS001625,STU00648,C802,French I,Languages,Spring 2025,2026-02-13 04:14:37.678663,2026-05-21 13:07:03.701646,79.3,,52.5
LMS000567,STU00223,C802,French I,Languages,Fall 2023,2024-11-17 05:40:31.899944,2025-03-28 08:48:30.196319,91.4,In Progress,65.6
LMS002030,STU00811,C501,Introduction to Programming,Technology,Fall 2024,2026-01-16 08:14:37.028772,2026-04-08 12:10:19.796286,100.0,Completed,86.0
LMS001524,STU00605,C102,Geometry,Math,Spring 2024,2024-08-09 14:06:54.561658,,100.0,Completed,77.3
LMS000406,STU00162,C202,,SCIENCE,Fall 2023,2/11/2026,2026-07-23 09:45:06.994077,81.1,In Progress,95.6
LMS002428,STU00972,C101,Algebra I,Math,Fall 2025,46157,2026-06-22 05:06:53.446954,81.3,In Progress,75.4
LMS000003,STU00001,C103,Algebra II,,Spring 2025,2025-02-18 05:54:01.547014,1/4/2025,63.9,In Progress,62.3
LMS001491,STU00592,C502,Web Development,Technology,Spring 2025,2024-08-23 23:01:39.061990,12/30/2025,100.0,Completed,65.3
LMS001697,STU00678,C201,Biology,Science,Spring 2024,2024-09-12 03:59:50.463871,2024-12-15 09:04:02.929230,100.0,  Completed,71.4
LMS000269,STU00111,C502,Web Development,Technology,Fall 2023,14/6/2026,2026-07-16 11:45:53.824156,100.0,Completed,53.0
LMS000772,STU00308,C802,French I,Languages,Spring 2024,2025-09-11 16:31:29.592612,46133,49.8,In Progress,96.5
LMS001225,STU00498,C801,Spanish I,,Fall 2025,2024-09-08 07:03:57.892949,2024-09-23 05:02:05.139858,73.9,In Progress,75.8
LMS001945,STU00779,C401,World History,Social Studies,Spring 2025,2025-08-15 17:39:53.772189,2026-04-11 18:44:51.941876,10.6,Dropped,
LMS001667,STU-00665,C103,Algebra II,Math,Spring 2025,2026-04-13 03:38:37.039763,"July 10, 2026",88.0,In Progress,83.3
LMS000823,STU00331,C201,Biology,Science,Spring 2024,2024-12-05 12:16:26.736099,2026-03-31 07:08:15.600170,,In Progress,52.7
LMS000041,STU00017,C101,Algebra I,Math,Fall 2025,2024-11-20 01:12:35.069111,2025-03-26 22:41:18.750462,81.5,In Progress,52.5
LMS001535,STU00610,C301,English Literature,English,Fall 2024,01-Oct-2024,2024-11-08 20:39:27.639441,78.6,In Progress,89.8
LMS000368,STU00146,C203,Physics,Science,Fall 2023,2025-12-20 17:37:05.689029,2026-03-14 03:31:59.282140,100.0,Completed,74.3
,STU00873,C401,World History,Social Studies,Spring 2025,2025-05-25 20:44:40.498467,"July 23, 2025",100.0,Completed,76.5
LMS001489,STU00591,C701,Physical Education,PE,Spring 2024,2026-02-23 21:04:12.323352,2026-05-25 11:43:58.344960,100.0,Completed,
LMS002268,STU00906,C701,physical education,PE,Spring 2024,"December 23, 2024",2025-07-24 17:28:35.249563,89.0,In Progress,93.2
LMS000017,STU00006,C203,Physics,Science,Spring 2024,2025-11-04 23:57:25.521888,2026-04-05 11:46:27.970521,100.0,Completed,91.5
LMS001488,STU00591,,Creative Writing,English,Fall 2024,2026-02-04 15:30:13.912633,2026-04-03 17:58:31.147787,79.9,In Progress,62.8
LMS000346,STU00139,C701,Physical Education,PE,Fall 2023,2025-09-20 11:20:54.611338,2026-06-03 17:15:34.616104,100.0,Completed,66.4
LMS001045,STU00425,C501,Introduction to Programming,Technology,Spring 2025,2025-06-11 10:04:04.727847,2026-05-27 04:01:34.364659,70.7,In Progress,96.9
LMS001913,STU00764,C502,Web Development,Technology,Spring 2024,17-Feb-2025,2025-04-24 02:38:54.091706,89.0,In Progress,61.6
LMS001553,STU00617,C301,English Literature,English,Spring 2024,2026-02-24 01:57:29.895908,8/3/2026,100.0,Completed,65.3
LMS000202,S0081,C201,Biology,Science,Spring 2024,45974,2026-06-21 17:24:29.627220,46.7,In Progress,
LMS001126,STU00458,C402,government & civics,Social Studies,Fall 2023,46177,05-Jun-2026,84.6,In Progress,77.8
LMS000822,STU00330,C102,Geometry,Math,Fall 2025,2025-08-31 19:39:46.010460,2025-09-01 15:20:04.541573,74.8,In Progress,78.1
LMS002496,S0997,C202,Chemistry,Science,Fall 2024,2026-07-14 18:30:24.252425,20-Jul-2026,100.0,,76.3
LMS000405,STU00162,C601,Visual Arts,Arts,Fall 2023,,2025-11-27 10:58:43.653246,47.8,In Progress,66.2
LMS000625,STU00246,C601,Visual Arts,Arts,Spring 2024,2024-12-15 10:09:44.537781,16-Dec-2024,85.5,In Progress,74.5
LMS001192,STU00485,C402,Government & Civics  ,Social Studies,Spring 2024,2025-04-23 07:38:54.253788,2025-05-21 15:20:23.132850,39.8,Dropped,
LMS001435,STU00572,C601,Visual Arts,Arts,Fall 2023,2025-10-03 15:46:21.268293,2026-06-02 02:05:59.975126,74.7,,94.9
LMS001558,STU00620,C302,Creative Writing,English,Fall 2025,2026-05-11 23:19:22.126346,2026-07-26 20:51:27.771190,74.9,In Progress,76.4
LMS001454,STU00579,C602,Music Theory,Arts,,2025-07-13 23:49:39.157714,,49.7,In Progress,63.8
LMS000445,STU00177,C801,Spanish I,Languages,Fall 2024,2025-09-03 09:44:33.476877,2025-11-14 22:00:55.596650,75.1,In Progress,91.3
LMS002212,STU00885,C302,Creative Writing,English,Fall 2025,2026-02-04 23:01:05.372421,2026-07-04 08:01:05.084757,41.1,IN PROGRESS,71.4
LMS001237,STU502,C501,Introduction to Programming,TECHNOLOGY,Spring 2024,2025-01-02 11:38:10.578233,2026-03-03 07:00:49.433866,73.1,In Progress,85.5
LMS001438,STU00573,C601,Visual Arts,Arts,Fall 2024,2025-12-28 13:21:49.743804,2026-02-01 09:53:56.201221,57.1,In Progress,59.6
LMS001781,STU00712,C101,Algebra I,MATH,Fall 2025,2026-04-13 22:32:15.977871,2026-06-22 22:53:35.066908,46.3,IN PROGRESS,80.7
LMS000869,STU00348,C203,Physics,Science,Spring 2025,2026-04-27 11:18:32.937228,2026-07-26 04:16:27.768747,100.0,Completed,84.3
LMS001822,STU726,C401,World History,Social Studies,Spring 2024,2025-06-02 12:36:35.369835,2026-01-01 00:22:51.353453,71.4,In Progress,90.3
LMS001622,STU00647,C103,Algebra II,Math,Spring 2025,3/29/2026,2026-05-28 02:13:10.907759,89.1,In Progress,65.6
LMS000768,306,C301,English Literature,English,Spring 2025,2025-01-10 07:46:24.857485,2026-03-16 18:16:12.416384,86.2,In Progress,72.8
LMS001718,STU00686,C103,Algebra II,Math,Fall 2025,2026-03-08 16:27:34.027378,2026-04-26 09:30:34.138034,70.8,In Progress,96.1
LMS002405,STU00961,C701,Physical Education,PE,Fall 2024,2025-12-29 10:00:27.887327,2026-01-24 03:40:30.214689,100.0,Completed,65.0
LMS001062,STU00431,C302,Creative Writing,English,Spring 2025,2026-07-27 02:17:51.680141,2026-07-27 07:24:14.311846,100.0,,88.6
LMS002291,STU00916,C501,Introduction  to  Programming,Technology,Fall 2023,2025-08-31 22:26:33.285026,25-Apr-2026,100.0,Completed,66.4
LMS000603,STU00237,C601,Visual Arts,Arts,Fall 2023,2025-01-09 21:47:59.026803,2025-11-23 23:01:54.264245,100.0,Completed,83.4
LMS000636,STU00250,C502,Web Development,Technology,Fall 2024,2026-03-30 11:47:46.956112,2026-07-20 08:21:05.322214,54.1,In Progress,84.1
LMS000171,STU00069,C801,Spanish I,Languages,Spring 2025,2024-11-17 21:00:55.041863,45691,80.8,In Progress,68.3
LMS001998,STU00799,C701,Physical Education,PE,Fall 2023,2025-09-11 15:39:35.143442,2026-05-09 03:46:13.939420,21.1,Dropped,
LMS001976,STU00790,C302,Creative Writing,English,Fall 2023,2026-04-30 07:29:04.765760,2026-06-25 07:43:11.433902,94.9,In Progress,66.3
LMS001329,STU00534,C102,Geometry,Math,Fall 2025,2025-04-05 18:18:04.062780,2025-11-27 13:32:31.100031,93.3,In Progress,63.1
LMS001323,STU-00530,C102,Geometry,Math,Fall 2024,4/25/2025,2025-04-27 00:35:26.889350,72.0,In Progress,
LMS000691,STU00276,C802,French I,Languages,Fall 2024,21-Jan-2025,"July 14, 2025",64.0,In Progress,58.0
LMS001469,STU00584,C203,Physics,Science,Spring 2024,2024-10-14 23:10:35.185882,45817,71.1,,55.6
LMS000348,STU00140,C203,Physics,Science,Fall 2025,2025-10-26 02:56:13.996955,2026-03-21 22:03:33.407658,83.8,In Progress,76.0
LMS001223,STU00497,C203,Physics,Science,Fall 2025,1/8/2025,2025-12-16 10:25:57.899908,49.0,In Progress,65.1
LMS001859,stu00740,C301,English Literature,English,Fall 2023,2025-05-30 20:38:52.189236,2025-12-16 23:40:22.594915,41.0,In Progress,86.1
LMS000168,STU00068,C602,Music Theory,Arts,Spring 2024,2025-01-24 06:29:55.437796,2025-07-23 08:05:02.436213,87.0,In Progress,85.1
LMS000049,STU00021,C501,Introduction to Programming  ,Technology,Fall 2025,2026-07-12 12:37:18.063382,2026-07-19 14:56:00.133616,76.0,In Progress,82.8
LMS000627,STU00246,C502,Web Development,Technology,Spring 2025,,2026-07-09 03:01:31.515684,78.7,In Progress,82.2
,STU00815,C602,Music Theory,Arts,Fall 2024,2025-11-04 14:57:39.623693,2026-01-23 08:24:47.712892,100.0,Completed,87.6
LMS001934,STU00773,C801,Spanish I,Languages,Fall 2023,2026-04-20 21:09:03.498000,2026-05-21 17:26:16.492377,93.0,In Progress,88.3
LMS000570,STU00224,C802,French I,Languages,Fall 2023,2026-01-13 01:03:38.403280,2026-04-29 03:15:57.540055,81.3,In Progress,90.9
LMS001041,STU00423,C103,Algebra II,Math,Spring 2024,2025-06-28 09:26:36.972744,2026-03-04 23:31:01.056495,24.4,Dropped,
LMS000999,STU00405,C101,Algebra I,Math,Fall 2023,2026-06-26 21:29:39.350018,2026-07-05 11:47:07.095923,90.1,In Progress,57.5
LMS001920,STU00767,C202,Chemistry,Science  ,Spring 2025,2026-03-30 21:11:11.796008,2026-06-01 01:26:53.223434,100.0,  Completed,60.9
LMS001885,751,C602,Music Theory,Arts,Spring 2025,2025-05-27 18:40:07.437673,2025-07-08 01:11:52.513170,76.4,In Progress,
LMS002466,STU00986,C801,Spanish I,  Languages,Spring 2024,2024-11-18 05:21:29.315919,2026-06-10 03:41:21.958869,79.2,In Progress,91.3
LMS000627,STU00246,C502,Web Development,Technology,Spring 2025,,2026-07-09 03:01:31.515684,78.7,In Progress,82.2
LMS001735,STU00692,C301,English  Literature,english,Spring 2024,2025-01-26 13:54:22.349797,2025-03-19 20:53:02.984172,100.0,Completed,73.2
LMS000736,STU00293,C203,  Physics,Science,Spring 2024,12/26/2024,2025-03-05 19:55:09.341437,77.1,In Progress,
LMS000230,STU00094,C501,Introduction to Programming,Technology,Spring 2024,"March 11, 2026",2026-07-07 18:38:14.483278,51.5,In Progress,53.3
LMS001750,STU00697,C801,Spanish I,Languages,Spring 2024,2025-10-07 10:41:22.391518,2026-07-13 13:29:31.581512,74.4,In Progress,82.6
LMS001726,STU688,C202,Chemistry,Science,Fall 2023,24/9/2024,2/27/2025,100.0,Completed,90.9
LMS001656,STU00660,C401,World History,,Fall 2023,2025-04-26 01:28:50.606830,2025-08-20 15:11:42.067592,100.0,Completed,59.2
LMS002216,STU-00886,C402,Government & Civics,Social Studies,Fall 2025,2025-01-23 04:07:21.356039,2025-07-11 17:41:24.292901,89.5,In Progress,
LMS000582,STU00229,C601,Visual Arts,Arts,Fall 2025,18/4/2025,2026-01-27 10:22:21.090853,86.2,In Progress,55.3
LMS000533,STU00210,C101,Algebra I,Math,Spring 2025,2026-04-15 15:19:18.757349,,,In Progress,86.4
LMS000143,STU00058,C601,Visual Arts,Arts,Fall 2024,2025-03-11 13:52:02.394666,2026-04-26 22:08:01.799813,53.1,In Progress,66.8
LMS000152,STU00061,C502,Web Development,Technology,Fall 2025,2025-09-16 14:44:39.835103,2026-01-23 01:35:44.121849,86.1,In Progress,70.4
,STU00378,C201,Biology,Science,Fall 2024,46017,2026-07-26 03:27:19.758734,87.9,In Progress,98.1
LMS002295,STU00917,C201,Biology,Science,Fall 2024,12-Dec-2024,2025-02-26 06:09:04.744235,78.2,In Progress,54.0
LMS000660,STU-00261,C302,Creative Writing,English,Fall 2025,2025-09-08 07:25:04.846433,2025-12-15 00:23:24.759173,88.4,In Progress,70.3
LMS000414,STU00165,C101,Algebra I,Math,Fall 2024,2026-04-09 23:04:51.676142,2026-04-25 16:04:49.429391,100.0,Completed,87.5
LMS001898,STU00757,C602,Music Theory,Arts,Spring 2025,45704,2025-06-12 01:05:57.529817,100.0,COMPLETED,75.8
,STU00163,C102,Geometry,Math,Spring 2025,2026-04-07 22:58:34.940327,2026-07-06 04:21:17.775545,75.9,In Progress,57.2
LMS001050,STU00427,C301,English Literature,English,Spring 2025,5/11/2025,2026-01-24 05:05:48.104355,78.4,In Progress,54.8
LMS001404,STU00562,C802,French I,Languages,Spring 2024,2024-10-10 22:39:09.746552,2024-12-11 03:51:20.732645,100.0,Completed,98.2
LMS001214,STU00494,C402,Government & Civics,Social Studies,Fall 2025,2026-03-18 09:19:09.650771,2026-06-25 12:42:04.844410,82.3,In Progress,78.4
LMS001092,STU00444,C501,Introduction to Programming,Technology,Fall 2023,5/8/2025,5/10/2026,85.0,In Progress,69.1
LMS000645,STU00255,C402,Government & Civics,Social Studies,Fall 2023,2026-07-12 14:21:28.862129,2026-07-17 13:38:11.074981,100.0,Completed,69.5
LMS001178,STU00480,C301,English Literature,English,Fall 2023,2026-03-12 16:19:00.531578,2026-05-24 19:54:53.215908,46.8,In Progress,84.2
LMS002009,STU00804,C401,World History,Social Studies,Fall 2023,2025-12-25 23:51:50.515919,2026-07-22 20:51:22.853215,100.0,Completed,85.5
LMS000229,STU00094,C101,Algebra I,Math,Fall 2025,"December 13, 2024",2026-02-19 13:42:02.677502,100.0,Completed,78.5
LMS001924,STU00769,C402,Government & Civics,Social Studies,Spring 2025,2025-03-15 10:59:34.115334,6/23/2026,100.0,Completed,53.6
LMS000574,STU00225,C101,Algebra I,Math,Spring 2025,2025-02-09 09:51:57.636374,15/12/2025,100.0,Completed,76.3
LMS001895,STU00756,C802,French I,Languages,Spring 2025,2025-07-15 16:14:02.737659,2025-07-23 22:14:27.987931,100.0,Completed  ,62.2
LMS000936,STU00378,C101,Algebra I,Math,Fall 2024,2025-07-23 13:53:17.043378,2026-02-27 14:27:58.590829,100.0,Completed,61.7
LMS002425,STU00971,C102,Geometry,Math,Spring 2025,2024-07-29 00:06:25.655218,2026-02-06 03:35:54.375868,75.1,In Progress,98.9
LMS001175,STU00478,C601,Visual Arts,ARTS,Spring 2025,45697,2025-10-13 00:11:37.877635,100.0,Completed,68.2
LMS002162,STU00867,C102,Geometry,Math,Fall 2024,2025-10-05 13:28:04.741457,2026-02-01 17:41:35.486376,72.5,In Progress,90.1
LMS000429,STU00171,C701,Physical Education,PE,Fall 2023,2024-11-04 15:44:37.123770,2026-01-11 06:57:32.749732,100.0,Completed,81.6
LMS000540,STU00212,C301,English Literature,English,Fall 2025,45829,2026-01-10 22:15:07.122294,70.8,In Progress,91.7
LMS000527,STU00208,C201,Biology,Science,Fall 2025,2025-05-09 17:58:26.651994,2026-04-09 12:27:23.293266,75.2,In Progress,98.7
LMS001578,STU00630,C203,Physics,SCIENCE,,2026-05-14 18:09:41.457694,2026-07-02 19:50:17.047251,93.0,In Progress  ,50.7
LMS000235,STU00097,C402,Government & Civics,Social Studies,Fall 2025,8/22/2025,2026-06-12 17:56:51.552518,93.6,In Progress,67.2
LMS000575,STU00226,C302,Creative Writing,English,Spring 2024,2025-09-27 08:12:34.237609,2026-02-06 00:54:33.151821,100.0,Completed,80.7
LMS001502,STU00596,C301,  English Literature,english,Fall 2024,2025-07-22 05:19:21.136033,2025-08-24 08:16:04.749625,82.2,In Progress,65.2
LMS001498,STU00595,C802,French I,Languages,Spring 2025,2025-03-30 11:05:42.371525,2025-11-06 09:55:22.826607,85.2,In Progress,61.1
LMS001518,STU00603,C201,Biology,Science,Spring 2025,2025-11-29 02:40:16.353750,2026-02-07 01:58:10.339922,84.4,In Progress,50.4
LMS001936,STU00775,C302,Creative Writing,English,Fall 2023,2025-05-21 19:35:17.843161,2026-05-15 09:23:12.900016,43.9,In Progress,90.8
LMS000771,STU00307,C802,French I,Languages,Spring 2025,2025-12-24 23:41:15.412899,2026-02-17 22:12:17.326805,92.1,In Progress,93.1
LMS002264,STU00905,C601,Visual Arts,Arts,Fall 2023,2025-12-20 22:21:05.649721,2026-06-27 11:08:13.609936,12.9,Dropped,
LMS002036,STU00814,C302,Creative Writing,English,Spring 2024,2024-09-13 06:36:36.227414,2025-01-22 18:33:19.659080,44.8,In  Progress,70.5
LMS002305,STU00922,C302,Creative Writing,English,Spring 2025,2026-07-21 02:38:33.696307,,,In Progress,98.4
LMS001850,STU-00737,C401,World History,Social Studies,,2025-09-10 08:32:45.116870,2026-06-17 00:30:41.340146,74.9,In Progress,88.2
LMS000994,STU00403,C202,Chemistry,Science,Fall 2023,2024-08-21 13:58:15.614671,2026-02-04 22:43:34.831339,100.0,Completed,94.5
LMS001614,STU00645,C103,Algebra II,Math,Fall 2023,2025-08-22 04:25:25.917694,19-Jan-2026,,In Progress,53.4
LMS000940,STU00379,C501,Introduction to Programming,Technology,Spring 2024,2025-05-29 10:08:44.798327,2025-08-20 22:03:54.829584,90.4,  In Progress,80.3
LMS001461,STU00581,C101,Algebra I,Math,Spring 2024,2025-01-02 01:18:44.734124,24-Jan-2026,91.7,In Progress,82.2
LMS001266,S0512,C102,Geometry,Math,Fall 2024,2024-11-18 06:44:09.275694,2026-05-08 11:31:46.166483,76.0,In Progress,51.8
LMS001522,STU00604,C602,Music Theory,Arts,Spring 2025,2025-11-24 22:02:42.272492,2025-12-16 02:39:11.838852,100.0,Completed,52.9
LMS001071,STU-00434,C302,Creative Writing,English,,2025-02-19 01:29:15.061368,2025-12-14 23:51:19.216213,100.0,Completed,64.2
LMS001663,STU00663,C402,Government & Civics,Social Studies,Fall 2023,2026-02-22 09:16:18.966330,20-May-2026,100.0,Completed,73.4
LMS002028,STU00810,C402,government & civics,Social Studies,Spring 2025,"May 24, 2025",3/21/2026,77.8,In Progress,88.1
,STU00414,C601,Visual Arts,ARTS,Fall 2024,2025-09-05 03:52:20.840536,"June 21, 2026",18.4,Dropped,
LMS000538,STU00211,C801,Spanish I,Languages,Spring 2025,45506,2025-06-01 19:44:03.882715,77.6,In Progress,67.6
LMS001026,STU00417,C801,Spanish I,Languages,Spring 2025,2025-11-30 04:46:49.134058,2026-03-26 19:28:16.702275,89.8,In Progress,59.9
LMS001863,STU00741,C802,French I,Languages,Spring 2025,2024-09-22 23:40:08.320731,2025-07-15 16:52:17.669490,63.3,In Progress,85.3
LMS002327,STU00930,C201,Biology,Science,Fall 2023,2026-06-10 18:42:59.545874,2026-07-24 09:07:46.921910,100.0,Completed,62.3
LMS001506,STU00597,C201,Biology,Science,Fall 2025,46209,2026-07-22 00:50:58.233210,51.4,In Progress,90.7
LMS000379,STU00150,C801,Spanish I,Languages,Spring 2025,2025-12-07 05:00:10.551321,2025-12-23 00:35:27.191172,88.2,,79.5
LMS002016,STU00807,C202,Chemistry,Science,Fall 2023,10/9/2024,2025-12-16 13:51:31.278117,50.5,In Progress,70.1
LMS002167,S0869,C502,Web Development,Technology,Fall 2023,4/24/2025,"March 03, 2026",90.0,In Progress,79.8
LMS000307,stu00126,C101,Algebra I,Math,Spring 2025,,"July 09, 2026",100.0,Completed,69.0
LMS002344,936,C402,GOVERNMENT & CIVICS,Social Studies,Fall 2025,19/8/2024,2025-01-03 04:02:20.475566,93.2,In Progress,83.5
LMS000059,STU00026,C802,French I,Languages,Spring 2025,,2026-06-28 03:01:26.429148,71.5,  In Progress,54.1
LMS001659,STU00661,C202,CHEMISTRY,Science,Fall 2025,2026-07-10 04:18:59.908646,2026-07-22 04:37:30.130313,94.9,In Progress,91.8
LMS001538,STU00611,C101,Algebra I,Math,Fall 2025,2025-01-15 08:12:26.425146,2025-11-20 11:24:02.146821,70.6,In Progress,63.6
LMS000313,STU00129,,Algebra I,Math,Fall 2024,2024-12-18 12:05:03.588120,4/9/2025,83.8,In Progress,85.2
,STU00160,C601,Visual Arts,Arts,Spring 2024,45784,2025-07-01 11:40:39.511479,77.9,In Progress,53.8
LMS000925,STU00373,C302,Creative Writing,English,Fall 2025,"February 23, 2025",2025-10-11 01:39:53.774748,84.1,In Progress,87.2
LMS000748,STU00297,C103,Algebra II,Math,Fall 2024,45720,"September 12, 2025",82.5,In Progress,90.9
LMS001379,STU-00553,C402,Government & Civics,Social Studies,Fall 2024,2026-05-12 07:09:58.623283,2026-06-30 18:14:57.629183,41.6,In Progress,84.5
LMS000679,STU00270,C501,Introduction to Programming,Technology,Fall 2024,2024-08-16 05:23:12.587959,2026-03-27 15:50:49.869013,82.7,In Progress,83.6
LMS001123,457,C301,English Literature,English,,2026-06-26 12:49:02.215538,2026-07-14 05:12:36.032801,80.4,In Progress,78.0
LMS001185,STU00484,C701,Physical Education,PE,Spring 2024,2025-01-23 23:09:21.743483,2026-05-19 11:20:31.007464,100.0,Completed,72.0
LMS000393,STU00158,C302,Creative Writing,English,Spring 2025,2025-03-18 02:00:08.658132,2025-11-01 22:10:01.054319,100.0,,75.7
LMS000767,STU00306,C201,BIOLOGY,Science  ,Spring 2024,2025-02-22 05:47:50.425159,2026-07-27 11:48:19.018660,100.0,Completed,82.5
LMS000962,STU00388,C102,Geometry,Math,Spring 2024,2026-03-14 19:37:01.084174,2026-07-22 17:49:48.708969,93.4,  In Progress,68.2
LMS001425,STU00569,C701,Physical Education,PE,Spring 2025,2026-02-15 05:57:05.673398,2026-05-04 20:08:38.573153,,In Progress,61.5
LMS001708,STU00682,C201,Biology,science,Fall 2025,2026-01-27 02:58:36.344865,2026-05-20 03:48:06.295169,100.0,Completed,65.7
LMS000473,STU00188,C101,Algebra  I,Math,Spring 2024,"August 06, 2024",2024-09-04 17:27:04.195135,15.9,,
LMS001748,STU00697,C103,Algebra II,Math,Spring 2025,2025-06-08 00:30:12.470415,16-Jun-2025,77.5,In Progress,84.3
LMS002077,STU00830,C302,Creative Writing,English,Fall 2023,2024-08-12 16:27:49.332304,2026-04-20 16:01:51.873636,100.0,Completed,64.8
LMS001304,STU00524,C501,Introduction to Programming,Technology,Fall 2025,2025-09-30 20:20:22.049102,2025-11-17 20:15:10.819733,100.0,Completed,
LMS000941,stu00380,C802,French I,Languages,Fall 2025,2025-10-27 14:16:14.497291,2026-07-09 11:34:17.001071,44.7,In Progress,52.3
LMS000113,stu00047,C202,Chemistry,Science,Fall 2023,2025-10-06 16:25:09.950551,,92.1,In Progress,90.3
LMS000345,STU00139,C402,Government & Civics,Social Studies,Fall 2023,4/21/2025,2026-05-23 08:49:26.385486,100.0,Completed,53.1
LMS002296,STU00918,C802,French I,Languages,Fall 2024,45944,2026-06-05 13:39:16.850290,100.0,Completed,87.3
LMS000252,STU00105,,Government & Civics,Social Studies,Spring 2025,2026-01-16 21:41:55.295660,46057,100.0,Completed,
LMS001602,STU00640,C401,World History,Social Studies,Spring 2025,,2026-04-04 08:26:55.149124,93.6,In Progress,91.1
LMS000184,STU00074,C302,Creative Writing,  English,Spring 2025,2026-05-17 02:06:40.876770,2026-07-17 00:20:14.200804,77.8,In Progress,78.3
LMS002319,STU00928,C402,Government & Civics,Social Studies,Fall 2025,2025-01-17 05:31:18.224652,2026-04-08 00:21:43.685596,100.0,Completed,92.0
LMS000262,STU00108,C102,Geometry,Math,,2025-03-12 13:28:11.696685,2025-12-08 19:57:21.202261,100.0,Completed,58.7
LMS000683,STU00272,C101,Algebra I  ,Math,Spring 2025,2024-08-31 05:10:33.871624,2025-10-13 05:17:53.822464,46.5,In Progress,59.9
LMS000653,STU00258,C401,World History,Social Studies,Fall 2024,"March 14, 2025",05-Jan-2026,100.0,Completed,83.8
LMS001328,STU00534,C401,World History,Social Studies,Fall 2023,12/20/2025,2026-02-21 12:37:47.387029,68.8,In Progress,73.2
LMS000827,STU00333,C501,Introduction to Programming,  Technology,Spring 2024,,2026-02-13 17:49:24.011117,84.8,In Progress,97.9
LMS001567,STU00624,,Web Development,,Fall 2024,2024-12-22 23:19:08.327095,9/9/2025,66.1,In Progress,55.3
LMS001255,STU00508,C103,Algebra II,Math,Fall 2025,2025-11-13 04:21:05.690431,2026-03-15 18:38:36.338274,45.6,In Progress,83.1
LMS000030,STU00012,C201,Biology,  Science,Fall 2023,2026-03-31 05:22:07.966963,2026-07-09 04:07:29.671545,82.9,  In Progress,63.4
LMS000325,STU00132,C601,Visual Arts,Arts,Spring 2024,2024-08-08 20:09:37.320750,2025-05-04 12:37:03.221249,40.7,In  Progress,86.3
,STU00427,C203,Physics,Science,Spring 2025,2026-07-06 20:25:11.484491,2026-07-20 23:04:40.419642,100.0,Completed,92.5
LMS000443,STU00176,C601,Visual Arts,Arts,Spring 2024,3/21/2025,2025-12-27 01:19:42.877478,87.9,In Progress,60.9
LMS002139,858,C501,Introduction to Programming,Technology,Fall 2023,2026-04-27 15:57:59.292625,2026-05-25 05:40:26.883599,83.2,In Progress,93.9
LMS001470,STU00584,C701,Physical Education,PE  ,Fall 2025,2025-10-16 08:35:30.615360,24-Jan-2026,78.7,In Progress,84.8
LMS000038,STU00016,C102,Geometry,Math,Spring 2024,8/1/2024,2025-06-04 07:13:39.517801,100.0,Completed,86.8
LMS001446,STU00576,C501,Introduction to Programming,Technology,Spring 2024,2024-08-02 15:38:55.520736,,100.0,Completed,64.2
LMS000616,STU00242,C601,VISUAL ARTS,Arts,Fall 2023,13/10/2024,2025-07-14 17:37:36.367364,76.0,In Progress,80.3
LMS001723,STU00687,C203,Physics,Science,Spring 2025,9/24/2024,"November 23, 2025",79.1,In Progress,65.5
LMS000548,STU00215,C201,Biology,Science,Fall 2023,2025-05-06 02:18:48.071916,2025-11-22 04:23:26.573808,77.3,In Progress,80.8
LMS000237,STU00098,C401,World History,Social Studies,Fall 2023,2024-09-13 19:30:02.966347,06-Jul-2026,100.0,Completed,71.1
LMS002071,STU00828,C102,Geometry,Math,Spring 2024,2025-04-18 05:46:54.070748,2025-08-30 10:54:13.507244,30.6,Dropped,
LMS001593,STU636,C203,Physics,Science,Fall 2025,5/28/2026,2026-07-04 03:01:48.374181,75.2,In Progress,50.8
LMS000696,STU00279,C301,English Literature,English,Spring 2025,2025-03-31 23:07:27.762978,2026-02-28 17:18:28.276987,85.1,In Progress,96.1
LMS001694,STU00677,C201,Biology,Science,Fall 2024,2026-02-23 18:56:01.811223,2026-04-18 03:41:09.915462,84.7,In Progress,51.7
LMS001929,STU00771,C301,English Literature,English,Fall 2023,2024-10-05 03:58:49.869181,2025-11-18 22:46:43.729145,100.0,Completed,98.3
LMS002441,STU00977,C202,Chemistry,SCIENCE,Spring 2025,27-Dec-2025,2026-05-04 06:01:59.333107,100.0,Completed,98.9
LMS000887,STU00357,C301,English Literature,English,Spring 2025,2024-08-16 22:32:22.725110,2026-06-30 12:26:52.609418,88.9,In Progress,56.7
LMS001322,STU00530,C103,Algebra II,Math,Fall 2023,2025-06-12 02:39:36.603578,2026-04-29 21:44:23.010326,35.7,Dropped,
LMS000594,STU00234,C801,Spanish I,Languages,Spring 2025,2024-07-28 14:58:45.564201,02-Jan-2026,51.6,In Progress,85.1
LMS001359,STU00547,C802,French I,Languages,Fall 2024,19/6/2026,9/7/2026,53.8,  In Progress,96.2
,STU00065,C202,CHEMISTRY,Science,Spring 2024,2025-07-11 14:27:37.591073,7/17/2026,49.3,In Progress,79.7
LMS000542,STU00213,C302,Creative Writing,English,Fall 2023,11/25/2025,2026-04-02 16:40:25.785455,82.0,,58.0
LMS001644,STU00656,C302,Creative Writing,English,Fall 2023,2025-01-18 13:43:46.961644,2026-06-27 20:21:58.141706,100.0,COMPLETED,74.4
LMS002041,STU00816,C602,Music Theory,Arts,Fall 2025,23-May-2026,6/3/2026,87.2,In Progress,82.5
LMS001848,STU00736,C301,English Literature,English,Spring 2025,2025-07-08 23:52:18.422471,2025-07-12 09:21:40.819758,47.5,In Progress,99.0
LMS001840,STU00734,C501,  Introduction to Programming,Technology,Spring 2025,2025-12-22 04:43:24.337156,2026-07-26 04:55:01.368903,100.0,Completed,92.9
LMS002460,STU00984,C203,Physics,Science,Fall 2023,9/14/2025,2025-11-18 14:24:59.391319,89.9,In Progress,78.8
,STU00641,C801,Spanish I,Languages,Fall 2024,2025-12-28 21:27:54.887307,2026-07-14 13:55:59.468883,91.3,In Progress,81.7
LMS001765,STU00703,C103,Algebra II,Math,Fall 2025,10-Nov-2024,"November 25, 2025",100.0,Completed,50.7
LMS000785,STU00313,C801,Spanish I,Languages,Spring 2024,2025-04-29 07:12:48.136897,2025-11-24 10:59:55.378113,100.0,Completed,58.5
,STU00406,,English Literature,English,Spring 2025,2026-03-22 20:34:29.948351,2026-05-31 09:08:46.787441,93.6,In Progress,56.4
LMS000197,STU00080,C302,Creative Writing,English,Fall 2023,2026-06-16 20:57:26.904134,2026-07-10 00:32:54.468454,100.0,Completed,72.4
LMS002068,STU00827,C802,French I,Languages,Spring 2025,2025-08-16 15:39:24.162727,2026-01-14 10:05:29.062920,86.0,In Progress,50.9
LMS001246,STU00505,C202,Chemistry,Science,Fall 2025,2025-12-04 20:37:11.899428,2026-05-18 12:12:14.724860,68.2,In Progress,
LMS002026,S0810,C202,Chemistry,Science,Fall 2025,2026-03-31 01:58:13.115489,,100.0,Completed,86.8
LMS000287,STU00117,C202,Chemistry,Science,Fall 2024,2025-08-01 03:37:12.112794,2026-07-15 15:37:41.066599,100.0,Completed,93.7
LMS000355,STU00142,C801,  Spanish I,Languages,Fall 2023,2025-02-21 14:54:29.551068,2025-12-09 02:46:33.997565,100.0,Completed,67.5
LMS002485,STU993,C802,French I,Languages,Fall 2025,2025-04-05 21:07:50.356755,2026-01-11 03:06:08.674227,62.9,In Progress,94.8
LMS000243,STU100,C602,Music Theory,Arts,Fall 2025,2026-02-18 12:21:09.399957,2026-04-16 14:32:09.267019,100.0,Completed,54.0
LMS000457,STU00182,C102,Geometry,Math,Spring 2024,2025-07-12 02:26:17.943082,2026-06-29 21:55:00.506056,100.0,Completed,68.3
LMS001088,STU00443,C302,Creative Writing,English,Fall 2025,2025-01-06 08:19:36.555196,7/20/2026,100.0,Completed,99.7
LMS000606,STU00238,C802,,Languages,Fall 2025,2025-04-18 16:21:02.798712,"October 05, 2025",100.0,Completed,83.3
LMS000649,STU00256,C201,Biology,Science,Fall 2023,2025-02-17 18:39:25.872433,20-Oct-2025,100.0,Completed,80.8
LMS002058,STU00823,C101,Algebra I,Math,Fall 2025,2025-01-12 04:48:26.275283,46115,100.0,Completed,78.9
LMS000363,STU00145,C501,Introduction to Programming,Technology,Fall 2023,2025-02-19 13:07:16.865660,2025-08-11 11:27:52.448963,83.5,In Progress,83.6
LMS000837,STU00336,C301,English Literature,English,Fall 2024,2025-04-15 01:06:45.411597,2025-06-07 18:09:22.250380,88.8,In Progress,76.7
LMS000372,STU00148,C302,Creative Writing,English,Fall 2024,2024-08-19 02:17:37.747375,2024-08-26 12:30:29.748250,55.0,In Progress,67.1
LMS001400,STU00561,C401,WORLD HISTORY,Social Studies,Fall 2023,6/30/2025,2026-06-23 17:19:22.602151,,In Progress,99.9
LMS001345,STU00541,C502,Web Development,Technology,Spring 2024,45798,2025-08-24 07:17:38.314421,100.0,Completed,58.6
LMS002157,STU00865,C802,French I,Languages,Spring 2025,2025-07-09 16:41:02.048155,2026-06-16 16:46:30.618581,74.6,In Progress,
LMS001676,STU00669,C501,Introduction to Programming,Technology,Spring 2024,2026-03-07 06:24:17.931994,2026-05-26 11:48:21.675568,52.1,In Progress,89.5
LMS001694,STU00677,C201,  Biology,Science,Fall 2024,2/23/2026,2026-04-18 03:41:09.915462,84.7,In Progress,51.7
LMS001844,STU00735,C602,Music Theory,Arts,Spring 2024,,2025-08-21 16:16:24.602173,86.8,In Progress,92.5
LMS000263,STU00108,C401,World History,Social Studies,Spring 2025,2026-07-17 03:22:22.894072,46231,93.6,In Progress,65.7
LMS000091,STU00038,C301,English Literature,English,Fall 2024,2025-11-01 00:19:37.369150,2025-11-24 22:21:33.172239,100.0,Completed,86.7
LMS001209,stu00492,C602,Music Theory,  Arts,,2024-10-22 22:02:34.178617,"January 06, 2026",80.4,In Progress,68.2
LMS001777,STU-00709,C802,French I,Languages,Spring 2024,2024-12-23 04:56:02.210365,2025-06-15 08:15:41.410437,,In Progress,79.6
LMS000191,STU-00077,,Chemistry,Science,,2025-10-24 12:26:00.534751,2026-05-08 21:05:20.203700,100.0,Completed,74.0
LMS001029,STU00418,C601,Visual Arts,ARTS,Fall 2023,2024-09-08 18:02:17.585724,2025-04-19 11:14:52.721858,92.9,In Progress,67.0
LMS000318,STU00131,C102,Geometry,Math,Spring 2024,"July 17, 2025","December 10, 2025",76.6,In Progress,67.9
LMS001925,STU00769,C701,Physical Education,PE,Spring 2025,2024-11-03 07:30:23.331501,2025-09-09 04:48:54.226111,86.0,In Progress,82.8
LMS001542,STU00613,C502,Web Development,Technology,Fall 2023,2024-12-01 13:25:14.023715,2025-12-25 04:34:33.309129,90.7,In Progress,71.4
LMS002479,STU00990,C602,Music Theory,Arts,Fall 2025,2025-03-28 13:09:31.306470,2025-07-13 05:35:44.815391,85.1,In Progress,53.7
LMS000115,STU00047,C502,Web Development,Technology,,2025-01-06 14:24:12.431748,2025-08-01 09:03:32.908583,83.6,In Progress,60.4
LMS000485,STU00194,C701,Physical Education,PE,Fall 2024,2025-09-20 08:29:46.714221,2026-03-07 19:01:27.867194,100.0,Completed,93.0
LMS000311,STU00129,C601,Visual Arts,Arts,Spring 2024,2025-12-05 17:57:16.904989,2026-05-13 23:50:46.688581,100.0,Completed,87.3
LMS001825,STU00727,C802,French I,Languages  ,Fall 2024,2025-06-18 22:04:16.270339,2025-07-17 21:39:39.258450,80.2,In Progress,74.7
LMS000183,74,C802,French I,Languages  ,Fall 2025,2025-09-20 18:57:05.803961,2025-12-29 14:08:43.308055,100.0,Completed,70.8
LMS000945,STU00381,C102,Geometry,Math  ,Fall 2023,23-Jan-2025,,100.0,Completed,71.0
LMS001749,STU00697,,Biology,Science,Fall 2025,2026-04-05 09:55:15.219941,2026-07-19 12:46:20.200649,33.0,Dropped,
LMS001271,513,C802,French I,Languages,Spring 2024,2026-04-06 16:05:17.144688,2026-06-13 23:01:56.405919,74.6,In Progress,55.2
LMS000227,STU00094,C103,Algebra II,Math,Spring 2024,2025-10-02 09:15:21.263879,2026-03-05 12:30:09.977702,100.0,Completed,79.7
LMS001532,STU00609,C101,Algebra I,Math,Fall 2024,2025-11-18 14:59:27.571352,2026-01-12 06:11:01.527206,79.9,In Progress,58.5
LMS000821,STU00329,C802,french i,Languages,Fall 2023,2026-07-05 11:28:04.494945,2026-07-26 11:08:49.264579,77.6,In Progress,59.4
LMS000596,STU00235,C701,Physical Education,PE,Fall 2024,2026-04-25 17:50:00.389784,2026-07-14 21:24:39.345891,81.9,in progress,66.0
LMS000067,STU00028,C601,VISUAL ARTS,Arts,Fall 2023,2026-01-30 18:46:57.242872,2026-07-10 23:29:49.633476,76.1,In Progress,50.7
LMS001453,STU00579,C501,Introduction to Programming,Technology,Spring 2024,17-Mar-2025,2026-02-25 17:51:16.171155,78.8,In Progress,64.4
LMS002201,STU00882,C501,Introduction to Programming,Technology,Fall 2025,2024-08-21 07:07:47.699792,2025-06-06 02:01:54.164263,78.4,In Progress,73.7
LMS001872,STU00744,C202,Chemistry,Science,Fall 2024,2025-04-25 18:04:30.400786,2025-12-08 11:18:45.113834,,In Progress,93.3
LMS000597,STU00235,C102,Geometry,Math,Fall 2025,46086,23-Jul-2026,66.4,In Progress,51.2
LMS002136,STU00856,C203,physics,Science,Fall 2024,2025-01-19 16:01:01.656473,2025-07-18 05:15:26.996622,100.0,Completed,90.6
LMS000713,STU00286,C502,Web Development,Technology,Spring 2025,15/11/2025,13-May-2026,81.0,In Progress,62.9
LMS000808,STU00321,C302,Creative Writing,English,Fall 2024,2025-03-09 05:01:45.437172,"May 22, 2026",61.3,in progress,60.2
,STU00708,C103,Algebra II,math,Spring 2024,2025-10-30 02:07:47.584898,2025-12-21 17:27:50.661884,74.2,In Progress,69.9
LMS002436,STU00975,C302,Creative Writing,English,Spring 2024,2025-09-20 12:17:43.641143,46178,84.3,In Progress,73.5
LMS001785,STU00713,C601,Visual Arts,,Spring 2024,2025-09-27 19:51:50.380470,2026-07-12 17:55:19.067040,85.0,In Progress  ,
LMS000755,STU00300,C402,Government & Civics,Social Studies,Spring 2024,46119,46198,81.5,In Progress,76.8
LMS002450,STU00981,C602,Music Theory,Arts,Fall 2025,2026-04-01 17:21:12.766088,6/17/2026,78.7,In Progress,60.6
LMS002217,STU00887,C103,Algebra II,Math,Spring 2025,2026-07-20 17:03:57.539125,2026-07-25 18:26:13.991388,92.7,In Progress,55.9
LMS000149,STU00061,C203,  Physics,Science,Fall 2024,"September 12, 2025",2025-10-23 15:17:34.493171,77.1,In Progress,94.8
LMS001228,STU00499,C101,Algebra I  ,Math,Spring 2025,2024-12-09 09:16:58.776792,2025-06-30 07:19:25.671872,89.4,In Progress,95.8
LMS001357,STU-00546,C101,Algebra I,Math,Spring 2025,2024-12-30 01:36:26.891505,2026-05-02 12:18:43.380636,,In Progress,56.6
LMS002025,STU00809,C402,Government & Civics,Social Studies,Spring 2024,2025-12-16 03:26:54.553167,46061,83.9,In Progress,75.3
LMS001477,STU00587,C501,Introduction to Programming,Technology,Spring 2025,2024-11-16 02:36:39.002317,2026-06-18 18:49:02.843899,100.0,Completed,72.3
LMS001315,STU00527,C101,Algebra I,Math,Fall 2023,2026-04-28 14:15:38.297853,2026-07-02 02:07:10.842782,71.9,In Progress,72.9
LMS002019,STU807,C201,biology,Science,Fall 2024,2024-08-07 08:36:32.376953,2026-05-11 05:41:03.235004,85.8,In Progress,
LMS000450,STU00179,C501,Introduction to Programming,Technology,Fall 2025,2026-07-23 02:50:11.222014,2026-07-26 21:06:15.121700,100.0,Completed,90.7
LMS000526,STU00208,C202,Chemistry,Science,Fall 2023,2026-07-08 04:41:25.950895,2026-07-27 16:12:26.211297,85.0,In Progress,75.7
LMS002303,STU00920,C502,Web Development,Technology,Spring 2025,2025-08-08 00:47:22.649807,2025-10-01 20:27:44.757778,64.3,In Progress,91.5
LMS000116,STU00048,C401,World History,Social Studies,Fall 2024,2024-08-03 08:52:04.111119,2025-09-06 11:47:11.409125,79.5,In Progress,77.4
LMS000008,STU00003,C103,Algebra II,Math,Fall 2023,"March 23, 2026",2026-05-11 14:56:30.894276,100.0,Completed,88.6
LMS001161,S0470,C601,Visual Arts,Arts,Fall 2023,2025-06-06 07:32:24.784578,10-Nov-2025,100.0,Completed,86.8
LMS000630,STU00248,C602,Music Theory,Arts,Fall 2024,2026-06-02 07:07:43.368500,2026-07-17 00:09:37.407273,,In Progress,51.5
LMS001097,STU00446,C201,Biology,Science,Fall 2024,2026-07-07 20:26:24.185359,2026-07-23 09:24:57.787118,75.0,In Progress,76.6
LMS000680,STU00271,C602,Music Theory,Arts,Spring 2025,2024-08-01 23:20:45.053137,2025-05-20 09:43:29.941263,75.5,In Progress,51.9
LMS001794,STU00715,C101,Algebra I,Math,Fall 2025,2024-11-18 12:07:32.499144,2025-01-17 22:06:32.543329,100.0,Completed,62.0
LMS002165,STU00868,C701,Physical Education,PE,Fall 2024,45577,2024-11-28 12:40:29.331961,94.2,In Progress,96.3
LMS000663,STU00262,C402,  Government & Civics,Social Studies,Spring 2025,2025-05-19 15:54:44.950084,13-Jan-2026,49.8,In Progress,99.9
LMS002092,836,C302,Creative Writing,English,Fall 2024,2025-09-30 20:43:53.175094,2025-12-22 04:13:38.784701,71.3,In Progress,87.0
LMS001711,STU00683,C601,Visual Arts,Arts,Fall 2024,2026-05-20 09:15:13.729756,2026-05-28 01:58:49.096040,100.0,Completed,91.6
LMS001772,S0708,C101,Algebra I,Math,Spring 2025,2024-12-09 19:47:34.944355,2025-12-07 20:26:13.777130,100.0,Completed,88.0
LMS000992,STU00402,C203,Physics,Science,,2026-02-14 17:34:20.853828,3/27/2026,80.3,In Progress,
LMS000065,STU00027,C402,Government & Civics,Social Studies,Fall 2024,,2/23/2026,58.4,In Progress,91.2
LMS000919,STU00371,C602,Music Theory,Arts,Fall 2024,2025-01-23 17:40:54.757283,2026-01-10 20:55:12.073277,60.4,In Progress,50.6
LMS001688,STU00675,C601,Visual Arts,Arts,Spring 2025,2024-11-30 15:04:14.689311,2026-07-19 17:29:14.884300,78.2,In Progress,51.7
LMS000511,STU00204,C102,Geometry,MATH,Fall 2024,"May 08, 2026",6/29/2026,87.7,IN PROGRESS,67.8
LMS001321,STU00530,C801,Spanish I,Languages,Spring 2024,2024-10-31 12:20:06.740990,2025-01-09 11:57:18.668550,81.1,In Progress,76.9
LMS001856,STU00739,C201,Biology,Science,,2025-09-27 12:45:02.315820,2025-10-21 23:40:17.444170,93.1,In Progress,86.4
LMS002429,STU00972,C801,Spanish I,Languages,Fall 2025,2025-06-04 19:28:46.667624,2026-04-05 06:21:28.433988,81.4,In Progress,99.3
LMS001609,STU00642,C601,Visual  Arts,Arts,Fall 2023,2025-03-25 15:20:25.061433,2025-12-20 15:50:47.489870,32.8,Dropped,
LMS001658,STU00661,C602,Music Theory,Arts,Fall 2023,2025-11-18 12:33:59.369099,46205,,Completed,54.5
LMS001162,STU00471,C102,Geometry,Math,Spring 2024,2026-01-10 12:51:08.720159,2026-03-28 18:14:33.360744,100.0,Completed,82.7
LMS000300,STU00121,C502,Web Development,Technology,Fall 2023,2026-03-04 11:05:40.694952,46120,100.0,Completed,64.8
LMS001100,STU00449,C701,Physical Education,PE,Spring 2025,2024-12-15 04:58:33.882585,2026-02-13 03:32:46.807184,100.0,Completed,63.5
LMS002348,STU00937,C203,Physics,Science,Fall 2025,2025-01-12 03:02:27.024848,,46.0,In Progress,65.3
LMS001809,STU00722,C203,Physics,Science,Spring 2024,8/12/2025,2026-02-24 10:20:42.119890,84.6,In Progress,70.2
LMS002245,STU00899,C302,Creative Writing,English,Fall 2023,14-Jul-2025,2025-10-14 00:33:11.188318,100.0,Completed,85.6
LMS000156,STU00064,C701,Physical Education,PE,Spring 2025,2026-03-19 15:22:21.007495,2026-06-04 11:18:52.862269,89.3,In Progress,78.2
LMS000303,STU00124,C201,Biology,Science,Fall 2023,2026-07-24 01:37:24.996848,2026-07-27 10:54:35.181878,80.2,in progress,65.2
LMS000421,stu00168,C301,English Literature,English,Fall 2025,2024-11-24 12:41:15.032370,2025-07-23 15:41:49.460935,77.5,In Progress  ,81.1
LMS001356,STU00546,C701,Physical Education,,Fall 2025,2024-12-23 12:14:38.536813,24-Jul-2026,100.0,Completed,89.7
LMS001713,STU-00684,C402,,Social Studies,,2024-08-18 03:39:46.678748,46226,74.9,In Progress,84.5
LMS000272,STU00111,C102,Geometry,Math,Fall 2024,2025-12-09 20:04:18.289177,2026-02-12 01:39:28.204043,100.0,Completed,66.7
LMS002145,STU00860,C302,Creative Writing,English,Spring 2025,2025-11-30 02:33:37.206806,2026-01-16 03:40:27.040652,6.8,Dropped,
LMS001302,524,C202,Chemistry,Science,Fall 2025,"July 05, 2025",2025-12-11 20:28:05.913619,91.5,In Progress,56.5
LMS001638,STU00653,C802,French I,Languages,Fall 2025,2026-02-19 09:34:13.406708,2026-05-09 14:39:55.720737,78.3,In Progress,50.5
LMS002342,STU00936,C203,Physics,Science,Fall 2023,2025-05-02 03:53:20.320018,2026-02-05 17:11:32.328011,94.6,In Progress,80.8
LMS000573,STU00225,C102,Geometry,Math,Fall 2024,2025-02-15 21:14:01.720806,,76.7,In Progress,92.9
LMS000109,STU00045,C103,Algebra II,math,Fall 2023,2024-08-04 19:52:47.240084,2026-01-26 01:43:24.416944,100.0,Completed,58.1
LMS001008,STU00408,C102,Geometry,Math,Fall 2023,2025-09-23 07:05:12.702017,30-Apr-2026,85.6,In Progress,53.6
LMS001183,STU00482,C402,Government & Civics,Social Studies,Fall 2023,2025-06-24 17:39:24.787628,2025-08-13 23:07:17.966395,79.2,In Progress,73.3
LMS002390,STU00956,C401,World History,Social Studies,Fall 2025,2024-11-05 16:08:13.236130,2025-11-13 03:37:37.473833,82.7,In Progress,98.7
LMS001273,STU00514,C301,English Literature,English,Spring 2025,2026-06-13 17:15:54.736153,2026-06-24 15:16:36.207197,100.0,Completed,63.7
LMS002456,STU00983,C501,,Technology,Fall 2025,2025-03-11 18:34:32.528062,5/6/2025,100.0,Completed,55.1
LMS000664,STU00263,,Web Development,Technology,Fall 2025,2025-08-01 02:32:51.293445,2026-02-15 22:41:45.135814,100.0,Completed,93.9
LMS001465,S0582,C202,Chemistry,Science,,2024-10-04 10:42:33.067604,2025-11-18 04:01:16.315626,76.7,In Progress,52.6
LMS001147,STU00464,C701,Physical Education,PE,Spring 2024,2026-05-19 20:09:47.368401,2026-06-19 17:28:07.161496,61.2,In Progress,69.3
LMS002006,STU00803,C601,Visual Arts,Arts,Spring 2025,2024-12-15 03:50:42.817362,2025-08-25 05:03:58.545496,100.0,Completed,95.8
LMS000092,STU00038,C402,Government & Civics,Social Studies,Fall 2024,2025-05-29 20:40:33.298973,45807,100.0,Completed,71.4
LMS000390,stu00156,C502,Web Development,Technology,Fall 2024,2024-12-31 00:00:38.581486,2026-01-25 12:50:27.925616,94.4,In Progress,70.3
LMS000965,STU00389,C102,Geometry,Math,Fall 2023,2025-02-13 18:46:07.972731,2025-06-03 22:14:39.884084,100.0,Completed,71.5
LMS002191,STU00878,C301,English Literature,English,Fall 2025,2025-02-06 12:09:13.497997,2025-04-28 04:28:27.778485,91.2,In Progress,65.3
LMS001160,STU00469,C501,Introduction to Programming,Technology,Fall 2025,2025-08-11 13:08:32.036483,2026-05-19 12:11:03.106430,77.0,In Progress,77.4
LMS002204,STU00883,C501,Introduction to Programming,Technology,Spring 2024,2026-01-06 11:47:37.283491,2026-03-17 03:21:11.874786,100.0,Completed,74.9
,STU-00617,C601,Visual Arts,Arts,Fall 2023,2025-06-03 01:28:03.385091,2025-09-12 22:42:53.010288,76.7,In Progress,51.4
LMS000556,STU00217,C401,World History,Social Studies,Fall 2025,2025-08-06 01:08:03.802552,2026-03-11 22:39:51.242107,65.5,In Progress,
LMS000571,STU00225,C802,French I,Languages,Spring 2024,2026-01-16 09:02:51.316160,2026-02-28 11:11:01.431444,100.0,Completed,63.6
LMS000077,STU31,C602,Music Theory,Arts,Spring 2025,2025-06-18 19:36:17.682129,45846,26.8,Dropped,
LMS001487,STU00590,C203,Physics,Science,Fall 2025,2025-11-30 12:52:52.052008,46092,78.2,In Progress,52.1
LMS000472,STU00188,C301,  English Literature,English,Fall 2025,46177,2026-07-19 03:12:57.453782,100.0,Completed,84.4
LMS000424,STU00169,,Introduction to Programming,Technology,Fall 2023,2025-11-16 15:24:45.692125,"January 21, 2026",67.2,In Progress,77.2
LMS001392,STU00558,C102,Geometry,Math,Spring 2024,45758,2025-05-04 18:41:03.842220,100.0,Completed,84.1
LMS001816,STU00725,C802,French I,Languages,Fall 2025,2024-08-31 13:02:36.800235,2024-09-06 11:07:35.793591,88.7,In Progress,72.7
LMS002134,STU00854,C301,English Literature,English,Fall 2023,,2026-05-13 05:53:07.587090,,In Progress  ,83.0
LMS002381,STU00952,C501,Introduction to Programming,Technology,Spring 2025,,2/8/2025,60.7,In Progress,58.2
LMS001970,STU00789,C202,Chemistry,Science,Spring 2024,2025-01-02 22:43:01.519713,2025-12-30 02:44:28.163427,100.0,Completed,80.6
LMS000621,STU00243,C501,Introduction to Programming,Technology,Fall 2025,2025-10-25 16:56:13.523383,"January 10, 2026",100.0,Completed,79.7
LMS001949,S0781,C501,Introduction to Programming,Technology,Fall 2025,2024-08-31 10:11:12.751707,2026-02-13 19:23:32.933917,82.2,In Progress,98.3
LMS002401,STU00960,C301,English Literature,English,Spring 2025,2025-09-29 12:28:55.458104,2026-07-25 09:20:37.786634,100.0,Completed,96.3
LMS000760,STU00302,C201,Biology,Science,Spring 2025,2025-02-08 09:40:18.006088,2026-06-21 21:01:59.116391,100.0,Completed,71.7
LMS000047,STU-00020,C301,English Literature,English,Spring 2025,2025-12-15 13:27:12.362561,09-Jan-2026,100.0,Completed,66.6
LMS002413,STU964,C802,French I,Languages,Fall 2023,2025-01-05 07:26:20.015627,2026-01-14 10:20:18.638570,88.2,In Progress,89.8
LMS002080,831,C602,Music Theory,Arts,Spring 2024,2025-08-13 21:56:32.049432,18-Mar-2026,80.4,In Progress,79.9
LMS001058,STU00429,,Web Development,Technology,,2025-05-24 00:42:32.453713,2026-03-05 12:02:44.808270,88.6,In Progress,92.1
LMS001330,STU00534,C601,Visual Arts,Arts,Fall 2025,2025-09-15 04:24:47.759162,2026-06-13 09:48:42.404880,77.1,In Progress,55.3
LMS000513,STU00204,C701,Physical Education,PE,Fall 2023,2026-01-24 03:33:40.761214,6/2/2026,86.2,In Progress,65.0
LMS001937,STU00775,C301,English Literature,English,Spring 2025,2024-11-27 16:01:35.348006,2025-09-03 18:56:05.864363,80.9,In Progress,76.8
LMS000971,STU00392,C201,Biology,,Fall 2025,2024-11-10 03:02:23.764764,2025-11-06 13:50:47.961808,48.6,In Progress,53.3
LMS000290,STU00118,C801,Spanish I,Languages,,2026-07-13 00:04:22.015701,2026-07-23 22:56:31.871358,71.9,In Progress,50.4
LMS000357,STU00142,C101,Algebra  I,Math,Spring 2024,2026-06-04 01:18:29.953622,2026-06-16 06:26:43.705156,100.0,Completed,86.1
LMS000280,STU00113,C401,World History,Social Studies  ,Spring 2025,2026-01-06 12:12:15.680393,2026-03-16 23:26:22.734283,100.0,Completed,91.7
LMS001939,STU00777,C502,Web Development,Technology,Fall 2025,2025-06-20 13:03:48.352515,2025-08-31 05:45:07.631054,72.1,In Progress,99.4
LMS001298,STU00522,,Spanish I,Languages,Spring 2024,,2026-04-09 21:09:53.591959,86.1,In Progress,62.8
LMS000976,STU00395,C802,French I,,Fall 2025,2025-06-28 20:32:22.846995,2026-04-19 22:13:53.692073,87.3,In Progress,67.0
LMS002382,STU00952,C701,Physical Education,PE,Fall 2023,2025-08-07 21:30:34.768764,2026-01-29 07:34:11.101646,45.5,In Progress,98.6
LMS001114,STU00454,C801,Spanish I,Languages,Fall 2023,2025-01-23 17:26:38.217776,2026-01-25 23:19:53.736450,92.3,In Progress,64.2
LMS001640,STU00655,C601,VISUAL ARTS,Arts,Fall 2025,3/13/2026,2026-06-28 21:51:30.870559,100.0,Completed,97.7
LMS001691,STU00677,C601,Visual Arts,  Arts,Spring 2025,2025-01-09 20:22:37.644547,3/2/2026,86.2,In Progress,88.7
LMS002397,STU00958,C102,Geometry,Math,Fall 2023,2025-09-22 14:53:14.039554,2025-09-27 09:09:16.151632,74.3,In Progress,65.4
LMS002181,STU00875,C501,Introduction to Programming,Technology,Fall 2024,2026-04-16 02:01:04.860371,18-Jun-2026,100.0,Completed,82.2
LMS002113,STU00847,C302,Creative Writing,English,Spring 2025,"August 28, 2025",2026-02-13 01:24:12.918244,82.5,In Progress,91.8
LMS001712,STU00683,C701,Physical Education,PE,Fall 2023,2025-01-18 09:55:05.209413,2025-08-02 10:01:37.112801,90.5,In Progress,60.9
LMS000985,STU00400,C601,Visual Arts,Arts,Fall 2025,2025-05-23 07:45:45.424883,2026-07-23 19:33:23.217913,86.9,,52.3
LMS002105,STU-00842,C501,Introduction to Programming,TECHNOLOGY,Spring 2025,2025-06-14 11:15:38.497145,2025-07-18 00:12:12.952450,100.0,Completed,54.9
LMS002398,958,C202,Chemistry,Science,Fall 2025,2025-08-03 14:21:40.759778,10/16/2025,90.4,in progress,95.8
LMS002297,STU00918,C801,Spanish I,Languages,Fall 2023,2025-03-12 13:26:37.555060,2025-05-30 11:37:52.497646,35.1,Dropped,
LMS000541,STU00212,C202,Chemistry,Science,Fall 2024,2026-06-22 13:48:32.750633,2026-07-04 09:16:42.731751,100.0,Completed,85.2
LMS002084,STU00832,C102,Geometry,Math,Spring 2025,2025-09-16 16:53:16.739032,2026-05-28 11:38:39.137943,86.6,In Progress,68.4
LMS000732,STU00292,C302,,English,Spring 2024,2025-03-02 15:07:37.795148,13/3/2025,86.9,,94.3
LMS000960,STU00387,C501,Introduction to Programming,Technology,Fall 2023,2026-02-12 16:24:52.462854,2026-07-18 20:45:36.364540,94.1,In Progress,90.6
LMS001720,STU00686,C502,Web Development,Technology,Fall 2025,2025-07-25 01:56:00.528811,2026-02-04 16:47:38.280545,100.0,Completed,60.5
LMS000067,STU00028,C601,VISUAL ARTS,Arts,Fall 2023,2026-01-30 18:46:57.242872,2026-07-10 23:29:49.633476,76.1,In Progress,50.7
LMS001543,STU00614,C601,Visual Arts,Arts,Fall 2023,2026-06-20 13:59:08.093381,2026-07-03 06:07:57.039022,57.9,In Progress,52.1
LMS001327,STU00533,C701,Physical Education,PE,Spring 2024,"April 13, 2026",2026-06-23 01:26:21.274845,100.0,Completed,78.3
LMS001206,STU00491,C103,Algebra II,Math,Spring 2024,25/3/2026,46109,100.0,Completed,98.5
LMS002120,STU00849,C401,World History,Social Studies,Fall 2023,2026-07-16 04:04:05.235213,2026-07-23 03:43:17.316995,100.0,Completed,86.1
LMS001889,STU00753,C101,Algebra I,Math,Fall 2025,2025-05-13 16:04:04.847505,2026-01-03 00:42:21.362819,58.5,In Progress,94.3
LMS000861,S0345,C102,geometry,Math,Spring 2024,2026-03-31 20:42:12.026207,17/4/2026,100.0,Completed,88.7
LMS000978,STU00396,C801,Spanish I,Languages,Fall 2024,2025-10-31 11:24:41.121281,2026-01-20 13:55:52.446796,69.5,In Progress,80.9
LMS001505,597,C203,Physics,Science,Fall 2023,2026-03-17 12:12:02.491072,2026-05-07 13:22:12.767832,100.0,Completed,69.3
LMS000215,STU00087,C201,Biology,Science,Fall 2025,2025-03-17 02:40:52.731082,2026-07-10 13:19:06.462045,72.7,In Progress,88.8
LMS001539,STU00612,C102,Geometry,Math,Fall 2025,2025-08-12 10:31:01.981086,4/23/2026,49.8,In Progress,95.1
LMS002331,STU00932,C402,Government & Civics,Social Studies,Fall 2025,2025-05-01 19:14:16.315288,2026-02-04 11:34:04.935787,91.0,In Progress,76.2
LMS002486,STU00994,C201,Biology,Science,Spring 2024,10-May-2026,2026-05-13 23:46:45.665761,80.0,In Progress,98.7
LMS002075,stu00829,C501,Introduction to Programming,Technology,Fall 2023,2025-04-04 18:23:48.336086,6/11/2025,100.0,Completed,56.5
LMS000981,STU00398,C402,Government & Civics,Social Studies,Fall 2023,2024-09-24 05:03:38.872935,2025-12-17 00:24:23.207613,65.7,in progress,99.0
LMS001873,STU00745,C502,Web Development,Technology,Fall 2024,2025-06-27 22:44:46.498147,2025-09-13 06:41:56.198451,88.6,In Progress,92.8
LMS000224,STU00093,C103,Algebra II,MATH,Fall 2025,2024-08-29 16:35:27.853806,2025-12-27 13:00:11.194894,78.8,,81.0
LMS002440,stu00977,C102,Geometry,Math,Fall 2025,2026-05-14 05:33:32.636060,2026-07-04 13:26:09.457200,89.0,In Progress,95.4
LMS001722,STU00687,C801,Spanish I,LANGUAGES,Fall 2024,2025-04-08 10:41:19.439786,2025-09-18 07:05:59.087236,100.0,Completed,64.1
LMS001610,STU00643,C102,Geometry,Math,Fall 2025,2024-12-12 12:03:26.255500,22/1/2025,42.7,In Progress,
LMS001069,STU00433,C102,Geometry,Math,Fall 2024,2025-08-12 02:43:14.026036,2026-06-28 12:10:06.827499,100.0,Completed,95.0
LMS001603,S0640,C302,Creative Writing,English  ,Spring 2025,25/5/2026,2026-06-17 19:56:51.258365,89.3,In Progress,94.8
LMS001787,STU00714,C401,World History,Social Studies,Fall 2025,2025-05-08 14:07:53.350446,2026-04-22 06:09:51.420273,,In Progress,75.1
LMS000814,STU00324,C501,Introduction  to  Programming,Technology,Fall 2025,2025-11-09 09:56:20.996386,2026-06-30 13:21:00.104042,93.1,In Progress,95.7
LMS000847,STU00338,,World History,Social Studies,Fall 2023,2024-09-03 12:28:14.610776,2024-11-11 17:35:16.417816,,In Progress,70.0
LMS002059,STU00823,C401,World History,Social Studies,Spring 2024,2024-10-28 11:09:40.279132,2025-12-19 10:13:46.869905,24.8,Dropped,
LMS001665,STU00665,C301,English Literature,English,Spring 2024,04-Jun-2026,7/9/2026,72.0,In Progress,84.5
LMS001565,STU00623,C502,Web Development,technology,Spring 2025,2026-01-20 14:41:03.879160,2026-01-22 04:34:33.074197,91.7,In Progress,59.1
LMS002387,STU00954,C203,Physics,Science,Fall 2025,,2025-05-12 03:34:44.225460,71.0,In Progress,99.9
LMS001602,STU00640,C401,World History,Social Studies,Spring 2025,,2026-04-04 08:26:55.149124,93.6,In Progress,91.1
LMS002499,STU01000,C101,Algebra I,Math,Fall 2025,17/1/2026,2026-02-19 12:16:14.675718,100.0,  Completed,91.3
LMS001232,STU00500,C802,French I,Languages,Fall 2025,2025-10-08 21:33:49.152946,2025-10-09 14:48:32.294834,100.0,,82.1
LMS001819,STU00725,C502,Web Development,Technology,Spring 2025,2025-06-28 07:01:06.094294,2025-11-12 18:03:12.099323,100.0,Completed,66.1
LMS000667,STU00265,C101,Algebra I,Math,Fall 2024,09-Aug-2024,2025-07-19 03:33:08.235615,72.9,In Progress,91.9
LMS001554,STU00618,C701,Physical Education,PE,Spring 2024,,2026-07-24 18:01:24.007104,,In Progress,67.7
LMS001855,STU00738,C502,Web Development,Technology,Fall 2025,2026-02-06 11:03:56.756334,2026-07-08 01:21:07.851941,76.3,In Progress,89.5
LMS000797,STU00317,C202,Chemistry,Science,,46210,2026-07-19 03:55:46.182276,100.0,Completed,68.8
LMS002497,STU00998,,ALGEBRA II,Math,Fall 2025,2026-01-18 13:39:59.622220,2026-07-14 02:17:34.151066,70.6,In Progress,92.9
LMS000416,STU00166,C102,Geometry,Math,Fall 2024,30-Dec-2024,2026-01-26 18:38:17.555516,79.9,In Progress,79.0
LMS001833,STU00730,C602,Music Theory,Arts,Fall 2023,,2026-05-29 13:29:16.015282,70.5,In Progress,55.4
LMS000309,STU00128,C401,,Social Studies,Fall 2023,2025-07-13 15:20:46.557848,2026-04-04 17:35:45.631740,100.0,Completed,57.6
LMS000774,STU00308,C301,English Literature,English,Spring 2024,2026-01-16 10:05:28.686954,2026-02-10 04:46:41.714575,83.5,In Progress,52.1
LMS001808,STU00722,C201,Biology,Science,Spring 2025,2025-11-11 20:46:35.592612,2026-05-22 17:36:27.417076,91.2,In Progress,95.6
LMS001800,STU00718,C701,Physical Education,PE,Fall 2023,2025-09-13 11:04:48.035793,46130,75.0,in progress,51.1
LMS000056,S0024,,Physical Education,PE,Spring 2024,2025-08-06 07:03:06.325372,2026-05-09 11:31:42.553980,100.0,Completed,56.3
LMS001275,STU00515,C701,Physical Education,PE,,2025-01-23 06:38:05.213015,2026-03-13 20:10:11.481262,86.9,In Progress,65.9
LMS000232,STU00095,C302,Creative Writing,English,Spring 2024,22-Feb-2025,2026-01-05 12:24:35.868167,80.3,In Progress,65.0
LMS002391,STU00956,,French I,Languages,Fall 2025,2026-05-05 02:22:33.328016,27/7/2026,100.0,Completed,50.9
LMS000516,STU00205,C102,Geometry,Math,Fall 2023,2026-07-02 21:08:21.693604,"July 08, 2026",100.0,Completed,95.2
LMS000369,STU00147,C402,Government & Civics,Social Studies  ,Fall 2024,2025-01-15 07:06:48.656938,46126,100.0,Completed,83.2
LMS002304,STU00921,C301,English Literature,english,Spring 2025,19/5/2026,"June 09, 2026",65.4,In Progress,65.6
LMS001376,STU00552,C701,Physical Education,PE,Spring 2024,,2026-06-06 00:22:49.590579,74.9,In Progress,61.1
LMS001646,STU00656,C301,English Literature,English,Spring 2024,"August 15, 2024",2026-03-14 05:43:22.577159,100.0,Completed,66.9
LMS000646,STU00255,C101,Algebra I,Math,Spring 2025,2025-02-12 01:17:35.813500,2026-04-12 18:24:08.075259,70.1,In Progress,64.4
LMS000130,STU00053,C202,Chemistry,Science,Spring 2025,2025-01-21 09:17:17.730441,2025-08-30 14:45:40.358979,87.2,In Progress  ,91.2
LMS000689,STU00275,C801,Spanish I,languages,Fall 2024,6/11/2025,2025-10-14 19:26:55.268269,100.0,Completed,95.7
LMS000812,STU00324,C302,Creative Writing,English,Fall 2023,2024-09-14 09:26:46.649533,2025-10-18 00:16:03.814245,42.7,In Progress,77.6
LMS000095,STU00039,C302,Creative Writing,English,Spring 2025,2025-05-04 23:22:42.156825,2025-06-23 11:32:49.375493,100.0,Completed,58.6
LMS001672,668,C103,Algebra II,Math,Spring 2024,2025-04-20 09:27:06.433141,2025-11-24 21:32:00.721041,,In Progress,83.2
LMS001561,STU00621,C202,CHEMISTRY,Science,Spring 2025,2025-01-04 17:51:26.207042,2026-07-24 14:39:14.067746,73.9,In Progress,98.7
LMS001756,STU-00700,C302,Creative Writing,English,Spring 2024,"December 04, 2025",2026-05-24 02:57:28.199085,100.0,,76.2
LMS000595,STU00234,C302,    Creative  Writing,English,Spring 2024,"January 27, 2025",2025-04-17 16:00:11.048972,100.0,Completed,95.9
LMS001431,STU00571,C802,French I,Languages,Spring 2024,2024-12-22 16:08:40.082427,2025-03-21 00:21:12.277902,49.0,In Progress,71.6
LMS000764,STU00304,C502,Web Development,technology,Spring 2025,2024-11-25 18:49:39.780896,2025-10-04 20:21:21.872834,100.0,Completed,62.0
LMS001211,STU00494,C302,Creative Writing,English,Fall 2025,2025-05-03 04:47:57.687517,05-Aug-2025,86.4,In Progress,76.9
LMS001002,STU00406,C501,Introduction to Programming,Technology,Spring 2024,2025-12-14 20:23:02.559198,"January 03, 2026",83.1,In Progress,59.8
LMS001040,STU00422,C601,Visual Arts  ,Arts,Spring 2025,2024-10-22 22:10:35.589611,2026-04-16 14:42:33.673625,34.0,Dropped,
LMS001717,STU00685,C103,Algebra II,Math,Spring 2025,2025-12-03 08:56:26.034977,2026-07-06 01:29:49.067149,80.9,In Progress,92.1
LMS001755,STU00700,C401,World History,Social Studies,Fall 2023,,2026-06-05 16:44:29.701563,87.8,,69.4
LMS001124,STU00457,C502,Web Development,Technology,Fall 2025,26-Aug-2024,2026-02-09 14:07:28.436567,100.0,Completed,54.6
,STU00890,C601,Visual Arts,Arts,Spring 2025,2025-05-15 08:44:33.610955,2025-09-30 08:23:46.930543,100.0,Completed,64.5
LMS000364,STU00145,C301,English Literature,English,Spring 2024,2026-07-13 22:54:56.531282,2026-07-16 04:57:51.625263,86.6,In Progress,72.0
LMS000451,STU00179,C601,Visual Arts,Arts,Fall 2023,2024-11-14 19:12:23.825018,2025-02-02 09:35:27.317084,100.0,Completed,62.9
LMS002079,STU00830,C102,Geometry,Math,Fall 2025,2025-09-09 11:44:58.194098,27/6/2026,100.0,Completed,50.3
LMS002261,STU00904,C601,Visual Arts,Arts,Fall 2023,"July 31, 2025",2026-03-21 21:04:12.143497,83.5,In Progress,50.5
LMS001814,STU00724,C201,Biology,Science,Spring 2025,2025-05-15 20:21:47.622576,2026-04-14 14:50:08.767483,100.0,Completed,
LMS001221,STU00497,C802,French I,Languages,,2024-10-13 10:28:25.728055,2025-03-18 16:58:44.382570,100.0,Completed,68.7
LMS000145,STU00059,C802,French I,Languages,Fall 2024,,2026-01-08 04:08:07.069066,83.3,In Progress,
LMS001131,STU00459,C802,French I,Languages,Spring 2024,28/3/2025,2026-04-01 21:32:10.249051,100.0,Completed,71.7
LMS001450,STU00577,C102,Geometry,Math,Spring 2024,2025-06-25 20:09:10.979546,2026-04-18 16:58:08.483814,93.9,In Progress,55.0
LMS000944,STU00380,C201,Biology,Science,Spring 2025,2025-03-24 19:23:33.117976,2026-03-27 05:35:51.690425,100.0,Completed,84.3
LMS002126,STU00851,C301,English Literature,English,Fall 2023,2026-06-20 14:37:18.592883,,100.0,Completed,74.8
LMS002257,STU00902,C101,Algebra I,  Math,Spring 2024,2025-03-23 22:11:33.101683,2025-07-30 21:23:04.482516,100.0,Completed,74.7
LMS002458,S0983,,English Literature,English,Spring 2024,2025-06-04 13:45:52.466557,2026-07-01 05:50:21.794696,89.0,In Progress,62.1
LMS002344,936,C402,Government & Civics,Social Studies,Fall 2025,2024-08-19 02:10:55.737300,2025-01-03 04:02:20.475566,93.2,In Progress,83.5
LMS000787,STU00313,C101,Algebra I,Math,Spring 2024,2025-05-27 08:00:29.280423,29/11/2025,41.3,In Progress,67.1
LMS000286,116,C601,Visual Arts,Arts,Fall 2023,02-Apr-2026,2026-05-29 13:21:26.282043,62.0,In Progress,72.8
LMS001912,STU00764,C102,Geometry,Math,Fall 2023,2024-11-29 06:10:24.505452,10/6/2025,73.9,In Progress,59.0
LMS000094,STU00039,C602,Music Theory  ,Arts,Spring 2025,2026-01-04 05:06:37.632153,2026-07-04 15:09:26.525152,21.8,Dropped,
LMS000860,STU00344,C501,Introduction to Programming,Technology,Fall 2025,2025-05-20 19:14:46.083966,2026-01-13 07:50:40.278139,87.9,In Progress,70.3
LMS002223,STU00890,C501,Introduction to Programming,Technology,Fall 2024,2025-12-08 15:13:29.871899,2026-02-20 08:55:26.954378,77.5,In Progress,86.0
LMS000665,STU00264,C203,Physics,Science,Spring 2024,2025-06-16 15:29:22.413446,8/9/2025,84.9,In Progress,50.4
LMS000071,STU00029,C102,Geometry,Math,Spring 2024,2024-11-08 11:53:33.422224,2026-04-25 05:41:11.135544,92.7,In Progress,93.2
LMS001884,STU750,C201,Biology,Science,Fall 2023,2024-10-16 12:13:49.048528,,86.6,In Progress,73.4
LMS000206,STU00083,C501,Introduction to Programming,Technology,Fall 2025,29/7/2024,2025-10-21 08:31:16.897189,100.0,Completed,100.0
LMS001569,STU00625,C802,French I,Languages,Fall 2025,2024-10-04 23:29:11.539142,2025-10-26 13:05:07.730401,85.6,,61.9
LMS001490,STU00592,C501,Introduction to Programming,Technology,,2024-09-26 04:15:31.526671,2026-06-21 05:44:30.686339,74.9,In Progress,61.5
LMS000504,STU00201,C402,Government & Civics,Social Studies,Spring 2025,2024-07-30 19:28:08.076937,22-Sep-2024,100.0,Completed,61.2
LMS000284,STU00115,C801,Spanish I,Languages,Fall 2025,2024-08-11 22:09:48.382000,5/23/2026,73.9,In Progress,67.7
LMS001690,STU00676,C302,Creative Writing,English,Spring 2024,2024-08-30 04:41:09.715777,2025-07-22 01:17:51.249339,56.5,In Progress,87.9
LMS000751,STU00299,C101,Algebra I,Math,Fall 2024,2025-01-29 13:57:19.576663,2025-06-13 08:49:58.330285,90.6,In Progress,94.2
LMS001230,STU00499,C203,Physics,Science,Spring 2024,2025-12-21 04:10:52.921325,2026-01-04 04:43:11.718191,84.8,In Progress,59.6
LMS000613,STU00241,C302,Creative Writing,English,Spring 2025,2025-10-13 18:31:45.464803,2026-05-27 23:29:38.064085,85.6,In Progress,70.7
LMS001637,STU00653,C601,  Visual Arts,Arts,Fall 2023,2024-11-27 15:46:03.014324,2024-12-23 02:03:32.926659,79.3,In Progress,57.8
LMS001417,STU00566,C701,Physical Education,PE,Fall 2024,2024-09-14 18:01:39.021271,"May 09, 2025",76.4,In Progress,75.1
LMS002299,STU00918,C601,Visual Arts,Arts,Spring 2025,"September 20, 2025",2026-05-09 20:43:28.944166,100.0,Completed,68.7
LMS001167,STU00472,C801,Spanish I,Languages,Spring 2024,2025-05-26 12:29:20.009255,2026-06-26 20:11:46.895412,81.4,,96.8
LMS000723,STU00289,C302,Creative Writing,English,Spring 2024,24/8/2025,2026-06-15 15:53:54.338723,100.0,Completed,89.6
LMS001091,STU00444,C101,Algebra  I,Math,Fall 2025,2025-02-03 05:56:18.179434,2026-04-04 12:28:45.814117,41.6,In Progress,
LMS001629,STU00650,C401,World History,Social Studies,Fall 2023,2025-05-09 18:08:59.495458,2026-02-11 20:26:44.191268,88.7,In Progress,90.7
LMS001317,STU00528,C302,Creative Writing,English,Fall 2024,1/19/2026,2026-06-01 16:09:31.649801,100.0,Completed,75.8
LMS001908,STU00762,C501,Introduction to Programming,Technology,Spring 2025,2025-02-17 11:29:48.813786,2025-03-12 10:44:47.524269,100.0,Completed,50.7
LMS002153,STU00864,C103,Algebra II,Math,Fall 2024,2025-11-09 07:23:20.910438,20-Mar-2026,76.1,In Progress,55.7
LMS000876,STU00351,C601,Visual Arts,Arts,Spring 2025,2024-10-11 03:19:03.555705,2024-11-29 12:43:19.573657,90.7,In Progress,78.0
LMS000336,STU00136,C201,Biology,Science,Fall 2024,2025-09-30 04:20:48.109003,2025-10-03 11:28:31.992649,100.0,Completed,74.2
LMS001092,STU00444,C501,Introduction to Programming,Technology,Fall 2023,5/8/2025,5/10/2026,85.0,In Progress,69.1
,STU00313,C301,English Literature,English,Fall 2024,2025-10-08 22:59:06.423240,46049,32.6,Dropped,
LMS001797,STU00716,,Algebra I,Math,Fall 2025,2025-06-16 04:15:51.524135,2026-03-19 18:44:39.885474,81.4,In Progress,86.4
LMS000727,STU00290,C302,Creative Writing,English,Fall 2023,,2025-09-27 04:19:25.597106,94.4,In Progress,86.6
LMS001353,STU00544,,Physics,,Fall 2023,2025-02-26 06:11:50.400480,2026-06-15 23:09:13.049390,5.6,Dropped,
LMS002148,STU00861,C401,WORLD HISTORY,Social Studies,Fall 2025,,2026-07-03 02:36:01.977642,88.7,In  Progress,66.1
LMS000413,STU00164,C302,Creative Writing,English,Spring 2025,19-Jul-2025,2025-10-08 23:07:47.569427,11.9,Dropped,
LMS000121,49,C802,French I,Languages,Fall 2023,2024-11-01 03:33:56.894984,,67.0,In Progress,94.2
LMS000602,STU00236,C302,Creative Writing,English,Fall 2024,2026-04-05 15:12:34.480142,2026-04-23 02:09:45.856085,58.1,In Progress,51.2
LMS000778,STU00310,C203,Physics,Science,Spring 2024,2024-12-21 20:39:37.813787,2026-06-19 22:32:36.550761,75.2,In Progress,69.1
LMS001436,STU00572,C501,Introduction to Programming,Technology,Spring 2024,05-Jan-2025,2025-07-04 22:38:54.788504,66.9,IN PROGRESS,93.4
LMS001942,STU00778,C801,Spanish I,Languages,Spring 2024,"May 23, 2025",2025-12-19 20:11:00.392731,100.0,Completed,89.9
LMS000654,STU00258,C102,Geometry,Math,Fall 2025,2024-09-22 08:42:26.419243,28/3/2026,100.0,Completed,88.8
LMS002001,STU00800,C601,visual arts,Arts,Fall 2024,2026-02-14 23:20:35.315435,2026-03-17 17:01:40.826826,58.9,In Progress,82.4
LMS001635,STU00652,C103,Algebra II,Math,Fall 2024,2025-10-12 13:40:37.275496,,88.1,In Progress,53.4
LMS001127,STU00458,C201,  Biology,Science,Fall 2023,2024-09-18 23:57:25.245284,2026-05-18 03:50:27.967652,100.0,Completed,83.4
LMS000111,46,C101,Algebra I,Math,Spring 2025,2024-11-08 23:56:31.571356,2025-02-18 15:38:28.346644,73.4,In Progress,58.6
LMS002451,STU00981,C401,World History,Social Studies,Fall 2024,2026-02-24 20:10:42.467894,2026-05-30 19:25:15.365430,57.2,In Progress,93.1
LMS001032,STU00419,C401,World History,Social Studies,Fall 2023,20/10/2024,2026-05-09 19:41:55.714828,100.0,Completed,62.6
LMS001038,STU00422,C301,English Literature,English,Fall 2025,2026-06-09 06:11:41.689660,2026-07-06 12:18:00.662528,83.6,In Progress,71.6
LMS001751,STU00698,C601,Visual Arts,Arts,Spring 2024,11-Jun-2025,2025-12-31 19:21:03.342705,15.7,Dropped,
LMS000040,STU00017,,Algebra II,Math,Fall 2023,2024-11-30 04:33:27.824982,2025-11-20 13:59:51.526987,74.8,In Progress,
LMS002029,STU00810,C201,Biology,,Fall 2024,2026-06-13 00:05:15.626947,2026-06-18 08:24:22.884304,45.1,,59.6
LMS001455,STU00579,C301,English Literature,,Spring 2024,2025-05-08 16:02:36.745405,2025-05-09 03:46:22.872186,100.0,Completed,87.8
LMS001999,STU00799,C103,Algebra II,Math,Fall 2024,2025-10-13 00:36:33.651764,2025-12-02 17:13:19.580996,100.0,Completed,88.1
LMS000628,STU00247,C401,World History,Social Studies,Fall 2024,2026-05-27 00:58:32.764099,01-Jun-2026,,In Progress,69.6
LMS002324,STU00929,C301,English Literature,English,Spring 2025,2025-10-19 06:01:44.740115,2026-07-01 11:13:05.045007,,In Progress,80.5
LMS002072,STU00828,C402,Government & Civics,Social Studies,Spring 2024,2025-02-20 11:42:48.893325,3/7/2026,88.9,In Progress,79.0
LMS000743,STU00295,C601,Visual Arts,Arts,Spring 2024,2025-12-28 23:00:21.319267,,78.9,In Progress,66.5
LMS002115,STU-00847,C601,Visual Arts,Arts,Fall 2024,2025-05-04 14:16:46.092587,26/2/2026,89.9,In Progress,50.9
LMS000588,STU00232,C602,Music Theory,Arts,,2024-08-07 04:07:59.632093,2025-03-26 23:03:46.827703,82.0,In Progress,90.9
LMS001846,STU00736,C501,Introduction to Programming,Technology,Spring 2025,2024-09-24 20:17:22.406412,2026-01-07 00:42:31.740371,78.6,In Progress,74.1
LMS001173,STU00476,C101,algebra i,Math,Fall 2024,2025-10-20 18:40:50.316701,2025-12-04 20:49:22.813586,100.0,Completed,77.5
LMS000794,STU00316,C602,Music Theory,Arts,Spring 2024,2025-01-04 15:58:05.333185,2025-12-20 06:22:33.544844,93.5,In Progress,79.6
LMS000762,STU00303,C802,French I,,Fall 2023,2024-09-12 07:36:55.900064,2024-09-14 07:50:05.151789,94.4,In Progress,64.7
LMS001019,STU00412,C602,Music Theory,Arts,Spring 2024,2024-10-24 22:36:45.529239,2026-04-20 07:14:34.682164,100.0,Completed,97.6
LMS000824,STU00331,C701,Physical Education,PE,Fall 2024,45751,2026-03-20 02:44:45.101184,61.3,In Progress,74.2
LMS001510,STU00598,C103,Algebra II,Math,Spring 2024,2024-08-13 14:08:52.688855,2025-01-08 19:21:05.446914,56.3,In Progress,79.0
LMS000852,STU00342,C802,French I,Languages,Fall 2024,2025-06-09 05:22:27.494599,16/1/2026,100.0,Completed,
LMS000638,STU00251,C203,Physics,Science,Fall 2025,2025-06-28 23:19:20.004938,2025-08-24 22:02:42.281170,78.3,In Progress,51.0
LMS001355,STU00545,C103,Algebra II,Math,Spring 2025,2026-02-12 15:51:21.732263,2026-07-06 17:17:36.514408,100.0,COMPLETED,61.1
LMS001858,STU00739,C701,Physical Education,PE,Fall 2024,2025-04-18 02:54:08.016568,2026-06-27 21:14:04.646042,82.7,In Progress,63.4
LMS000528,STU00209,C201,Biology,Science,Fall 2025,2025-03-21 22:01:55.695740,2025-10-19 06:39:02.181599,81.8,In  Progress,67.6
LMS000027,STU00011,C101,algebra i,Math,Fall 2025,3/12/2025,2026-06-29 20:11:12.526210,100.0,Completed,74.4
LMS002270,STU00907,C101,Algebra I,Math,Fall 2025,2024-11-08 02:01:44.065525,2025-09-26 13:12:56.933982,100.0,Completed,95.6
LMS000939,STU00379,C101,Algebra I,Math,Fall 2024,2026-04-19 12:47:11.262503,2026-06-28 03:50:40.603705,100.0,Completed,77.0
LMS000886,STU00356,C602,Music Theory,Arts  ,Spring 2025,2025-04-25 21:16:57.424757,2025-06-28 23:47:50.752520,83.5,In Progress,85.9
LMS001207,STU00492,C601,Visual Arts,Arts,Fall 2025,2024-09-29 09:20:31.188195,2025-08-04 20:19:18.739205,100.0,Completed,89.1
LMS000554,STU00217,C103,Algebra II,Math,Fall 2025,45628,6/5/2025,72.6,In Progress,81.5
LMS002492,996,C203,Physics,Science,Fall 2023,2025-05-12 10:21:45.593635,2026-03-16 07:33:58.096409,71.6,In Progress,87.3
LMS002404,STU00960,C401,World History,Social Studies,Spring 2024,2025-02-24 13:21:17.693541,2025-04-03 15:24:35.317899,75.2,In Progress,93.0
LMS001272,STU00514,C802,French I,,Spring 2025,15/12/2024,2025-01-08 02:39:21.114455,100.0,Completed  ,
LMS001611,STU00644,C602,Music Theory,Arts,Spring 2025,2026-03-20 23:41:54.488365,2026-06-05 07:35:48.325189,87.4,In Progress,85.4
LMS000644,STU00254,C602,Music Theory,Arts,Spring 2025,2025-12-27 07:43:08.121063,2026-06-14 23:33:24.912681,92.5,In Progress,69.3
LMS000189,STU76,C203,Physics,Science,Fall 2024,2025-11-27 03:39:54.812076,2026-05-15 16:53:18.237175,87.1,In Progress,54.1
LMS000590,STU00232,C203,Physics,Science,Fall 2025,2025-09-19 10:05:13.434377,2026-04-18 12:22:18.449620,80.1,In Progress,86.0
LMS000373,STU00148,C501,  Introduction to Programming,Technology,Spring 2025,2025-06-20 17:56:39.063294,2026-03-05 12:37:28.023680,78.2,In Progress,73.4
LMS000007,STU00003,C201,Biology,science,Spring 2024,2025-03-25 12:20:29.095664,2026-01-12 07:26:59.440918,42.5,IN PROGRESS,65.6
LMS000402,STU00161,C103,Algebra II,Math,Spring 2025,2025-12-31 00:19:00.754057,4/13/2026,69.0,IN PROGRESS,60.3
LMS000404,STU00161,C801,Spanish I,Languages,Fall 2024,2025-05-13 02:08:49.192313,46211,100.0,Completed,97.0
LMS000806,STU00321,C202,Chemistry,Science  ,Fall 2025,"June 27, 2025",2026-05-30 11:48:29.459560,55.0,In Progress,82.5
LMS001870,STU00744,C201,Biology,Science,Fall 2024,2025-05-02 15:21:12.154678,18-Apr-2026,100.0,Completed  ,51.1
LMS000793,STU00315,C202,Chemistry,Science,Fall 2024,2024-11-02 10:46:40.602647,2026-01-18 18:50:11.516184,100.0,Completed,71.9
LMS000988,STU00401,C202,Chemistry,,Fall 2024,1/5/2025,2025-03-09 04:19:59.602437,45.4,  In Progress,91.4
LMS002289,STU00915,C701,Physical Education,PE,Fall 2023,2025-09-30 01:20:12.599660,2026-01-01 18:14:19.265763,82.2,In Progress,51.2
LMS001731,STU00690,C601,Visual Arts,Arts,Fall 2025,2025-12-20 02:18:01.874583,2026-07-11 12:42:11.919796,93.0,In Progress,87.3
LMS002284,STU00912,C101,Algebra I,Math,Spring 2025,45764,15-Dec-2025,100.0,Completed,98.4
LMS000843,STU00337,C203,Physics,SCIENCE,Spring 2024,"February 21, 2025",2025-10-09 10:01:21.389497,92.7,In Progress,74.5
LMS001499,STU00595,C202,Chemistry,Science,Fall 2023,2025-09-07 04:45:25.479358,"June 10, 2026",77.7,In Progress,75.3
LMS000279,STU00113,C102,Geometry,Math,Fall 2023,2025-10-09 08:16:34.242594,2026-06-19 11:06:30.925632,,In Progress,50.0
LMS001657,STU00661,C103,Algebra II,Math,Spring 2024,2026-01-08 02:23:59.903781,2026-03-05 13:50:15.458378,73.4,In Progress,79.3
LMS001263,STU-00511,C601,Visual Arts,ARTS,Fall 2023,2024-12-24 05:01:51.405490,,44.0,,99.6
LMS001917,STU00765,C302,Creative Writing,English,Spring 2024,2025-11-16 02:29:19.463640,2026-06-19 15:56:55.080022,40.9,In Progress,83.0
LMS001827,728,C701,Physical Education,PE,,"January 21, 2025",2025-06-25 23:29:23.227516,100.0,Completed,64.8
LMS001346,STU00541,C102,Geometry,Math,Fall 2025,2024-11-07 13:14:24.351663,2026-05-03 05:42:34.263468,90.1,In Progress,93.6
LMS000825,STU00332,C301,English Literature,English,Fall 2025,2026-07-12 19:11:43.330872,2026-07-25 16:46:09.404459,72.9,In Progress,88.1
LMS001268,STU-00512,C502,Web Development,Technology,Spring 2025,2026-01-05 02:39:47.646421,2026-05-17 06:01:54.015189,100.0,Completed,
LMS000506,STU00202,C203,Physics,Science,Spring 2024,2025-12-20 10:36:48.359682,2026-07-10 13:03:48.063727,75.6,In Progress,62.4
LMS002349,STU00937,C501,Introduction to Programming,Technology,Fall 2025,2025-11-03 01:23:49.126295,2026-07-07 14:12:18.710146,75.8,In Progress,82.4
LMS001677,STU00670,C601,Visual Arts,arts,Spring 2024,2025-11-19 16:06:19.982525,1/5/2026,77.3,In Progress,53.6
LMS000618,STU00243,C401,World History,Social Studies,Fall 2025,2024-11-27 18:41:48.006946,2026-05-23 09:23:30.647810,100.0,Completed,71.5
LMS000553,STU00216,C301,English Literature,English,Fall 2024,2025-01-30 08:37:04.345408,2025-03-29 07:05:59.998992,100.0,Completed,55.1
LMS000671,S0267,C502,Web Development,Technology,Spring 2025,27-Nov-2025,2025-12-04 11:22:08.597560,89.3,In Progress,61.7
LMS001877,STU00747,C202,Chemistry,Science,Spring 2024,2025-01-02 15:29:48.073998,12/1/2026,100.0,Completed,73.5
LMS002098,STU00839,C102,  Geometry,Math,Fall 2024,"June 21, 2025",24/1/2026,43.9,  In Progress,94.7
LMS000326,STU00133,C601,,Arts,Fall 2024,2026-03-13 16:12:09.294756,15/7/2026,86.6,In Progress,94.1
LMS000283,STU00115,C203,Physics,Science,Spring 2025,2025-07-05 00:02:13.140490,2025-10-15 09:03:30.693326,100.0,Completed,84.0
LMS001117,STU01395,C302,Creative Writing,English,Spring 2025,2026-02-17 10:24:15.915542,"April 29, 2026",84.7,In Progress,
LMS000581,STU00229,C301,English  Literature,English  ,Spring 2025,2025-09-06 10:03:07.479759,2025-10-11 23:59:04.982197,90.4,In Progress,75.4
LMS002093,STU00837,C301,English Literature,English,Fall 2024,,2026-07-11 17:43:44.794262,43.7,In Progress,74.6
LMS000323,STU00132,C502,Web Development,Technology,Spring 2025,,2026-01-28 11:33:59.887696,92.8,In Progress,91.5
LMS001533,STU00609,C203,Physics,Science,Spring 2025,10/7/2025,2026-05-19 15:36:11.850255,74.3,In Progress,64.9
LMS001907,STU00762,C801,Spanish I,Languages,Fall 2024,2025-05-03 19:44:12.820954,2026-01-28 08:27:38.536814,100.0,Completed,78.3
LMS000123,STU00050,C401,World History,Social Studies,Fall 2023,2026-04-05 16:34:14.040316,7/15/2026,63.7,  In Progress,99.7
LMS001531,608,C601,  Visual Arts,Arts,Fall 2023,2025-03-18 18:39:48.244412,2025-10-13 17:19:33.389309,100.0,Completed,76.9
LMS001144,STU00464,C401,World History,Social Studies,Fall 2025,45908,2026-05-16 02:28:05.614032,86.5,In Progress,92.0
LMS000512,STU00204,C201,Biology,Science,Fall 2025,2025-04-02 22:15:42.759944,2026-03-13 04:16:53.138841,100.0,Completed,81.7
LMS002322,STU00929,,Algebra  I,Math,Spring 2025,2026-07-09 03:15:08.803347,2026-07-20 14:14:58.404354,91.6,In Progress,77.2
LMS002329,STU00931,C601,Visual  Arts,Arts,Spring 2024,07-Jul-2026,2026-07-26 14:34:08.861140,94.9,In Progress,71.1
LMS000407,STU00162,C103,,Math,Fall 2023,2026-07-23 19:03:17.166035,2026-07-26 22:14:57.608079,92.0,In Progress,64.6
LMS000220,STU00090,C602,Music Theory,Arts,Spring 2024,2024-11-28 16:29:17.801677,2025-09-25 18:29:46.159361,,Completed,54.7
LMS002474,STU00988,C602,Music Theory,Arts,Spring 2025,6/25/2026,2026-07-21 20:51:00.333417,87.2,In Progress,59.8
LMS001383,STU00555,C202,Chemistry,Science,Spring 2024,2026-01-15 22:45:49.245167,2026-03-12 05:14:50.113529,100.0,Completed,94.7
LMS000365,stu00146,C502,Web Development,Technology,Fall 2025,2024-11-27 10:57:36.929618,2026-03-25 05:07:23.238115,79.0,In Progress,80.6
LMS001141,STU00463,C601,Visual Arts,Arts,Fall 2025,2025-07-26 09:41:42.970954,2026-06-26 06:53:32.300987,72.3,In Progress,90.4
LMS000219,STU00089,C101,Algebra I,Math,Fall 2023,2025-07-20 21:41:05.113037,2025-10-02 01:29:29.093565,100.0,Completed,90.5
LMS002137,STU00857,C203,Physics,Science,Spring 2024,2025-12-25 08:18:45.024457,2026-04-09 18:51:14.974256,100.0,Completed,95.3
LMS001301,STU00523,C302,Creative Writing,English,Fall 2024,7/6/2026,2026-06-27 01:33:47.273064,81.4,In Progress,52.4
LMS000932,STU00376,C701,,PE,Spring 2024,2026-02-07 06:46:52.384554,2026-05-12 14:14:47.353795,80.3,In Progress,87.8
LMS002414,STU00965,C501,Introduction to Programming,Technology,Fall 2023,2025-05-11 12:32:38.776143,2025-05-14 23:42:55.113976,100.0,completed,50.1
LMS000954,STU00384,C301,English Literature,English,Fall 2024,2025-05-11 09:10:55.193953,2026-04-22 13:52:42.403665,100.0,Completed,77.9
LMS000265,STU00110,C502,Web Development,Technology,Spring 2024,2025-12-29 19:34:07.362157,2026-01-30 07:22:44.005896,65.2,IN PROGRESS,67.7
LMS000927,STU00373,C402,Government & Civics,Social Studies,Fall 2025,2026-02-06 09:56:47.001404,2026-04-22 01:38:15.337254,100.0,Completed,50.8
LMS001704,STU00681,C801,Spanish I,Languages,Fall 2023,2025-01-09 15:06:20.477235,2025-02-15 04:20:51.654706,75.3,In Progress,65.9
LMS001463,stu00582,C502,Web Development,Technology,Fall 2024,45853,"May 22, 2026",100.0,  Completed,59.0
LMS000337,STU00137,C801,Spanish I,Languages,Fall 2024,2025-01-01 20:55:00.344608,2025-01-26 22:41:09.030509,82.0,In Progress,64.0
LMS000915,STU00369,C602,Music Theory,Arts,Fall 2023,2025-05-19 03:35:25.869308,2026-05-08 09:37:14.803449,85.7,In Progress,82.4
LMS001540,STU00612,C501,Introduction to Programming,Technology,Spring 2025,2026-03-11 04:22:50.268742,2026-04-23 06:32:54.464116,94.5,In Progress,
LMS001680,STU00671,C103,,Math,Spring 2024,2025-12-14 05:32:36.242747,28-Jun-2026,91.4,In Progress,92.0
LMS000820,STU00328,C302,Creative Writing,English,Fall 2023,2024-08-16 01:24:20.183143,2026-06-06 14:18:15.153761,3.7,Dropped,
LMS000968,STU391,C301,English Literature,English,Spring 2024,2025-10-03 09:13:14.998736,2025-12-31 02:54:04.621708,100.0,Completed,79.0
LMS002118,STU00849,C801,Spanish I,Languages,Fall 2023,16/12/2025,2026-07-21 12:46:11.440670,73.8,In Progress,52.5
LMS000809,STU00322,C801,Spanish I,Languages,Fall 2025,29/4/2025,23-May-2025,100.0,Completed,77.3
LMS001320,STU00529,C102,Geometry,,Fall 2023,2025-02-09 12:57:09.782340,2025-04-24 10:58:53.087343,100.0,Completed,51.1
LMS000394,STU00158,C502,Web Development,Technology,,45919,2026-05-06 16:37:28.849310,100.0,Completed,73.5
LMS000681,STU00271,C103,Algebra II  ,Math,Spring 2024,2026-01-01 07:37:13.337940,27-Jun-2026,100.0,Completed,92.0
LMS000777,STU00309,C402,Government & Civics,Social Studies,Spring 2024,11/5/2025,8/1/2026,85.4,In Progress,95.2
LMS000893,STU00359,C101,Algebra I,MATH,Spring 2025,2025-04-19 10:38:10.846690,,90.0,In Progress,63.5
LMS001165,STU00471,C103,Algebra II,Math,Fall 2023,6/17/2025,2025-07-04 18:08:31.655952,92.6,In Progress,59.7
LMS001767,STU00705,C502,Web Development,Technology,Fall 2023,2024-08-30 13:47:39.540273,2025-12-17 00:29:14.623261,72.4,In Progress,61.7
LMS001902,STU00759,C103,Algebra II,Math,Fall 2025,2025-04-05 11:45:10.205537,2026-07-16 14:11:20.061363,82.2,In Progress,70.1
LMS000396,STU00158,C501,Introduction to Programming,Technology,Fall 2025,2025-11-05 07:23:50.065495,2026-03-26 03:50:39.648080,100.0,Completed,83.6
LMS001110,STU00452,C301,English Literature,English,Fall 2024,2026-01-09 08:50:23.564048,2026-04-30 04:24:48.655358,100.0,COMPLETED,56.7
LMS002163,STU00867,C402,Government & Civics,Social Studies,Spring 2025,2026-02-18 05:56:25.533202,2026-04-19 16:09:56.911986,93.4,In Progress,66.1
LMS002094,STU00838,C701,Physical Education,PE,Fall 2023,2024-12-29 21:13:44.955153,2025-06-05 23:52:16.842321,46.2,In Progress,83.6
LMS000102,S0042,C101,Algebra I,Math,Fall 2023,45642,5/31/2026,78.2,In Progress,59.4
LMS001269,STU00513,C203,Physics,Science,Fall 2024,2025-04-22 09:03:42.657189,2025-08-02 07:29:07.051955,100.0,Completed,79.6
LMS000576,STU00227,C203,Physics,Science,Spring 2025,2024-09-14 04:41:53.836381,,38.5,Dropped,
LMS000889,STU00358,C101,Algebra I,Math,,2026-04-09 23:33:48.364343,2026-04-22 10:20:37.116544,47.4,In Progress,81.6
LMS000247,STU00103,C502,Web Development,Technology,Fall 2025,10-Apr-2025,2025-07-10 22:13:38.421448,100.0,,66.2
LMS000246,STU00102,C601,Visual Arts,Arts,Spring 2025,"October 04, 2025",2025-10-27 09:19:40.188106,92.2,In Progress,60.2
LMS001742,STU00695,C302,Creative Writing,English,Fall 2023,2025-06-02 18:45:36.473044,2026-01-04 19:18:01.461358,78.5,In Progress,92.2
LMS001732,STU01088,C601,Visual Arts,Arts,Spring 2024,5/29/2025,2025-12-16 14:21:47.002746,84.5,In Progress,81.2
LMS002394,STU00957,C701,Physical Education,PE,Spring 2024,2025-02-16 22:55:14.602002,2026-04-30 04:48:56.427968,94.4,In Progress,97.0
LMS000987,stu00400,C101,  Algebra I,Math,Fall 2023,2025-09-03 02:33:03.567394,2025-11-13 19:15:13.299702,,In Progress,56.6
LMS001107,STU00451,C101,Algebra I,Math,,2024-12-15 12:31:42.629878,"July 28, 2026",100.0,Completed,86.9
LMS000848,STU00339,C401,World History,Social Studies,Fall 2024,18-Dec-2025,2026-04-04 04:44:13.098333,100.0,Completed,63.5
LMS001098,STU00447,C601,Visual Arts,Arts,Fall 2025,2025-07-17 17:45:51.522277,2026-02-04 03:45:41.832271,100.0,Completed,89.1
LMS001240,STU00503,C501,Introduction to Programming,Technology,Fall 2024,2026-02-18 22:43:00.692102,2026-06-21 09:31:14.174588,100.0,Completed,52.5
LMS001678,S0670,C501,Introduction to Programming,Technology,Fall 2024,2025-03-04 12:45:35.900904,2026-05-23 13:18:35.427505,93.9,In Progress,75.1
LMS001015,STU00411,C602,,Arts,Fall 2023,2024-10-22 19:21:04.128757,2026-06-04 05:45:52.209526,100.0,Completed,65.1
LMS001509,STU00598,C402,Government & Civics,Social Studies,Fall 2023,2026-03-27 09:47:35.231863,2026-07-05 05:47:33.043005,71.2,In Progress,77.0
LMS002421,STU00968,C501,Introduction to Programming,Technology,Spring 2024,2/13/2026,,74.1,In Progress,97.5
LMS001943,stu00779,C202,Chemistry,Science,Fall 2025,2025-09-10 07:13:57.941216,2025-10-03 02:27:49.069053,92.3,In  Progress,95.3
LMS002302,STU00919,C201,Biology,Science,Spring 2024,2026-06-02 14:27:25.363030,2026-06-12 06:16:01.154448,27.0,Dropped,
LMS001686,STU00674,,Web Development,technology,Fall 2025,11/25/2024,2026-04-11 04:58:15.096104,52.0,In Progress,97.3
LMS001584,STU00633,C101,Algebra I,Math,Fall 2024,14/2/2026,2026-05-30 08:47:00.739485,45.6,In Progress,96.4
LMS002253,STU00901,C602,Music Theory,Arts,Fall 2025,2025-01-28 21:08:30.802731,2026-03-04 19:20:17.287728,63.3,In Progress,78.1
LMS001429,STU00570,C601,Visual Arts,Arts,Fall 2024,17/7/2025,2026-06-09 00:24:40.839219,80.9,In Progress,66.0
LMS000908,STU00366,C701,Physical Education,PE,Fall 2024,2026-05-19 20:20:05.322972,2026-07-15 20:53:54.453773,89.0,In Progress,81.6
,STU00622,C201,,Science,Spring 2025,2026-07-13 07:36:54.937398,2026-07-23 12:34:54.028713,47.4,In Progress,84.6
LMS001020,STU00412,C302,Creative Writing,English,Spring 2024,21-Dec-2024,2025-10-10 11:02:56.996953,100.0,Completed,66.1
LMS000605,STU00238,C401,World History,Social Studies,Fall 2025,2025-02-21 12:40:39.768366,2025-10-07 10:25:46.125832,100.0,Completed,50.1
LMS001295,STU00521,C103,Algebra II,Math,Fall 2023,2026-05-07 02:52:48.474058,2026-05-12 08:21:31.838164,100.0,Completed,51.2
LMS002443,STU00978,,Geometry,Math,Fall 2025,2025-10-25 15:55:06.998286,2026-01-09 08:07:03.847898,100.0,Completed,71.4
LMS000021,STU00008,C401,World History,Social Studies,Fall 2025,21/12/2025,2026-01-07 07:25:32.135561,100.0,Completed,93.3
LMS000640,STU00252,C102,Geometry,Math,Spring 2024,2025-10-27 03:21:19.538476,2026-07-13 11:01:05.053781,8.3,Dropped,
LMS001299,STU00522,C101,Algebra I,Math,Spring 2024,2025-01-25 15:35:40.658273,2026-06-30 23:24:14.815479,71.1,In Progress,93.5
LMS000634,STU00249,C801,Spanish I,Languages,Fall 2025,2026-03-20 01:33:52.358021,2026-06-01 09:48:06.337546,,In Progress,71.3
LMS000281,STU00114,C101,Algebra I,Math,Spring 2024,2025-05-28 19:41:55.812567,2025-08-21 22:55:53.964331,85.0,In Progress,76.3
LMS000700,STU00280,C602,Music Theory,Arts  ,Spring 2024,2026-05-15 09:10:05.357445,2026-05-31 11:59:08.063213,71.6,In Progress,97.4
LMS000039,17,C401,World History,Social Studies,Fall 2024,2026-03-26 11:04:27.340078,2026-06-10 02:24:23.764626,78.7,,75.4
LMS001699,STU00680,C202,Chemistry,Science,Fall 2025,4/12/2025,2026-02-25 18:33:38.971059,84.1,In Progress,65.3
LMS002378,STU00950,C202,Chemistry,Science,,"July 01, 2026",2026-07-08 06:17:29.043745,100.0,Completed,73.4
LMS001188,STU00484,C802,French I,Languages,Spring 2025,2026-04-06 16:48:52.483181,2026-06-11 13:42:46.717310,79.4,In Progress,72.7
LMS002027,STU00810,,Algebra I,Math,Fall 2024,2025-12-19 11:43:56.696167,,36.0,Dropped,
LMS001218,STU00496,,Creative Writing,English,Fall 2025,,46202,47.6,In Progress,77.9
LMS001560,STU-00621,C802,French I,Languages,Fall 2024,46137,2026-07-20 00:11:47.877807,100.0,  Completed,70.8
LMS001397,STU-00560,,Physical Education,,Fall 2023,2026-03-15 15:18:49.705447,2026-05-28 13:27:02.354640,100.0,Completed,71.8
LMS000037,STU00015,C103,Algebra II,Math,Fall 2023,2025-06-27 01:15:57.144643,2026-06-24 09:31:06.939928,72.7,In Progress,95.0
LMS001060,STU00429,C301,English Literature,English,Spring 2024,2024-09-14 08:28:51.088997,2025-09-22 23:22:51.114797,76.0,In Progress,80.0
LMS002438,STU00976,C802,French I,Languages,Fall 2023,2025-01-12 14:32:58.329408,2026-01-04 22:46:16.476977,28.4,Dropped,
LMS001926,STU00770,C201,Biology,Science,Spring 2024,2024-10-16 10:58:59.370890,2025-10-06 11:04:21.370307,78.3,In Progress,62.8
LMS000333,STU00135,C602,Music Theory,Arts,Spring 2025,2025-08-19 15:23:25.005089,2026-03-27 07:33:39.748722,50.0,  In Progress,94.5
LMS000874,stu00350,C301,English Literature,English,Spring 2024,2025-02-24 03:19:25.981925,2025-05-14 18:43:48.177864,100.0,Completed,82.9
LMS001865,STU00742,C802,French I,  Languages,Fall 2024,2025-12-12 11:17:17.794816,2026-05-15 10:14:58.016296,100.0,Completed,57.4
LMS001710,STU00683,C302,Creative Writing,english,Spring 2025,2024-09-23 07:04:03.466110,2026-01-21 21:47:25.764467,100.0,Completed,76.2
LMS002399,STU00958,C802,FRENCH I,Languages,Spring 2025,2024-10-24 09:37:37.322354,2026-01-30 05:39:44.897501,40.1,In Progress,66.3
LMS002112,STU00846,C101,Algebra I,Math,Fall 2024,2024-07-27 20:46:38.490999,2025-04-01 06:30:40.157414,76.7,In Progress,99.3
LMS002193,STU00879,C201,Biology,Science,Fall 2025,2025-07-04 03:24:17.198863,2025-08-04 11:26:00.680518,79.5,In Progress,67.1
LMS000456,STU00182,C302,Creative Writing,English,Spring 2024,,2025-09-24 21:07:10.117037,92.6,In Progress,50.3
LMS001352,STU01259,C701,Physical Education,PE  ,Fall 2025,2026-05-07 13:53:08.507448,2026-07-01 19:38:51.776953,100.0,  Completed,51.0
LMS000411,STU00163,C501,Introduction to Programming,Technology,Fall 2025,"October 09, 2024",2025-02-08 01:21:41.082866,77.5,In Progress,90.7
,STU00458,C102,Geometry,Math,Spring 2025,2025-08-14 17:44:11.682196,2025-08-24 21:24:05.896220,87.0,In Progress,88.3
LMS000490,195,C101,Algebra I,Math,Fall 2023,46150,2026-07-13 04:20:44.014215,71.6,In Progress,74.1
LMS000984,STU00400,C202,Chemistry,Science,Spring 2024,15/9/2025,2025-10-13 02:02:54.250810,100.0,Completed,
LMS002062,STU00825,C402,Government  &  Civics,Social Studies,Spring 2024,2025-08-06 02:48:08.268420,2025-10-12 00:24:16.084261,45.0,In Progress,66.5
LMS002213,STU00886,C802,French I,Languages,Fall 2025,2024-08-23 17:22:12.145118,,5.7,Dropped,
LMS001875,STU00745,C202,Chemistry,Science,Fall 2024,2026-01-24 19:37:42.487770,25/6/2026,81.8,In Progress,78.2
LMS000205,STU00083,C802,French I,Languages,Spring 2024,2025-04-20 02:01:53.832386,2026-02-05 14:13:22.097820,100.0,Completed,84.0
LMS001264,STU511,C802,French I,Languages,Fall 2025,2024-11-15 06:05:23.219777,2026-01-13 08:14:15.185160,100.0,Completed,85.4
LMS001727,STU00688,C602,Music Theory,Arts,Fall 2024,2024-10-04 07:45:06.695613,2025-08-15 20:22:53.237275,76.2,In Progress,
LMS001641,STU00655,C701,Physical Education,PE,Fall 2023,2026-05-19 16:36:52.418411,2026-07-04 00:38:24.027529,67.2,In Progress,84.6
LMS000572,STU00225,C301,English Literature,English,Spring 2025,2026-07-15 23:26:57.442826,2026-07-25 13:21:24.218970,81.4,In Progress,73.6
LMS000991,STU00402,C401,WORLD HISTORY,Social Studies,Fall 2024,2025-09-18 02:12:54.367625,45953,100.0,Completed,59.4
LMS002144,STU00860,C701,,PE,Fall 2023,2026-04-16 15:21:49.492256,2026-07-14 18:34:00.824501,81.1,In Progress,78.7
LMS001427,570,C801,  Spanish I,Languages,Spring 2025,2025-03-26 01:40:26.553036,2026-04-28 11:56:32.043132,88.0,In Progress,93.1
LMS002283,STU00911,,Algebra II,Math,Fall 2025,"September 05, 2025",2026-01-05 17:20:04.237797,59.1,,52.8
LMS000070,STU00029,C201,Biology,Science,Spring 2024,2025-09-25 04:15:46.800067,2026-05-04 10:07:50.848636,70.8,In Progress,78.0
LMS000022,STU00008,C203,Physics,Science,Fall 2023,2026-04-20 04:41:32.710594,2026-06-26 20:51:20.190445,100.0,Completed,68.6
LMS000519,STU00206,C801,,Languages,Spring 2025,8/31/2025,6/7/2026,82.9,In Progress,99.0
LMS000291,STU00118,C402,Government & Civics,Social Studies,Fall 2024,45938,2026-04-06 17:00:13.621302,100.0,  Completed,88.6
LMS000515,STU00205,C402,Government & Civics,SOCIAL STUDIES,Spring 2024,2025-07-28 22:26:36.849468,"September 18, 2025",100.0,Completed,53.8
LMS002468,STU00987,C502,Web Development,Technology,Fall 2024,2026-02-02 11:59:15.549390,"June 21, 2026",100.0,Completed,
LMS000354,142,C202,Chemistry,Science,Fall 2024,2026-06-23 02:42:46.434486,2026-06-24 15:44:51.430267,100.0,Completed,81.2
LMS000296,STU00120,C502,Web Development,Technology,Fall 2023,2026-05-23 21:46:17.843000,2026-07-15 22:21:13.835641,89.1,In Progress,77.4
LMS000885,STU00355,C101,Algebra I,Math,Fall 2023,2024-12-09 08:59:28.665555,2025-03-24 07:39:19.010154,74.1,In Progress,98.6
LMS000586,STU00231,C801,spanish i,LANGUAGES,Fall 2024,2026-01-27 23:55:54.819714,46139,72.3,In Progress,54.3
LMS002423,STU00970,C801,Spanish I,Languages,Fall 2023,05-May-2026,18-Jun-2026,80.0,In Progress,52.7
LMS000398,STU00159,C103,Algebra II,Math,,2025-03-04 05:21:54.469803,,100.0,Completed,57.3
LMS002171,STU00872,C101,Algebra I,  Math,Fall 2023,2026-05-05 23:12:07.758396,2026-05-31 02:09:58.252773,77.3,In Progress,92.5
LMS002228,STU00893,C801,Spanish I,Languages,Fall 2025,2026-06-02 07:01:16.931593,2026-06-30 21:37:42.019553,100.0,Completed  ,92.8
LMS000510,204,C203,Physics,Science,Fall 2024,,2025-09-27 17:34:23.963032,67.5,In Progress,91.1
LMS001040,STU00422,C601,Visual Arts  ,Arts,Spring 2025,2024-10-22 22:10:35.589611,2026-04-16 14:42:33.673625,34.0,Dropped,
LMS001874,STU00745,C801,Spanish I,Languages,Spring 2024,2026-04-06 20:43:14.722243,2026-06-04 20:51:26.599916,94.1,In Progress,68.4
LMS001824,STU00727,C501,Introduction to Programming,Technology,Fall 2024,26-Mar-2026,6/16/2026,100.0,Completed,52.9
LMS001118,STU00455,C701,Physical Education,PE,,2024-11-11 04:47:41.486730,2026-03-04 08:33:03.065470,70.5,In Progress,89.1
LMS001390,STU00557,C401,World History,Social  Studies,Spring 2024,2025-02-13 07:13:57.524205,2026-01-21 12:58:28.240147,85.6,In Progress,56.4
LMS002033,STU00813,C101,Algebra I,  Math,Fall 2025,2026-03-06 04:32:27.745901,2026-04-16 06:20:19.547758,92.6,In Progress,76.3
LMS001879,STU00747,C301,English Literature,English,Fall 2024,2025-11-27 05:12:00.245545,2026-07-18 22:16:49.903244,81.8,In Progress,87.4
LMS000167,STU00067,C801,,Languages,Fall 2023,2025-01-27 12:30:08.965443,2025-12-25 23:20:05.423143,100.0,Completed,81.9
LMS002421,STU00968,C501,Introduction to Programming,Technology,Spring 2024,2/13/2026,,74.1,In Progress,97.5
LMS000186,STU00075,C101,Algebra I,Math,Fall 2024,2025-10-18 12:53:59.775717,46071,85.1,In Progress,70.1
LMS000648,STU00255,C701,Physical Education,PE,Spring 2024,2024-09-06 11:07:54.897933,2026-05-12 10:33:45.970845,87.3,In Progress,79.3
LMS001448,STU00577,C502,Web Development,Technology,Fall 2023,2026-01-01 03:20:32.338739,,100.0,Completed,90.8
LMS000726,STU00290,C201,Biology  ,Science,Fall 2023,2025-02-07 20:57:30.144202,2025-09-24 03:45:47.901720,59.5,In Progress,91.4
LMS000347,STU00140,C202,Chemistry,Science,Spring 2024,2026-07-05 18:59:57.414127,2026-07-06 17:30:43.331266,100.0,,65.3
LMS000473,STU00188,C101,Algebra I,Math,Spring 2024,2024-08-06 21:41:36.380378,2024-09-04 17:27:04.195135,15.9,,
LMS001589,STU00635,C401,world history,Social Studies,Fall 2023,2025-09-17 02:39:58.435344,2026-04-21 05:04:39.429710,82.2,In Progress,92.2
LMS001139,STU00462,C602,Music Theory,Arts,Fall 2023,"June 04, 2026",2026-06-16 12:19:41.711477,100.0,Completed,63.6
,STU00548,C501,Introduction to Programming,Technology,Fall 2024,,2026-03-05 18:35:00.595848,81.4,,55.8
LMS001443,STU00576,C401,World History,Social Studies,Fall 2025,2026-06-15 11:38:30.775805,2026-06-15 19:30:29.352826,100.0,Completed,84.6
LMS000163,STU00066,C101,Algebra I,Math,Spring 2025,"April 25, 2025",18/4/2026,71.9,In Progress,77.5
LMS001347,STU542,C701,Physical Education,PE,Spring 2024,2026-07-13 08:33:52.329326,2026-07-21 03:14:05.471313,100.0,Completed,67.9
LMS000054,22,C202,chemistry,Science,Spring 2025,2025-08-19 08:22:46.371880,2026-07-14 02:32:52.495613,75.5,In Progress,81.9
LMS002335,STU00933,C402,Government & Civics,Social Studies,Spring 2024,2024-11-21 17:34:16.588037,2025-04-24 03:53:29.619449,82.0,In Progress,99.1
LMS000729,STU00291,C501,Introduction to Programming,Technology,Fall 2023,2024-08-14 21:35:57.051173,2026-02-08 05:51:08.984056,3.7,Dropped,
LMS001557,STU00619,C801,Spanish I,Languages,Fall 2024,2025-09-18 17:16:51.997687,2026-05-20 11:30:08.358897,66.8,In Progress,95.1
LMS000118,STU00048,C201,Biology,SCIENCE,Fall 2024,2026-03-20 22:52:43.630754,2026-07-18 20:16:58.792909,100.0,Completed,83.1
LMS001968,STU00788,C501,Introduction to Programming,Technology,Fall 2025,2026-03-26 18:12:04.052338,2026-04-14 16:18:58.542460,46.7,In Progress,70.4
LMS000905,STU00364,C701,Physical Education,PE,Spring 2024,2026-03-11 16:36:35.102483,2026-07-21 11:34:06.814891,78.4,In Progress,55.1
LMS000959,S0387,C802,French I,LANGUAGES,Fall 2025,2025-12-14 16:29:31.479558,2026-06-07 13:07:31.114820,100.0,Completed,50.9
,STU00569,C801,Spanish I,  Languages,Fall 2023,2025-09-09 13:46:39.208944,2025-09-30 23:32:30.180835,90.5,In Progress  ,72.0
LMS001869,STU00744,C402,,Social Studies,Fall 2024,2026-01-20 23:30:33.297909,2026-06-14 00:49:30.945396,100.0,Completed,78.2
,STU00173,C601,,Arts,Fall 2025,9/17/2024,2025-10-23 15:04:42.256774,100.0,Completed,92.2
LMS001134,STU00460,C701,Physical Education,PE,Fall 2025,04-Feb-2025,15/10/2025,89.3,In Progress,62.4
LMS000969,STU00391,C102,Geometry,math,Spring 2024,2026-02-12 16:18:45.887826,19-Apr-2026,100.0,Completed,90.8
LMS002269,STU00907,C301,English Literature,English,Fall 2025,01-Aug-2025,2025-10-07 22:45:50.356642,100.0,Completed,87.3
LMS001643,STU00656,C102,Geometry,Math,Fall 2023,2026-03-07 19:31:26.137274,5/11/2026,88.7,In Progress,56.4
LMS001433,STU00572,C302,Creative Writing,English,Fall 2024,2026-05-16 22:53:58.431300,2026-06-19 09:12:17.960882,82.0,IN PROGRESS,93.0
LMS002434,STU00974,C401,World History,Social Studies,Fall 2023,5/3/2026,2026-04-06 03:43:43.895778,74.6,,91.6
LMS001365,STU00549,C203,Physics  ,Science,Spring 2025,2025-10-13 22:18:42.724241,4/1/2026,100.0,,63.8
LMS002000,STU00800,C201,Biology,Science,Spring 2025,2024-10-14 10:27:39.550246,2025-08-25 14:05:04.689917,80.7,In Progress,55.7
LMS002219,STU00888,C602,Music Theory,Arts,Fall 2025,9/10/2025,2026-05-20 18:08:52.188153,92.9,In Progress,54.8
LMS000923,STU00372,C302,creative writing,English,,2025-01-03 22:21:13.597041,2025-08-22 13:06:12.734340,44.4,In Progress,55.2
LMS000301,STU122,C402,Government & Civics,SOCIAL STUDIES,Spring 2025,2025-11-20 14:03:41.887753,2025-12-18 09:56:55.331262,78.3,In Progress,68.1
LMS000316,STU00130,C202,Chemistry,Science,Spring 2024,2025-04-01 10:19:53.845708,2025-07-28 04:40:55.349017,100.0,Completed,94.2
LMS000317,stu00130,C802,French I,Languages,Fall 2023,,"May 23, 2026",85.8,In Progress,50.8
LMS000106,S0043,C102,Geometry,Math,Fall 2025,2025-01-28 16:46:55.812615,46230,92.2,In Progress,73.2
LMS000879,STU00352,C201,Biology,Science,Spring 2025,2026-04-16 23:30:49.074223,"May 30, 2026",80.0,,
LMS002226,STU00892,C502,Web  Development,Technology,Fall 2024,2025-06-04 07:03:18.923623,2025-10-13 00:13:12.358481,81.1,In Progress,63.9
LMS001287,STU00519,C102,Geometry,Math,Spring 2024,2026-07-17 15:59:21.344838,2026-07-27 04:42:31.064853,72.8,In Progress,72.1
LMS000769,STU00307,C602,Music Theory,Arts,Fall 2023,2026-03-31 19:22:50.584382,18/6/2026,85.6,In Progress,84.9
LMS001143,STU00463,C802,French I,Languages,Spring 2024,2025-12-01 22:39:32.522517,1/25/2026,25.1,Dropped,
LMS002152,STU00863,C102,Geometry,Math,Spring 2025,2024-12-27 01:22:36.856093,,72.3,In Progress,99.3
LMS000441,STU-00176,C401,World History,Social Studies,Spring 2024,2025-04-03 17:20:45.410153,08-Jun-2026,76.4,In Progress,76.4
LMS000859,STU00344,C201,Biology,Science,Fall 2023,3/2/2026,2026-06-30 04:32:53.007957,87.0,In Progress,99.0
LMS000078,S0032,C101,Algebra I,Math,Fall 2023,19/8/2024,2025-11-07 19:09:57.141996,3.5,Dropped,
LMS001545,STU00615,C103,Algebra II,Math,,2025-08-29 00:43:41.521887,2026-07-09 10:04:15.086859,90.3,In Progress,71.8
LMS000431,STU00171,C101,Algebra I,Math,Spring 2025,2025-12-12 22:31:49.834572,2025-12-12 23:15:21.615790,81.6,In Progress,92.9
LMS001174,STU00477,C602,Music Theory,Arts,Fall 2025,2025-10-18 12:24:36.550856,08-Feb-2026,53.9,In Progress,58.9
LMS000076,STU00031,C501,Introduction to Programming,Technology,Spring 2025,5/24/2025,2025-09-30 01:37:23.144754,100.0,Completed,99.4
,STU00893,C401,World History,Social Studies,Spring 2024,5/1/2026,3/6/2026,93.9,  In Progress,59.1
LMS002298,STU00918,C501,introduction to programming,TECHNOLOGY,Fall 2023,2025-12-13 05:30:00.293911,2026-06-30 05:15:02.728108,100.0,Completed,91.2
LMS001129,STU459,C101,Algebra I,Math,Fall 2024,2026-04-21 22:49:36.536646,2026-07-22 18:43:44.832607,62.9,In Progress,55.4
LMS001513,STU00600,C203,Physics,Science,Spring 2024,"May 21, 2025",10/26/2025,40.8,In Progress,88.2
LMS002048,STU00819,C801,Spanish I,Languages,Fall 2024,2/12/2024,2025-09-17 21:55:57.428476,72.2,In Progress,90.2
LMS000912,STU00368,C701,Physical Education,PE,Spring 2025,2025-04-14 00:48:04.095687,2026-05-11 15:17:28.871087,38.0,Dropped,
LMS001828,STU00728,C201,Biology,Science,Spring 2025,2024-09-09 17:37:52.782017,2025-09-19 06:07:12.253976,92.9,In Progress,60.5
LMS002259,STU00904,C802,French I,Languages,Spring 2025,2026-01-23 23:43:35.393502,"May 28, 2026",93.7,In Progress  ,64.7
LMS001294,STU00520,C202,Chemistry,Science,Fall 2025,2026-02-27 02:39:11.909286,2026-04-01 10:10:11.654000,76.1,In Progress,77.4
LMS000961,STU00387,C202,Chemistry,Science,Fall 2023,45700,2026-01-04 07:45:06.117077,100.0,Completed,52.1
LMS000563,STU00220,C802,French I,Languages,Fall 2025,27-Aug-2024,2024-10-10 21:22:49.285232,70.6,In Progress,89.1
LMS002448,STU00980,C102,Geometry,Math,Fall 2023,2026-07-15 17:09:16.642432,2026-07-17 16:27:07.296440,83.0,In Progress,72.4
LMS002037,STU00815,C701,Physical Education,PE,Spring 2025,2024-08-25 06:24:02.947990,2025-03-31 15:12:49.691752,82.7,In  Progress,56.2
LMS002251,STU00900,C301,English Literature,English,Fall 2024,2025-06-22 07:46:06.029169,2025-09-28 00:25:47.573661,100.0,Completed,69.3
,STU00763,C401,World History,Social Studies,Spring 2024,2026-06-12 00:37:15.904639,2026-06-18 17:51:14.268956,100.0,Completed,86.0
LMS002325,STU00930,C701,Physical Education,PE,Fall 2023,2025-02-07 19:02:55.344733,2025-04-30 13:36:48.107111,100.0,Completed,80.9
LMS001148,STU00465,C301,  English Literature,English,Fall 2025,2026-06-08 00:34:41.470400,2026-07-23 11:22:12.967663,100.0,Completed,98.2
LMS000088,STU36,C602,Music Theory,Arts,Fall 2024,2025-08-09 00:06:05.987947,30-Mar-2026,100.0,Completed,61.0
LMS001133,STU00460,C203,Physics,Science,Fall 2023,2026-05-20 22:16:15.168599,46226,83.2,In Progress,97.0
LMS001204,STU00491,C601,Visual Arts,Arts,Spring 2025,2024-11-20 04:39:20.762443,9/14/2025,82.3,In Progress,65.9
LMS001971,STU00789,C802,French I,Languages,Spring 2025,2024-11-11 02:42:32.702578,2025-05-31 04:50:10.241764,,In Progress,78.5
LMS000980,STU398,C301,English Literature,English,Spring 2025,2025-02-04 09:46:08.851558,5/6/2026,100.0,Completed,59.8
LMS001037,STU422,C103,algebra ii,Math,Fall 2024,2026-04-22 11:16:14.266846,2026-05-08 02:47:01.644842,84.9,In Progress,61.0
LMS000083,stu00034,C402,Government & Civics,Social Studies,Fall 2023,2025-05-26 16:46:37.470820,2025-08-09 00:57:58.530659,100.0,Completed,58.7
LMS002445,STU00979,C201,Biology,Science,Spring 2025,2024-09-29 08:51:49.931994,46021,78.6,In Progress,
LMS000144,STU00059,C202,Chemistry,Science,Spring 2025,2026-07-04 18:42:53.063339,2026-07-24 21:41:45.746801,60.3,In Progress,88.0
LMS001180,STU00480,C602,Music Theory,,Fall 2025,07-Nov-2024,2025-04-13 22:36:25.335252,100.0,Completed,82.6
LMS000897,STU00361,C102,Geometry,Math,Spring 2025,2026-04-16 23:33:02.624781,2026-06-25 11:44:36.624055,94.8,In Progress,60.8
LMS000024,STU00010,C402,Government & Civics,Social Studies,Fall 2024,25-Dec-2024,4/25/2026,100.0,Completed,68.7
LMS000208,STU00084,C701,Physical Education,PE,Fall 2024,2025-06-07 09:10:55.822173,2025-10-23 23:18:36.872992,88.5,In Progress,94.0
LMS000320,STU00131,C401,World History,Social Studies,Fall 2024,2024-12-06 04:04:34.231542,2025-06-19 22:02:30.339658,57.4,In Progress,75.1
LMS001096,S0446,C101,,Math,Spring 2024,2024-09-08 22:08:13.744796,14/3/2025,58.8,In Progress,98.8
LMS000090,STU00038,C801,Spanish I,LANGUAGES,Fall 2025,2024-12-09 03:03:24.133483,"December 29, 2025",72.4,In Progress,56.2
LMS001479,STU00588,C301,English Literature,English,,18/7/2026,,86.6,In Progress,98.8
LMS000469,STU00186,C401,  World History,Social Studies,Fall 2024,21-Apr-2025,45846,81.7,In Progress,50.9
LMS001203,STU00491,C202,Chemistry,Science,,45951,2025-11-16 01:14:33.090664,100.0,Completed,80.0
LMS001145,STU00464,C601,Visual Arts,Arts,Fall 2025,2025-11-27 12:31:11.466703,2025-12-21 03:44:51.995420,86.6,In Progress,98.7
LMS000688,STU00275,C401,World History,Social Studies,Spring 2025,2025-08-05 09:09:30.230464,2026-07-03 05:09:41.631548,100.0,Completed,79.3
LMS002078,STU00830,C201,Biology,Science,Spring 2025,23-Nov-2024,2026-03-03 01:06:03.215425,47.5,In Progress,83.3
LMS000351,stu00141,C302,Creative Writing,English,Spring 2024,2026-06-19 23:22:52.986419,2026-07-25 19:04:56.955796,100.0,Completed,74.3
LMS001852,STU00737,C602,Music Theory,Arts,Spring 2025,,2026-03-16 03:55:05.489019,47.4,In Progress,83.8
LMS000060,STU00026,C701,Physical Education,PE,Fall 2023,"January 19, 2026",2026-04-18 00:28:00.003663,44.2,,64.8
LMS000686,STU00273,C201,Biology,Science,Spring 2025,2025-09-04 23:42:01.792635,2026-06-23 13:02:56.919892,75.9,In Progress,85.5
LMS002276,STU00909,C501,Introduction to Programming,Technology,Spring 2025,2025-11-05 15:38:41.263307,08-May-2026,75.7,In Progress,66.9
LMS001880,STU00747,C502,Web Development,Technology,Fall 2023,2025-03-05 09:05:39.764322,2026-04-10 22:15:08.373049,100.0,Completed,56.7
LMS001975,STU00790,C802,French I,Languages,Fall 2025,2024-12-09 10:09:50.247641,2025-11-06 17:15:57.345690,76.2,In Progress,
LMS001992,STU00797,C602,Music Theory,Arts,Spring 2025,"January 17, 2026",2026-06-15 02:16:16.538859,80.6,In Progress,
LMS002358,STU00943,C103,Algebra II,Math,Fall 2023,,2025-09-14 03:47:34.997876,67.4,In Progress,51.7
LMS000158,STU00064,C501,Introduction to Programming,Technology,Fall 2023,15/1/2026,4/3/2026,76.4,In Progress,50.5
LMS002166,STU00869,C103,Algebra II,Math,Fall 2024,2026-07-01 06:47:51.210355,2026-07-06 14:02:12.371460,77.0,In Progress,58.7
LMS001594,STU00637,C201,Biology,Science,Fall 2025,2026-05-10 09:49:35.452521,2026-06-21 20:08:27.969573,48.2,In Progress,50.2
LMS001967,STU00787,C203,Physics,Science,Fall 2024,46170,2026-06-30 22:27:40.908077,75.8,In Progress,68.2
LMS001234,S0501,C302,Creative Writing,English,Fall 2023,2026-03-12 21:38:08.797230,2026-04-01 11:59:00.094525,100.0,Completed,65.0
LMS002403,STU00960,C502,WEB DEVELOPMENT,Technology,Fall 2025,2024-11-27 21:43:57.599989,46060,54.3,In Progress,94.1
LMS002323,STU00929,C801,Spanish I,Languages,Fall 2024,2024-10-07 14:52:51.866116,2025-07-02 10:46:29.890505,70.6,In Progress,53.8
LMS001117,STU00454,C302,Creative Writing,English,Spring 2025,2026-02-17 10:24:15.915542,"April 29, 2026",84.7,In Progress,
,STU-00786,C103,Algebra II,Math,Fall 2025,2025-05-31 10:21:41.988223,2026-07-14 15:26:13.733315,81.7,In Progress,79.6
LMS001805,STU00719,C701,Physical Education,PE,Spring 2025,2024-09-07 02:02:56.608164,2025-03-15 01:05:27.715699,75.8,In Progress,88.2
LMS001650,STU00658,C203,  Physics,Science,Spring 2025,2025-11-24 09:19:32.448404,2026-04-20 08:10:28.537507,92.1,In Progress,84.8
LMS001587,STU00634,C501,Introduction to Programming,,Spring 2025,2025-06-08 13:58:05.958374,2025-12-09 15:49:42.029138,88.8,In Progress,93.8
LMS001369,STU00550,C102,Geometry,Math,Spring 2024,2025-09-15 22:19:21.388325,5/6/2026,100.0,Completed,72.1
LMS000720,288,C301,English Literature,English,Spring 2025,10-Oct-2025,2026-05-14 17:33:58.165405,75.0,In Progress,98.2
LMS001692,STU00677,C801,Spanish I,Languages,Fall 2025,2026-05-21 08:42:28.608876,2026-07-17 17:52:54.101333,79.0,In Progress,73.0
LMS000930,STU00374,C601,Visual Arts,Arts,Fall 2025,13-Dec-2025,2026-07-11 12:04:46.074241,56.9,In Progress,83.4
LMS001217,STU00496,C502,Web Development,Technology,Fall 2024,2024-08-29 19:33:25.014924,2025-09-04 15:06:15.417343,,In Progress,63.8
LMS001940,STU00777,C103,Algebra II,Math,Fall 2024,2026-04-21 23:02:21.623405,,73.9,In Progress,68.1
LMS000339,STU00137,C402,Government & Civics,Social Studies,Fall 2023,2026-03-08 05:24:35.725265,2026-04-10 22:27:15.976086,100.0,Completed,66.5
LMS001997,STU00799,C501,Introduction to Programming,technology,Spring 2024,15/2/2025,2026-03-07 11:53:08.964063,100.0,,81.5
LMS000656,STU00259,C601,Visual Arts,Arts,Spring 2024,2025-12-10 13:34:05.439589,2026-06-22 05:41:03.947071,3.3,Dropped,
LMS002487,STU00994,C402,Government & Civics,Social Studies,Fall 2025,2026-05-09 08:14:06.526563,2026-06-17 02:10:28.490868,94.5,In Progress,64.3
LMS001350,STU00543,C302,Creative Writing,ENGLISH,Fall 2023,3/22/2026,2026-03-26 05:56:47.217619,56.0,In Progress,64.9
LMS000955,STU00384,C601,Visual Arts,Arts,Spring 2025,2025-11-18 20:40:16.685797,2026-05-12 12:37:13.055945,72.3,In Progress,78.4
LMS001011,S0409,C401,World History,Social Studies,Fall 2024,2025-11-19 03:18:25.272340,7/8/2026,100.0,,54.1
LMS000734,STU00293,C302,Creative Writing,English,Fall 2025,2025-10-18 17:25:50.139362,2026-03-03 07:11:05.942249,88.7,In Progress,88.0
LMS000561,STU00219,C601,Visual Arts,Arts,Fall 2023,6/8/2025,28-Oct-2025,42.2,In Progress,76.7
LMS001130,STU00459,C103,Algebra II,Math,Spring 2024,21-Jan-2025,04-Mar-2025,6.9,Dropped,
LMS001115,STU00454,C102,Geometry,Math,Fall 2024,2026-03-23 05:39:28.137590,7/21/2026,81.5,,86.0
LMS001292,STU00520,C103,Algebra II,Math,Fall 2025,2025-12-21 09:42:43.454871,17-Mar-2026,100.0,Completed,86.6
LMS002004,STU00802,C202,Chemistry,,Spring 2025,2024-09-12 20:24:42.002383,2026-05-05 11:28:59.693198,85.6,In Progress,82.5
LMS001460,STU00581,C103,Algebra II,,Fall 2025,2025-02-28 11:14:11.010252,,54.5,In Progress,83.9
LMS001044,STU00424,C801,,Languages,Fall 2024,2026-06-06 18:18:08.598150,6/17/2026,100.0,Completed,99.0
LMS002477,STU00989,C202,Chemistry,Science,Fall 2024,2024-12-18 09:25:57.798409,2025-06-12 11:23:29.229465,73.3,In Progress,86.7
LMS000737,STU00294,C402,Government & Civics,Social Studies,Fall 2024,2025-09-26 04:20:27.499078,2026-02-25 04:49:42.716687,74.7,In Progress,89.0
LMS000399,STU00160,C402,Government & Civics,Social Studies,Fall 2024,2025-09-25 01:04:00.831171,2026-02-03 15:23:36.799786,85.7,In Progress,68.6
LMS002170,STU00871,C401,World History,Social Studies,Fall 2024,2026-05-03 16:37:05.218593,2026-07-14 10:55:41.685794,38.1,,
LMS001684,STU00673,C402,Government & Civics,Social Studies,Spring 2025,05-Jan-2026,2026-05-06 20:49:18.297235,93.0,In Progress,71.8
LMS001770,STU00707,C203,Physics,Science,,2024-11-01 15:03:24.875671,45826,83.7,In Progress,82.7
LMS000151,STU00061,C102,Geometry,Math,Spring 2024,2026-07-03 20:03:35.808334,"July 27, 2026",71.0,In Progress,57.8
LMS000780,STU00311,C202,Chemistry,Science,Spring 2024,2026-04-11 17:43:29.174839,,100.0,Completed,86.1
LMS000838,STU00336,C302,Creative Writing,English,,2025-12-18 17:46:25.052351,2026-04-28 02:26:59.966200,83.5,In Progress,59.6
LMS001840,STU00734,C501,  Introduction to Programming,Technology,Spring 2025,2025-12-22 04:43:24.337156,2026-07-26 04:55:01.368903,100.0,Completed,92.9
LMS000454,STU00181,C102,Geometry,Math,Spring 2025,2026-05-06 13:07:19.574644,2026-06-17 10:38:11.618018,100.0,Completed,66.8
LMS000525,STU00208,C103,Algebra II,Math,Fall 2025,2026-07-13 08:43:53.646476,2026-07-22 07:44:05.284600,100.0,Completed,70.9
LMS001962,STU00785,C401,World History,Social  Studies,Fall 2025,2025-10-10 02:55:11.938883,2026-05-16 10:25:27.056113,100.0,Completed,66.0
LMS000455,STU00182,C501,Introduction to Programming,Technology,Fall 2025,2026-06-29 03:43:10.689836,2026-07-26 23:52:04.660577,25.3,Dropped,
LMS001515,STU00601,C802,,Languages,Spring 2025,5/10/2025,"October 05, 2025",87.0,In Progress,50.2
LMS001701,STU-00680,C802,French I,Languages,Fall 2023,2025-03-03 21:31:51.432656,2025-08-26 13:33:43.719885,42.1,In Progress,94.4
LMS001931,STU00771,C701,Physical Education,,Fall 2024,2026-05-09 23:13:22.607523,2026-05-10 17:08:49.345478,100.0,Completed,86.5
,STU00945,C402,Government & Civics,Social Studies,Spring 2024,2025-05-15 14:33:11.967680,2026-05-04 04:56:32.778162,91.6,In Progress,
LMS000207,83,C401,World  History,  Social Studies,,,30/6/2026,100.0,Completed,94.6
LMS000758,301,C402,Government & Civics,Social Studies,Fall 2024,2025-04-14 10:00:31.286130,2025-08-25 14:25:09.912938,81.3,In Progress,53.5
LMS002235,STU895,C802,,Languages  ,Spring 2025,19-Oct-2025,2026-05-16 02:57:48.231075,70.7,In Progress,68.5
LMS001031,STU00419,C201,Biology,Science,Fall 2023,2026-05-04 09:31:28.225354,2026-07-10 12:54:00.033640,75.9,In Progress,54.4
LMS002220,STU00889,C202,Chemistry,Science,Fall 2023,2025-07-29 10:19:00.018143,2026-03-01 16:32:16.143311,100.0,Completed,99.1
,STU00222,C501,Introduction to Programming,Technology,Fall 2025,2024-12-16 12:44:28.450217,5/19/2026,82.2,In Progress,83.5
LMS000110,S0045,C501,Introduction to Programming,Technology,Spring 2024,2026-03-11 21:17:03.332372,2026-07-18 16:19:46.117075,73.0,In Progress,69.2
LMS001598,STU00638,C101,Algebra I,Math,Spring 2025,2024-11-03 20:46:52.172244,2025-06-07 10:32:30.352094,42.5,In Progress,75.0
LMS002287,STU00914,C601,Visual Arts,Arts,Fall 2024,2025-10-24 08:01:54.754381,2025-12-22 22:05:35.730324,76.1,In Progress,89.8
LMS002408,STU00962,C501,  Introduction to Programming,Technology  ,Fall 2025,2025-03-09 13:00:59.325364,2025-05-13 08:29:55.137971,73.5,In Progress,97.1
LMS000276,STU00112,C103,Algebra II,Math,Fall 2024,2024-11-19 20:10:26.956401,23-Jan-2026,100.0,Completed,75.1
LMS001333,STU00536,C103,Algebra II,Math,Fall 2023,2024-09-03 18:27:12.835233,2024-09-20 13:08:05.010864,89.0,In Progress,86.4
LMS000559,STU00218,C501,Introduction to Programming,Technology,Fall 2024,2024-12-22 02:04:10.007818,16-Aug-2025,100.0,Completed,84.7
LMS000159,stu00065,C101,Algebra I,Math,Spring 2025,2025-03-19 00:45:52.712420,2025-12-18 09:30:31.573817,84.0,In Progress,51.7
LMS000719,STU00288,C103,Algebra II,Math,Spring 2024,2026-03-18 04:33:52.067388,2026-06-28 18:32:14.328030,82.9,In Progress,66.7
LMS001057,STU00429,C602,Music Theory,ARTS,Fall 2024,2025-03-29 21:58:10.929286,2025-09-06 19:42:36.051246,86.4,in progress,81.0
LMS001399,STU00560,C402,Government & Civics,Social Studies,Fall 2025,2025-10-15 02:31:00.918956,2025-11-28 09:35:50.229401,77.9,In Progress,52.6
LMS000896,STU00360,C302,Creative Writing,English,Fall 2023,2025-10-07 10:32:56.383380,14-Jan-2026,74.8,,56.6
LMS002018,STU00807,C302,Creative Writing,English,Fall 2025,2025-06-09 18:26:28.955303,2025-10-15 08:41:51.080633,88.6,In Progress,65.5
LMS001261,STU00511,C103,Algebra II,Math,Fall 2023,6/15/2025,2025-11-20 02:27:36.626748,100.0,Completed,94.1
LMS001296,STU00521,C102,Geometry,Math,Fall 2023,2024-11-10 09:10:38.433570,2025-03-04 19:01:52.551138,76.5,In Progress,71.2
LMS002465,STU-00986,C502,web development,,Spring 2025,2025-09-21 07:08:35.839519,46123,100.0,Completed,97.6
LMS001623,STU00648,C402,Government & Civics,Social Studies,Fall 2023,2025-11-06 22:26:23.300803,2026-07-26 07:28:08.108809,82.6,In Progress,
LMS000863,stu00345,C802,French I,Languages,Spring 2025,19-Dec-2024,2026-06-14 01:42:30.996112,41.0,In Progress,74.4
LMS002483,STU01005,C502,Web Development,Technology,Fall 2025,46179,46196,100.0,  Completed,65.8
LMS002214,STU-00886,C102,Geometry,Math,Fall 2023,2026-04-13 17:30:52.191525,,100.0,Completed,79.0
LMS000452,STU180,C101,Algebra I  ,Math,Fall 2025,2025-06-21 02:32:41.303654,2025-12-25 21:05:40.426634,78.5,In Progress,69.6
LMS002475,STU00988,C601,Visual Arts,Arts,Spring 2025,27-Apr-2026,2026-07-25 15:04:47.407346,90.2,In Progress,57.9
LMS001547,STU00615,C302,Creative Writing,English,Fall 2024,2024-09-02 18:29:03.927221,2026-01-28 16:58:40.180215,33.2,Dropped,
LMS000229,STU00094,C101,Algebra I,Math,Fall 2025,"December 13, 2024",2026-02-19 13:42:02.677502,100.0,Completed,78.5
LMS001153,STU00467,C301,English Literature,English,Spring 2024,2025-04-25 15:01:42.346792,2026-01-13 01:37:50.540360,80.3,In Progress,71.7
LMS002266,STU00906,C201,Biology,Science,Fall 2025,2026-04-20 08:21:21.822881,2026-06-06 18:09:21.297741,51.0,In Progress,81.3
LMS000759,STU00302,C101,Algebra I,MATH,Fall 2025,2024-09-25 23:15:47.509897,2025-11-20 08:18:57.665979,100.0,Completed,99.2
LMS000882,STU00354,C801,Spanish I,Languages,Fall 2024,2026-04-11 20:10:00.398421,2026-05-11 16:52:13.472060,100.0,Completed,74.1
LMS002150,STU00862,C801,Spanish I,Languages,Fall 2024,2025-04-29 11:47:16.202021,28/9/2025,100.0,,55.0
LMS002183,STU00876,C203,Physics,Science,Fall 2023,2026-06-15 04:08:25.525460,"July 21, 2026",91.6,In Progress,63.6
LMS000317,stu00130,C802,French I,Languages,Fall 2023,,"May 23, 2026",85.8,In Progress,50.8
LMS000622,STU00244,C601,Visual Arts,Arts,,2025-06-28 07:09:55.453545,2026-05-25 13:41:56.320026,55.9,In Progress,96.1
LMS002338,STU00934,C502,Web Development  ,Technology,Fall 2024,30-Jul-2025,2025-09-14 06:37:50.644943,81.0,In Progress,95.8
LMS001577,STU00629,C202,Chemistry,Science,Fall 2024,2025-07-24 14:10:37.887030,2025-12-18 09:18:08.406877,100.0,Completed,76.8
LMS001308,STU00525,C801,Spanish I,,Fall 2024,2025-10-27 17:23:21.094220,21-Jan-2026,80.2,In Progress,91.5
LMS001911,STU00763,C203,Physics,Science,Fall 2025,2024-10-04 15:07:47.282135,2025-09-29 01:32:42.017314,52.7,In Progress,64.9
LMS000489,STU-00195,C401,World History,Social Studies,Fall 2024,21/8/2024,2026-01-25 23:29:19.906012,100.0,Completed,81.3
LMS002242,STU00897,C801,Spanish I  ,Languages,Fall 2025,2025-09-20 07:22:35.822294,2025-11-17 03:12:16.593889,100.0,Completed,80.8
LMS000241,STU00099,,Chemistry,Science,Spring 2025,7/7/2025,2025-07-20 05:17:33.547293,80.8,In Progress,76.9
LMS000138,STU01471,C302,Creative Writing,English,Spring 2025,2024-10-28 17:24:44.149095,2025-07-28 12:56:22.098040,100.0,Completed,57.0
LMS001927,STU00770,C601,visual arts,Arts,Fall 2025,2025-05-22 18:06:17.184887,2025-10-14 15:34:54.371751,78.0,In Progress,91.8
LMS001451,STU00578,C201,Biology,Science,Fall 2023,2026-01-30 19:53:22.156952,2026-02-21 09:38:20.949377,100.0,Completed,69.1
LMS001598,STU00638,C101,Algebra I  ,Math,Spring 2025,"November 03, 2024",2025-06-07 10:32:30.352094,42.5,In Progress,75.0
LMS001893,STU00754,C802,French I,Languages,Spring 2025,2025-04-29 07:08:41.775871,2026-07-17 19:45:47.026224,83.6,In Progress,64.9
LMS001052,STU00427,C601,Visual Arts,  Arts,Fall 2023,2025-04-30 15:27:29.455537,2026-04-20 14:48:15.278221,82.7,In Progress,77.6
LMS000086,STU00035,C302,Creative Writing,English  ,Spring 2025,2026-01-28 08:14:20.755094,2026-02-02 19:21:42.724167,86.1,In Progress,
LMS000378,STU-00150,C301,English Literature,English  ,Fall 2023,2024-09-17 16:43:18.359451,2026-06-27 16:44:54.493180,100.0,Completed,99.9
LMS002336,STU00934,C801,Spanish I,Languages,Fall 2024,3/4/2026,2026-03-22 07:03:39.545780,82.4,In Progress,72.5
LMS002074,STU-00829,C301,English Literature,English,Spring 2024,2026-06-17 22:09:18.360758,2026-07-10 07:35:01.130469,68.1,In Progress,98.6
LMS002431,STU00973,C203,physics,Science,Spring 2025,2025-07-17 01:55:59.765261,2025-12-18 03:32:07.654589,82.2,In Progress,99.4
LMS000537,STU00211,C301,English Literature,English,Spring 2025,2024-09-26 22:48:24.696055,2025-06-22 05:06:32.760819,61.7,In Progress,78.1
LMS002371,STU00946,C501,Introduction  to  Programming,Technology,Spring 2025,2026-05-06 07:58:09.275059,2026-05-28 04:41:23.133162,100.0,Completed,89.5
LMS001961,STU00784,C302,creative writing,English,Fall 2024,1/21/2025,2026-01-28 03:52:44.839022,81.3,In Progress,90.0
LMS001551,STU00617,C701,Physical Education,PE,Spring 2025,2025-05-28 19:00:22.295305,2025-08-09 07:07:57.233654,72.4,In Progress,66.6
LMS001645,STU00656,C802,French I,Languages,Fall 2024,15-Jan-2026,12/3/2026,87.8,In Progress,60.1
LMS000761,STU302,C701,Physical Education,PE,Spring 2025,2026-06-06 12:11:44.312253,2026-06-12 11:02:41.130021,94.7,In Progress,62.6
LMS000716,STU00287,C302,Creative Writing,English,Spring 2025,2026-04-10 08:14:54.078311,"May 01, 2026",71.3,In Progress,57.1
LMS000500,STU00199,C402,Government & Civics,,Spring 2024,46089,2026-03-18 21:18:56.547831,40.3,In Progress,78.1
LMS000495,STU00197,C601,Visual Arts,Arts,Fall 2023,2024-10-29 00:10:37.418319,2/15/2026,78.2,In Progress,89.4
LMS000370,stu00147,C201,Biology,Science,Fall 2023,2024-10-10 17:42:45.748241,2025-07-13 01:50:39.384643,76.3,In Progress,61.4
LMS000742,STU00295,C102,Geometry,Math,Fall 2025,"September 09, 2025",2026-05-06 15:15:04.488509,100.0,,75.2
LMS002463,STU00985,C402,GOVERNMENT & CIVICS,Social Studies,Fall 2025,2/20/2026,2026-07-02 15:25:18.033694,100.0,Completed,77.1
LMS002110,STU00846,C701,Physical Education,PE,Fall 2023,5/10/2025,2026-05-13 12:06:46.836627,22.3,Dropped,
LMS000509,STU00203,C102,Geometry,Math,Spring 2025,2025-12-23 12:01:18.245014,2026-02-27 10:48:49.012925,84.3,In Progress,85.7
LMS000105,stu00043,C701,Physical Education,PE,Fall 2023,2025-10-31 04:29:05.071262,2025-12-19 20:33:53.478804,,In Progress,81.9
LMS000753,STU00300,C801,Spanish I  ,Languages,Fall 2025,2026-06-19 09:33:50.891520,24-Jul-2026,49.2,In Progress,62.4
LMS001095,445,C502,Web Development,Technology,Fall 2024,24/5/2025,2026-01-12 07:40:42.674891,90.1,In Progress,60.4
LMS000921,STU00371,C601,Visual Arts,Arts,Fall 2023,2025-05-28 01:33:40.885367,2025-07-11 22:00:34.050974,94.8,In Progress,73.6
LMS001757,STU00701,C501,Introduction to Programming,Technology,Fall 2024,2025-06-14 18:14:47.595680,18-Mar-2026,78.3,In Progress,96.3
LMS001158,STU00469,C102,Geometry,,Fall 2024,9/14/2025,2025-09-30 01:37:48.192780,100.0,Completed,75.0
,STU00730,C501,Introduction to Programming,Technology,Fall 2023,01-Dec-2024,12-Mar-2026,100.0,Completed,57.9
LMS000464,STU00184,C103,Algebra II,Math,Spring 2025,2024-08-24 06:56:47.298490,7/22/2025,57.3,In Progress,50.4
LMS000483,STU00193,C601,Visual Arts,Arts,Fall 2024,2026-07-14 09:14:47.736255,24-Jul-2026,83.6,In Progress,58.9
,STU00935,C101,Algebra I,Math,Spring 2025,2025-12-11 16:16:30.977914,2026-05-05 08:37:54.906997,52.2,  In Progress,80.7
LMS000503,STU-00201,C102,Geometry,Math,Spring 2024,2025-04-01 18:40:20.275011,2025-08-01 02:58:01.377647,100.0,Completed,87.5
LMS000706,STU00282,C101,Algebra I,Math,Fall 2024,2025-10-11 16:13:06.368723,2026-06-22 17:36:35.055622,100.0,,52.1
LMS000813,STU00324,C402,,Social Studies,Fall 2023,27/1/2026,2026-06-10 00:14:47.876100,74.1,In Progress,65.8
LMS000375,STU00149,C302,Creative Writing,English,Fall 2025,2025-05-20 11:30:45.233092,2025-07-16 08:19:15.551325,82.1,In  Progress,91.6
LMS001496,STU00594,C202,chemistry,Science,Spring 2024,2025-09-18 12:45:30.409335,2025-11-22 21:09:23.765596,100.0,Completed,83.0
LMS001670,STU00667,,English Literature,English,Spring 2025,2025-01-19 09:21:25.756106,2025-02-04 15:33:21.348036,100.0,Completed,80.8
LMS002318,STU-00928,C103,Algebra II,,Fall 2023,2026-01-20 10:08:05.037534,2026-06-03 03:19:17.954250,20.9,Dropped,
LMS000222,S0092,C203,Physics,Science,Fall 2024,2025-05-29 22:20:50.644670,2026-04-16 10:13:35.165093,79.2,In Progress,65.4
LMS000098,STU00041,C101,Algebra I,Math,Fall 2024,19-Aug-2025,2026-06-03 15:37:56.334006,77.9,In Progress,56.8
LMS000577,STU00228,C602,Music Theory,Arts,Fall 2024,2025-10-06 11:15:47.761194,2026-06-19 09:23:28.885357,9.3,Dropped,
LMS001437,STU00573,C101,Algebra I,Math,Fall 2024,11/5/2025,6/8/2026,83.1,IN PROGRESS,56.7
LMS000278,stu00113,C103,Algebra II,Math,Fall 2024,2025-02-19 04:15:28.299230,06-Oct-2025,88.3,In Progress,71.3
LMS000131,STU00054,C501,Introduction to Programming,Technology,Fall 2023,22/12/2025,2026-06-23 12:42:15.446443,4.5,Dropped,
LMS000420,STU00167,C802,French I,Languages,Spring 2025,2024-11-02 06:04:39.135480,2025-04-03 05:35:01.131965,100.0,Completed,96.4
LMS002179,875,C301,  English Literature,English,Spring 2024,2025-07-19 14:00:16.601517,2026-01-20 21:54:22.655570,76.2,In Progress,70.1
LMS000903,STU00363,C601,Visual Arts,Arts,Fall 2025,"June 06, 2025",2025-08-26 11:01:10.319149,82.3,In Progress,99.6
LMS002042,STU00816,C401,World History,Social Studies,Spring 2025,17/4/2026,2026-06-24 07:30:14.381574,46.3,In Progress,69.8
LMS000295,120,C501,Introduction to Programming,Technology,Fall 2023,2024-10-02 22:35:29.422534,2025-12-28 12:40:09.416491,85.5,In Progress,60.3
LMS000776,STU00309,C601,Visual Arts,Arts,Fall 2025,2025-08-23 09:01:25.507319,2025-11-29 04:43:45.182388,53.5,In Progress,62.1
LMS002422,STU00969,C602,Music Theory,Arts,Spring 2024,2025-08-22 11:39:48.118056,24-Oct-2025,84.4,In Progress,55.6
LMS001679,STU00671,C101,Algebra I,Math,Fall 2024,2026-01-11 04:50:57.743879,2026-07-27 16:15:35.021431,81.0,In Progress  ,78.7
LMS002467,STU00986,C802,French I,languages,Spring 2024,2024-11-10 10:38:34.266685,2025-10-04 01:49:20.195192,93.4,In Progress,98.6
,STU00315,C101,Algebra I,Math,,27/2/2026,2026-07-03 21:45:48.174033,61.4,In Progress,84.5
LMS000560,STU00219,C401,World History,Social Studies,Spring 2024,2025-08-22 04:54:18.000954,2026-01-14 00:29:52.222683,81.5,In Progress,65.0
LMS002032,STU00812,C502,WEB DEVELOPMENT,Technology,Fall 2024,2026-07-20 18:42:13.082589,2026-07-20 20:09:38.765568,100.0,Completed,93.3
LMS000907,STU00365,C101,Algebra I,Math,Fall 2025,45965,2026-03-10 13:57:24.374680,86.4,In Progress,94.8
LMS000747,STU00296,,Web Development,Technology,Spring 2025,2026-03-20 00:34:08.196451,2026-04-18 13:13:47.631876,100.0,Completed,79.8
LMS002351,STU-00939,C602,Music Theory,Arts,Fall 2023,2024-10-30 10:18:56.141162,2025-01-22 18:59:27.533931,100.0,Completed,50.3
LMS001847,STU736,C401,World History,Social Studies,Fall 2025,45573,2024-11-10 18:55:21.172218,53.4,In Progress,79.3
LMS001481,STU00588,C101,Algebra I,Math,Fall 2024,28-Jun-2025,2025-09-15 05:00:36.584605,80.3,In Progress,77.6
LMS002047,STU00818,C202,,Science,Fall 2025,2024-12-02 23:24:01.828579,2025-12-19 23:00:21.216173,51.0,In Progress,63.8
LMS000082,STU00034,C601,Visual Arts,Arts,Fall 2025,18-Aug-2025,2026-03-12 19:34:14.721149,71.6,In Progress,55.7
LMS001949,STU01274,C501,Introduction to Programming,Technology,Fall 2025,2024-08-31 10:11:12.751707,2026-02-13 19:23:32.933917,82.2,In Progress,98.3
LMS000019,stu00008,C501,Introduction to Programming,Technology,Fall 2023,2025-06-25 11:55:33.481685,2025-10-07 20:48:58.710076,100.0,Completed,87.5
LMS002476,STU00989,C601,Visual Arts,Arts,Spring 2024,2025-02-13 09:55:46.636363,2026-04-09 22:56:25.125129,100.0,Completed,88.6
LMS001826,STU00727,C502,Web Development,Technology,Fall 2024,2026-04-25 07:55:15.865788,2026-05-24 19:10:27.409245,63.3,In Progress,57.8
LMS001521,STU00604,C501,Introduction to Programming,Technology,Fall 2025,2024-11-08 00:12:20.409814,2025-10-16 13:54:34.480515,54.4,In Progress,64.2
LMS000319,STU00131,C402,Government & Civics,Social Studies,Fall 2024,2025-05-21 23:47:09.187127,2026-06-03 07:24:18.851046,93.9,In Progress,99.0
LMS001401,STU00561,C301,,English,Fall 2024,2024-10-10 20:29:32.564701,,39.3,Dropped,
LMS001583,STU00632,C201,Biology,Science,Fall 2023,2026-01-11 03:15:47.351737,2026-03-30 17:07:38.492381,100.0,Completed,54.1
LMS001528,STU00606,C401,World History,Social Studies,Spring 2025,24/6/2026,2026-07-01 17:35:49.194304,100.0,Completed,54.4
LMS000920,STU00371,C502,Web Development,Technology,Spring 2025,2024-09-10 01:54:37.271337,2026-05-31 17:58:23.000905,86.2,In Progress,83.6
LMS001632,STU651,C102,Geometry,Math,Spring 2025,2025-11-23 02:09:37.762748,2026-04-20 14:24:45.130573,50.3,In Progress,87.0
LMS000149,STU00061,C203,Physics,Science,Fall 2024,"September 12, 2025",2025-10-23 15:17:34.493171,77.1,In Progress,94.8
LMS000609,STU00239,C302,Creative Writing,,Spring 2025,2026-01-17 18:52:35.167979,2026-07-27 01:11:39.126412,100.0,Completed,53.5
LMS000401,STU00160,C801,Spanish I,Languages,Fall 2025,2025-01-15 12:41:00.866479,2026-05-22 20:57:06.449580,100.0,Completed,95.3
LMS001381,STU00554,C202,Chemistry,Science,Spring 2025,6/22/2026,"July 18, 2026",88.8,In Progress,
LMS000478,STU00191,C701,Physical Education,PE,Fall 2024,2026-02-28 21:33:32.020263,2026-07-20 05:16:20.395519,88.8,In Progress,75.3
LMS000917,STU00370,C102,Geometry  ,Math,Fall 2025,19-Jul-2025,2026-06-19 20:44:27.775129,100.0,Completed,
LMS002241,STU00897,C302,Creative Writing,English,Fall 2023,2025-01-12 23:25:36.070894,2026-02-26 17:53:44.032838,70.1,In Progress  ,97.2
LMS000449,STU00179,C802,French I,Languages,Spring 2024,2024-12-09 11:01:18.943456,2026-03-06 07:58:02.865888,100.0,Completed,60.8
LMS001374,STU00552,C802,French I,Languages,Fall 2025,2026-03-22 09:06:07.161958,2026-07-24 08:35:38.251472,100.0,Completed,60.8
LMS000922,STU00372,C602,Music Theory,Arts,Fall 2025,2025-07-08 03:35:38.133162,2026-07-25 11:10:01.995271,100.0,Completed,61.6
LMS000703,STU00281,C103,Algebra II,Math,Fall 2023,2025-03-17 08:00:43.940706,2026-02-17 00:34:13.116870,100.0,Completed,69.1
LMS000800,STU00319,C301,English Literature,English,Spring 2025,45847,2025-12-30 00:29:17.830276,59.1,In Progress,88.3
LMS002341,STU00935,C203,Physics,Science,Fall 2024,2025-05-17 13:26:46.742606,2026-02-25 14:43:55.569807,76.6,In  Progress,71.1
,STU00553,C801,Spanish I,Languages,Spring 2024,2026-05-15 23:45:36.221734,7/7/2026,92.2,In Progress,54.3
LMS000297,STU00120,C601,Visual Arts,Arts,Fall 2023,30-Apr-2025,2025-06-13 01:24:30.740179,69.8,In Progress,62.9
LMS001823,STU00727,C201,Biology,Science,Spring 2025,2024-08-29 10:43:04.778514,2026-05-11 14:41:38.422788,100.0,Completed,85.0
LMS002449,STU00980,C301,English Literature,English,Fall 2025,2025-06-16 23:42:37.834401,2026-04-22 00:58:02.141093,,In Progress,80.5
LMS001504,STU00597,C701,physical education,PE,Spring 2024,2025-05-18 03:40:05.745615,2026-01-21 19:40:42.917730,91.9,In Progress,69.9
LMS000672,STU00267,C701,,PE,Fall 2025,2026-04-09 12:50:16.794968,2026-06-29 13:44:25.468175,100.0,Completed,78.4
LMS000322,STU00132,C501,Introduction to Programming,technology,Spring 2024,7/29/2024,2025-01-14 22:07:20.389773,100.0,Completed,72.1
LMS002056,STU00823,C602,Music  Theory,,Spring 2024,2026-01-29 23:18:47.484598,2026-05-19 03:45:57.137001,100.0,Completed,83.7
LMS000214,STU00087,C402,Government & Civics,Social Studies,Fall 2025,2025-02-01 00:28:32.255401,46074,100.0,Completed,78.1
LMS000212,STU00087,C301,English Literature,,Fall 2023,2026-04-07 06:30:03.416707,2026-05-11 23:02:10.441345,84.9,In Progress,86.8
LMS000918,STU00370,C302,Creative Writing,English,Spring 2024,2026-06-29 09:52:04.568820,2026-07-10 02:17:11.901409,79.3,In Progress,54.7
LMS000015,STU00006,C302,Creative Writing,English,Spring 2024,2026-03-03 08:24:08.593249,2026-06-05 01:29:45.918852,86.8,,87.6
LMS001495,STU00594,C601,visual arts,Arts,Fall 2024,3/11/2024,11-Jun-2025,86.9,In Progress,90.5
LMS001740,STU00694,C203,Physics,Science,Fall 2023,2024-11-26 15:53:22.192797,2025-08-12 13:57:03.159981,100.0,Completed,61.1
LMS002418,STU00967,C103,Algebra II,Math,Spring 2024,45803,2026-05-03 12:54:33.314245,100.0,Completed,71.3
LMS002373,STU-00947,C201,Biology,Science,Fall 2023,2026-07-13 12:02:04.418373,7/27/2026,84.0,In Progress,58.7
LMS000600,STU00236,C501,Introduction to Programming,Technology,Fall 2023,2025-08-12 02:30:43.420379,2026-03-13 21:53:44.666370,87.9,In Progress,56.6
LMS000497,STU00198,C802,French  I,Languages,Fall 2024,2025-05-02 03:29:19.654114,,100.0,Completed,98.1
LMS002195,STU00880,C701,Physical Education,PE,Fall 2024,3/2/2025,2025-04-10 12:45:54.755150,65.7,In Progress,81.4
LMS001066,STU00432,C201,Biology,Science,Fall 2024,2026-01-05 06:12:29.989685,,92.0,In Progress,
LMS000107,STU00044,C302,Creative Writing,English,Fall 2023,2025-12-06 21:29:29.773517,2026-06-29 03:24:29.159406,57.7,In Progress,93.9
LMS000911,STU00368,C302,Creative Writing,English,Fall 2025,2025-10-25 01:30:26.292807,2026-06-11 10:48:57.992917,100.0,Completed,83.9
LMS001293,520,C102,Geometry,Math,Fall 2024,2024-12-09 05:28:58.594081,31/8/2025,100.0,Completed,51.3
LMS001747,STU00697,C202,Chemistry,Science,Fall 2024,14/1/2025,18/12/2025,91.3,In Progress,76.8
LMS002380,STU952,C302,CREATIVE WRITING,English,Spring 2025,"March 25, 2025",2026-05-11 09:35:02.543629,100.0,Completed,81.0
LMS000174,STU00070,C401,World History,Social Studies,Fall 2024,2025-11-16 08:56:13.842453,46144,80.5,In Progress,80.8
LMS000532,STU00210,C203,Physics,Science,Fall 2025,7/7/2026,2026-07-25 06:30:26.948186,91.6,In Progress,81.6
LMS001288,STU00519,C301,English Literature,English,Fall 2025,30-May-2026,2026-06-07 14:39:42.759485,84.3,In Progress,97.2
LMS001960,STU00784,C103,Algebra II,Math,Fall 2025,2025-12-13 07:25:25.397798,2026-06-20 19:21:20.626015,90.2,In Progress,79.8
LMS001137,STU00462,C402,Government & Civics,Social Studies,Fall 2024,2025-09-03 00:46:33.496309,2025-10-30 13:47:19.323474,100.0,Completed,88.1
LMS001838,STU00732,C401,World History,Social Studies,Spring 2024,2025-08-24 10:33:29.827601,46122,93.6,In Progress,71.7
LMS002320,S0928,C601,Visual Arts,Arts,Spring 2025,2025-03-22 15:01:14.763428,2/6/2026,87.1,In Progress,82.5
LMS001782,STU00712,C501,Introduction to Programming,Technology,Spring 2025,2025-09-28 08:17:50.058134,2026-02-21 20:55:14.047790,84.3,In Progress,55.4
LMS001205,STU00491,C401,World History,,Fall 2025,22/6/2026,2026-07-14 01:55:59.241018,60.9,In Progress,79.6
LMS000502,STU00200,C402,Government & Civics,Social Studies,Fall 2024,2025-10-20 17:51:00.898771,2026-03-27 12:41:36.355345,100.0,Completed,66.2
LMS002461,STU00984,C602,Music Theory,ARTS,Spring 2025,2026-01-16 18:02:59.692007,6/23/2026,83.8,In Progress,94.3
LMS000953,STU00384,C801,Spanish I,Languages,Fall 2025,2026-06-19 02:39:44.318116,2026-06-22 09:01:38.879858,69.7,In Progress,92.8
LMS000756,STU00301,C502,Web Development,Technology,Spring 2024,2025-05-07 19:42:43.241918,28/3/2026,91.0,In Progress,75.2
LMS000432,STU00172,C601,Visual Arts,Arts,Fall 2024,2025-06-02 00:36:46.946222,2025-08-20 14:31:40.665323,100.0,Completed,96.6
LMS001707,STU00682,C401,World History,social studies,Fall 2025,2025-12-09 21:00:42.212276,2026-06-17 20:03:38.939286,78.8,In Progress,87.4
LMS001084,S0442,C701,Physical Education,PE,Spring 2024,2025-05-03 10:37:01.948125,2025-05-07 01:07:43.083674,100.0,Completed,73.1
LMS002337,STU00934,C401,World History,Social Studies,Fall 2023,2025-08-23 00:49:51.961439,2026-01-11 15:33:47.405742,81.9,In Progress,51.6
LMS001851,STU00737,C601,Visual Arts,Arts,Spring 2025,8/16/2024,2025-11-24 16:24:22.343645,100.0,Completed,90.2
LMS002254,STU00901,C601,Visual Arts,  Arts,Fall 2023,2025-07-28 07:38:33.361906,2025-09-27 12:17:56.650706,100.0,Completed,78.4
LMS000856,STU00343,C501,Introduction to Programming,Technology,Fall 2023,45571,45977,93.9,In Progress,56.9
LMS002043,S0816,C502,Web Development,Technology,Spring 2024,2026-03-20 03:26:14.751489,2026-03-29 07:59:09.045716,84.9,In Progress,65.1
LMS002111,STU00846,C601,Visual Arts,Arts,Fall 2023,2025-05-29 18:37:26.373684,2026-04-03 18:59:06.800241,91.5,In Progress,64.2
LMS000332,STU00135,C102,Geometry,Math,Fall 2024,2025-04-24 19:26:49.138111,"June 23, 2025",80.1,In Progress,87.4
LMS000141,STU00058,C201,Biology,Science,Spring 2025,2025-08-18 04:59:21.185936,"November 23, 2025",93.3,In Progress,61.7
LMS001012,STU00410,C502,Web Development,Technology,Fall 2025,2026-05-11 14:36:08.127508,2026-05-14 14:40:52.005253,87.7,In Progress,96.6
LMS001278,516,C203,Physics,Science,Fall 2024,2024-09-19 06:17:50.863539,2024-12-25 05:11:16.199580,89.8,In Progress,89.1
LMS000819,STU00327,C201,Biology,Science,Spring 2024,2024-10-03 12:43:21.519048,2025-11-10 09:41:15.269004,72.2,In Progress,60.2
LMS001630,S0651,C602,,Arts,Fall 2024,23/7/2025,2025-09-24 12:00:57.541608,94.7,In Progress,72.7
LMS001099,STU00448,C302,Creative Writing,English,Fall 2023,45506,2025-05-24 22:32:01.068981,100.0,Completed,60.9
LMS002184,STU00876,C103,Algebra II,Math,Fall 2024,2025-12-30 13:25:51.489985,28-Jan-2026,100.0,Completed,89.1
LMS001716,684,C502,Web Development,Technology,Fall 2024,2024-11-13 15:50:42.274637,2025-08-10 12:53:09.027023,56.8,In Progress,61.2
LMS000963,STU00388,C802,French I,Languages,Fall 2025,2026-05-19 01:29:32.401547,46162,81.2,In Progress,69.4
LMS001930,STU00771,C101,Algebra I,math,Fall 2023,11/24/2025,2026-07-27 01:15:35.689074,65.2,in progress,87.0
LMS001590,STU01110,C601,Visual Arts,Arts,Spring 2025,2025-06-19 18:02:25.561517,2025-11-26 23:55:13.509251,69.4,In Progress,85.2
LMS001212,STU00494,,Web Development,Technology,Fall 2024,2026-04-15 21:35:41.683569,2026-07-11 03:56:37.063383,,In Progress,67.5
LMS001839,STU00733,C701,Physical Education,PE,Fall 2025,2025-12-06 17:11:09.640214,2026-05-07 04:53:01.962212,92.2,In Progress,98.4
LMS001906,STU00761,C102,Geometry,math,Fall 2025,2024-11-27 07:20:03.705384,18/6/2026,84.9,In Progress,66.0
LMS001564,STU00623,C103,Algebra II,Math,Spring 2025,2026-06-19 12:04:43.208281,2026-07-15 16:06:17.662632,87.2,In Progress,98.6
LMS001142,STU00463,C301,English Literature,English,Spring 2025,2025-11-09 03:26:40.745318,2026-07-19 23:14:38.779846,12.4,Dropped,
LMS000731,STU00292,,  Biology,Science,Fall 2025,2026-01-08 21:15:27.200602,"April 04, 2026",93.3,In Progress,84.1
LMS000377,STU00150,C201,Biology,Science,Spring 2024,21-Apr-2025,2025-10-07 06:55:02.505306,100.0,Completed,65.1
,STU00173,C601,,Arts,Fall 2025,9/17/2024,2025-10-23 15:04:42.256774,100.0,Completed,92.2
LMS000690,STU00276,C102,Geometry,Math,Spring 2025,2026-05-17 19:24:41.610462,2026-07-22 16:22:51.731693,100.0,Completed,63.3
LMS001350,STU01389,C302,Creative Writing,ENGLISH,Fall 2023,3/22/2026,2026-03-26 05:56:47.217619,56.0,In Progress,64.9
LMS000057,STU00025,C701,,PE,Spring 2024,2025-11-20 23:41:33.818203,2026-01-21 03:50:22.202491,74.2,In Progress,73.8
LMS001774,STU00708,C602,Music Theory,Arts,Spring 2024,2025-10-02 03:42:43.595098,2026-05-14 01:36:37.495138,100.0,Completed,84.4
LMS000829,STU00334,C701,Physical Education,PE,Spring 2024,2024-11-07 14:14:26.484912,45938,81.5,In Progress,91.3
LMS001963,STU00785,C802,French I,Languages,Fall 2024,2025-04-25 06:05:15.870221,2026-04-16 17:18:02.391894,82.1,In Progress,82.0
LMS001671,STU00668,C203,Physics,Science,Spring 2024,2025-11-24 03:11:30.282860,2026-03-17 13:14:14.723613,84.5,In Progress,50.5
LMS001661,662,C302,Creative Writing,English,Spring 2024,2025-08-07 09:03:44.780451,2026-03-31 20:27:40.559546,86.0,In Progress,72.7
LMS000052,STU-00021,C103,Algebra II,Math,Spring 2025,2025-08-25 06:29:42.220414,2025-10-28 06:10:47.784701,17.1,Dropped,
LMS002138,STU00858,C302,Creative Writing,English,Spring 2025,2026-01-22 17:17:09.844969,2026-06-12 16:48:34.802459,89.1,In Progress  ,60.4
LMS001331,STU00534,C201,,Science,Spring 2024,2024-11-04 20:38:46.875643,2025-01-17 03:06:08.106414,89.2,In Progress,56.8
LMS000558,STU00218,C801,Spanish I,Languages,Spring 2025,2026-03-05 10:27:50.585062,2026-07-04 03:24:01.502426,100.0,,92.9
LMS000669,266,C501,Introduction to Programming,Technology,Spring 2025,2025-05-15 09:32:50.638757,7/2/2025,91.4,In Progress,76.0
LMS001581,STU00630,C502,,Technology,Spring 2024,2025-08-29 18:06:58.169965,2026-06-27 01:34:10.479745,83.0,in progress,97.8
LMS000387,STU00155,C502,Web Development,Technology,Spring 2024,2025-03-09 12:24:26.634366,"December 21, 2025",78.9,In Progress,70.4
LMS001552,STU00617,C302,Creative Writing,English,Spring 2025,2026-05-28 02:04:38.641944,2026-05-29 14:25:01.791670,54.0,In Progress,57.6
LMS001706,STU00682,C103,Algebra II,Math,Fall 2024,2026-02-11 14:19:39.926390,46179,61.3,In Progress,54.3
LMS000045,STU00019,C801,Spanish I,LANGUAGES,Fall 2023,2025-01-17 05:57:01.153839,2025-07-18 07:33:06.089096,100.0,Completed,98.9
LMS000517,STU00206,C302,Creative Writing,English,Fall 2024,2025-08-15 22:59:31.615739,2026-02-21 01:51:52.633005,100.0,Completed,55.5
LMS000225,STU00093,C102,Geometry,,Fall 2023,2026-03-28 13:20:43.330241,46200,100.0,Completed,56.7
LMS000775,STU00309,C401,World History,Social Studies,Fall 2025,3/11/2026,2026-07-08 20:03:05.719359,100.0,Completed,99.7
LMS001919,STU00767,C801,Spanish I,Languages,Fall 2023,2025-08-15 22:18:10.657483,2026-04-25 11:21:49.875680,100.0,,68.4
LMS001642,STU00655,C101,Algebra I,Math,Fall 2023,2025-06-02 04:01:35.294587,2025-09-19 11:31:07.439675,70.8,In Progress,62.1
LMS000695,STU00278,C502,Web Development,Technology,Fall 2024,2025-01-08 09:29:16.832273,2026-07-13 19:53:33.606908,93.5,In Progress,52.6
,STU00321,C102,Geometry,Math,Fall 2023,,2026-06-20 06:36:19.079947,58.3,,91.6
LMS002389,STU00955,C801,Spanish I,Languages,Spring 2025,2025-11-12 13:28:23.352276,2026-06-28 16:19:00.678080,45.9,,76.0
LMS000962,STU00388,C102,Geometry,Math,Spring 2024,2026-03-14 19:37:01.084174,2026-07-22 17:49:48.708969,93.4,  In Progress,68.2
LMS000701,STU00280,C101,Algebra I,Math,Fall 2023,"March 20, 2025",2025-09-04 23:59:08.340718,85.1,In Progress,96.9
LMS001179,S0480,C202,Chemistry,Science,Spring 2025,2025-12-03 03:07:19.457875,29-Jan-2026,85.7,In Progress,87.0
,STU00898,C203,Physics,Science,Fall 2023,2025-06-01 16:25:47.988302,2025-09-30 04:09:10.565930,75.2,In Progress,63.5
LMS002236,STU-00895,C201,Biology,Science,Fall 2023,2025-12-29 22:34:32.849393,2026-03-17 12:52:59.968700,72.8,In Progress,65.1
LMS002159,STU00865,C101,Algebra I,Math,Fall 2024,2024-09-03 12:35:49.271326,2025-01-16 03:14:02.270811,52.7,In Progress,83.0
LMS001995,STU00798,C203,Physics,Science,Spring 2025,2025-04-18 12:38:20.343716,2026-04-20 16:24:13.380319,94.4,In Progress,
LMS002482,STU00991,C401,World History,Social  Studies,Fall 2023,2026-07-18 15:21:24.161414,,86.3,In Progress,68.0
LMS001953,STU00782,C602,Music Theory,Arts,Spring 2024,2025-12-17 22:55:41.572085,2026-01-12 12:11:27.053002,100.0,Completed,58.5
LMS002017,STU00807,C502,Web Development,Technology,Fall 2025,45680,2026-03-03 11:08:26.506911,100.0,Completed,97.2
LMS001471,STU00585,C501,Introduction to Programming,Technology,Fall 2023,"May 15, 2025",2026-04-18 03:31:10.675066,100.0,Completed,71.1
LMS001410,STU00564,C402,Government & Civics,Social Studies,Spring 2024,2025-09-23 21:07:19.639983,2026-05-01 00:24:16.072099,52.2,In Progress,75.8
LMS001210,STU00493,C202,CHEMISTRY,Science,Fall 2023,2025-10-02 01:26:12.224871,2026-06-28 08:06:01.659853,100.0,Completed,64.1
LMS001339,STU00539,C701,Physical Education,PE,Fall 2024,2025-11-11 01:35:32.313481,2026-06-27 09:56:52.131354,86.7,In Progress,71.2
LMS002186,STU00877,C103,Algebra II,Math,Fall 2023,2026-01-26 14:50:28.484581,2026-06-19 10:24:41.912041,77.7,In Progress,88.0
LMS001878,S0747,C701,Physical Education,PE,Spring 2024,2026-01-02 20:46:39.297799,,100.0,Completed,85.2
LMS000853,STU00342,C401,World History,Social Studies,Spring 2024,29/11/2024,2025-01-31 12:55:08.683040,,Completed,98.5
LMS001119,STU00455,C602,Music Theory,Arts,Spring 2024,2025-08-19 10:19:10.929954,2025-10-03 10:24:06.986741,60.4,In Progress,53.1
LMS001472,STU00585,C701,Physical Education,,Spring 2024,5/20/2025,2025-06-07 13:31:42.756772,93.2,In Progress,82.7
LMS001070,STU00434,C102,Geometry,Math,Spring 2024,2025-04-15 23:43:37.306346,"October 15, 2025",89.6,In Progress,63.2
LMS001758,STU00701,C402,Government & Civics,Social Studies,Spring 2025,2024-10-08 20:17:37.678547,2025-01-30 17:55:06.433523,100.0,Completed,55.2
LMS002046,STU00818,C602,Music Theory,Arts,Fall 2025,2026-01-26 05:06:00.047566,2026-05-14 21:41:41.997899,84.9,IN PROGRESS,91.8
LMS000835,STU00335,C802,French I,Languages,Spring 2024,2025-04-26 21:00:17.816003,2025-12-03 10:48:11.370430,100.0,Completed,65.9
LMS000064,STU00027,C601,Visual Arts,Arts,Fall 2025,2025-11-07 23:42:15.956114,2026-04-30 23:47:03.926034,83.1,In Progress,64.4
LMS001340,STU00539,C302,Creative Writing,English,Fall 2023,2025-12-16 08:30:07.724575,11-Jul-2026,87.1,In Progress,81.1
LMS000552,S0216,C202,Chemistry,Science,Fall 2023,17-Sep-2024,45812,100.0,Completed,64.3
LMS000124,STU00050,,Chemistry,Science,Fall 2023,2025-03-10 01:31:12.097137,2025-09-03 20:59:09.177813,56.0,In Progress,91.1
LMS001596,STU00637,,  Physics,Science,Spring 2025,2025-09-25 01:49:59.855853,2025-12-08 03:13:56.952226,100.0,Completed,81.6
LMS000016,STU00006,C602,,Arts,Fall 2025,"April 08, 2026",2026-07-10 23:42:23.444979,83.2,In Progress,79.4
LMS002027,STU00810,,Algebra I,Math,Fall 2024,2025-12-19 11:43:56.696167,,36.0,Dropped,
LMS001980,STU00792,C502,Web Development,Technology,Spring 2024,2026-05-19 14:57:03.802238,27/5/2026,70.4,In Progress,83.5
LMS000385,STU00155,C202,Chemistry,Science,Fall 2024,2024-12-05 18:16:18.620389,2025-06-04 22:58:57.898856,100.0,Completed,96.2
LMS000522,S0207,C602,Music Theory,Arts,Fall 2023,2026-01-13 00:27:06.723083,2026-05-30 00:15:19.852530,77.8,In Progress,52.7
LMS000343,STU00138,C502,Web Development  ,Technology,Spring 2025,2026-06-16 11:51:01.481540,2026-07-18 03:30:32.570872,85.3,In Progress,65.9
LMS000745,STU00296,C202,Chemistry,Science,Fall 2025,2025-04-22 20:32:09.486362,2026-03-14 06:45:21.489017,100.0,Completed,
LMS001456,STU00579,C201,Biology,,Fall 2024,2025-10-10 23:18:03.510997,2025-10-13 11:22:00.166828,48.2,In Progress,64.2
LMS002116,STU00847,C402,Government & Civics,Social Studies,Fall 2023,2025-02-03 07:23:01.072064,2026-05-28 04:33:34.986831,83.9,In Progress,63.4
LMS002189,STU00878,C302,Creative Writing,English,Spring 2025,,1/4/2026,100.0,Completed,72.6
LMS002202,STU00882,C103,Algebra II,Math,Spring 2025,2025-05-14 20:55:21.151860,2026-03-29 21:22:16.086255,100.0,Completed,50.2
LMS000562,STU00220,C601,Visual Arts,Arts,Fall 2025,2025-03-17 07:45:39.863523,2025-11-06 08:27:16.767340,89.7,In Progress,62.4
LMS001222,STU00497,,Music Theory,  Arts,Fall 2023,21/1/2025,16/8/2025,87.3,In Progress,74.1
LMS000120,49,C203,Physics,Science,Spring 2024,2025-11-13 22:16:20.788576,2026-03-09 00:09:29.889646,90.3,In Progress,76.2
LMS001300,STU00522,C201,Biology,Science,Fall 2023,2025-04-20 18:26:32.572031,2025-10-19 14:13:32.285542,71.6,In Progress,55.5
LMS000641,STU00252,C401,World History,Social Studies,Spring 2025,"August 16, 2024",2024-12-02 05:14:18.364973,100.0,Completed,76.4
LMS000708,STU00284,C501,Introduction to Programming,Technology,Fall 2024,"March 20, 2026",2026-04-23 14:56:43.338834,88.4,In Progress,72.2
LMS001601,STU00639,C802,French I,Languages,Fall 2024,2026-03-30 11:16:32.833553,2026-05-15 00:43:25.923785,75.9,In Progress,62.0
LMS002060,STU00824,C501,Introduction to Programming,Technology,Spring 2025,2026-04-16 01:31:11.289430,2026-05-16 10:09:13.833622,82.1,In Progress,99.2
LMS001842,STU00735,C502,Web Development,Technology,Fall 2024,2025-07-03 03:02:56.513061,2026-01-18 05:29:37.390062,,Completed,57.8
LMS000952,STU00383,C802,French I,Languages,Spring 2024,,2025-07-27 16:20:05.442729,100.0,Completed,58.4
LMS001732,STU00691,C601,Visual Arts,Arts,Spring 2024,5/29/2025,2025-12-16 14:21:47.002746,84.5,In Progress,81.2
LMS001886,STU00752,C201,Biology,Science,Fall 2023,2025-03-02 15:36:11.019508,2026-01-17 16:21:12.625739,70.0,In Progress,62.5
LMS000735,STU00293,C602,Music Theory,Arts,Fall 2024,2026-02-01 19:28:20.334378,2026-05-02 02:59:02.179537,100.0,COMPLETED,62.9
LMS000459,stu00183,C601,Visual Arts,Arts,Fall 2023,2025-04-17 21:37:39.950586,2025-08-06 22:11:38.410583,57.7,In Progress,94.4
LMS002406,STU00962,C201,Biology,Science,Fall 2024,28/6/2025,2026-02-05 22:38:31.548345,100.0,Completed,82.6
LMS002334,STU00932,C101,Algebra I,Math,Fall 2024,2026-01-09 16:12:29.245983,2026-05-16 17:33:00.003586,72.5,In Progress,72.0
LMS001101,STU00449,C801,Spanish I,,Fall 2024,2024-10-24 17:42:59.538981,,49.8,In Progress,
LMS002380,STU952,C302,Creative Writing,English,Spring 2025,2025-03-25 07:45:26.280119,2026-05-11 09:35:02.543629,100.0,Completed,81.0
LMS002130,STU00852,C501,Introduction to Programming,,Fall 2025,2025-06-10 07:39:36.791812,,100.0,Completed,83.1
LMS000042,STU00018,C101,Algebra I,Math,Fall 2023,2025-12-17 20:16:32.297746,,77.9,In Progress,55.5
LMS002146,STU00860,C401,  World History,Social Studies,Spring 2025,2025-08-05 22:37:23.950510,2025-10-23 14:30:59.366376,78.0,In Progress,67.8
,S0042,C402,Government & Civics,Social Studies,Fall 2023,,11/6/2026,93.5,In Progress,88.7
LMS000477,STU00190,C402,Government & Civics,Social Studies,Fall 2023,2026-06-17 06:46:00.924863,2026-07-23 12:13:49.224114,88.1,In Progress,61.9
LMS000079,STU00032,C601,Visual Arts,Arts,Fall 2023,2024-08-19 19:09:39.780163,2025-11-16 01:04:11.702504,78.4,In Progress,57.2
LMS001109,STU00451,C401,World History,Social Studies,Fall 2024,2024-07-28 18:28:09.272102,"October 04, 2024",100.0,Completed,67.3
LMS000933,STU377,C801,Spanish I,Languages,Fall 2025,2025-04-01 12:31:48.329480,2025-07-31 03:24:40.396556,100.0,Completed,89.7
LMS001189,485,C502,Web Development,Technology,Fall 2023,"August 17, 2024",2024-12-19 09:19:27.070931,100.0,  Completed,61.9
LMS000480,STU00192,C201,Biology,Science,Spring 2024,2025-06-19 22:46:51.044664,2025-10-25 00:46:02.247890,72.1,In Progress,98.7
LMS001233,501,C202,Chemistry,Science,Fall 2024,6/21/2025,2026-07-27 07:16:29.924953,75.3,In Progress,75.1
LMS002252,STU00901,C802,French I,Languages,Fall 2023,2025-09-03 21:07:24.148331,2026-06-05 06:25:15.739325,78.4,In Progress,55.3
LMS001341,STU00539,C502,Web Development,Technology,Fall 2025,46011,2026-02-17 14:07:19.852002,100.0,,76.7
LMS000883,STU00355,C801,Spanish I,Languages,Fall 2023,45523,2025-04-02 21:21:18.374522,56.8,In Progress,62.1
LMS001116,S0454,C101,Algebra I,Math  ,Fall 2023,2025-03-14 12:06:33.714812,2025-08-21 02:28:04.981989,86.9,In Progress,71.1
LMS000595,STU00234,C302,  Creative Writing,English,Spring 2024,2025-01-27 03:50:28.997693,2025-04-17 16:00:11.048972,100.0,Completed,95.9
LMS000536,STU00211,C402,Government & Civics,Social Studies,Spring 2025,2025-09-20 01:44:27.744840,2025-11-02 20:47:14.442840,82.0,In Progress,97.2
LMS000740,S0294,C701,Physical Education,PE,Spring 2025,2024-11-12 10:18:16.536492,2025-08-12 23:40:45.278483,83.3,In Progress,88.3
LMS001169,STU00473,C103,Algebra II,Math,Spring 2025,2025-03-03 03:00:35.634970,2026-06-06 12:51:33.129910,74.5,In Progress,67.6
LMS001956,STU00783,C402,Government & Civics,Social Studies,Fall 2024,2026-03-05 21:56:46.324976,9/4/2026,70.7,In Progress,95.5
LMS002313,STU00927,C601,Visual Arts,Arts  ,Spring 2025,,24-Dec-2025,1.6,Dropped,
LMS001000,STU00405,C601,Visual Arts,Arts,Fall 2024,2026-02-28 05:49:20.272470,2026-04-11 11:28:23.814734,94.8,In  Progress,80.8
LMS000258,STU00107,C502,Web  Development,Technology,Spring 2024,2026-03-19 17:46:40.949946,2026-03-20 02:12:57.994662,52.4,In Progress  ,71.1
LMS000946,STU00381,C302,Creative Writing,English,Fall 2024,2025-05-25 11:40:09.669322,"July 07, 2025",100.0,Completed  ,60.6
LMS000468,STU00186,C502,WEB DEVELOPMENT,Technology,Spring 2025,2025-06-10 02:19:07.782861,2026-04-29 00:31:31.078335,100.0,Completed,53.4
LMS000179,S0072,C101,Algebra I,Math,Fall 2024,2025-01-09 12:31:44.195418,2025-01-28 14:04:58.825954,88.2,In Progress,82.8
LMS000833,STU00335,C301,English Literature,English,Spring 2025,2026-06-03 15:11:06.517587,2026-06-18 17:20:45.508049,85.2,In Progress,79.9
LMS001035,STU00421,C203,Physics,Science,Spring 2025,2026-03-16 13:36:25.879150,2026-07-27 19:42:23.800138,78.4,In Progress,74.4
LMS001362,STU00548,C402,Government & Civics,Social Studies,Spring 2025,2026-01-19 10:21:31.901753,2026-02-04 17:19:29.214338,100.0,Completed,84.1
LMS000438,STU00175,C402,Government & Civics  ,Social Studies,Fall 2023,2026-03-03 23:45:01.643653,2026-05-13 16:49:38.506244,93.8,In Progress,69.6
LMS000312,STU00129,C202,Chemistry,SCIENCE,Fall 2023,2024-11-05 07:58:37.407596,13-Dec-2025,86.6,In Progress,96.1
LMS001003,STU00406,C203,Physics,Science,Spring 2025,2024-09-11 04:10:00.646300,2024-10-29 22:14:47.626327,100.0,Completed,56.4
LMS000914,STU00368,C402,Government & Civics,Social Studies,Spring 2024,2026-07-26 07:41:15.402968,2026-07-28 06:31:39.521026,100.0,Completed,73.2
LMS001990,STU00795,C402,Government & Civics,Social  Studies,Spring 2025,2026-05-12 10:18:43.720790,2026-07-13 00:11:07.453475,90.7,In Progress,76.5
LMS002464,STU00986,C203,Physics,Science,Fall 2025,2024-09-28 13:09:23.579522,2026-02-02 07:00:30.416327,100.0,Completed,72.6
LMS001600,STU00638,C402,Government & Civics,Social Studies,Fall 2023,2025-06-09 17:38:43.836390,2026-07-17 18:36:00.514800,73.3,In Progress,79.1
LMS000830,STU00334,C502,Web Development,Technology,Spring 2024,8/23/2025,2026-03-05 10:44:42.344444,74.9,In Progress,82.1
LMS000251,STU00105,C201,Biology,Science,Spring 2024,2025-08-29 15:41:54.277043,2025-09-24 22:50:21.086593,87.1,In Progress,66.2
LMS000900,362,C802,French I,Languages,Spring 2025,2026-02-12 03:14:15.833924,2026-04-02 15:30:17.970578,42.6,In Progress,57.4
LMS000150,stu00061,C103,Algebra II,Math,Fall 2025,2025-05-04 05:01:35.292233,2025-10-30 10:02:40.656869,77.5,IN PROGRESS,80.8
LMS001973,S0790,C801,Spanish I,Languages,Fall 2025,2025-06-12 17:43:19.498678,2025-10-02 13:09:47.755078,100.0,Completed,99.2
LMS000358,STU00143,C302,Creative Writing,ENGLISH,Spring 2025,10/1/2024,2025-10-07 07:16:01.018474,66.2,In Progress,57.9
LMS002435,STU00975,C201,Biology,Science,Fall 2023,"July 08, 2026",2026-07-23 04:09:10.448741,84.2,In Progress,58.4
LMS001046,S0426,C701,Physical Education,pe,Spring 2024,2025-04-23 00:16:52.716387,2025-10-15 13:33:09.143550,39.1,Dropped,
LMS001253,STU00508,C402,Government & Civics,Social Studies,Fall 2025,8/16/2024,2025-09-29 10:28:38.493829,87.5,In Progress,99.0
LMS001151,STU00466,C101,Algebra I,Math,Spring 2025,2025-03-27 07:10:34.571657,2025-09-01 00:07:49.274195,100.0,Completed,66.9
LMS002039,STU815,C302,Creative Writing,English,Fall 2025,22/3/2025,2025-05-07 02:47:47.785451,77.2,In Progress,59.7
LMS001867,STU00742,C402,Government & Civics,Social Studies,Fall 2024,2026-04-07 03:33:29.286519,2026-05-04 02:59:31.965039,73.0,In Progress,67.7
LMS000493,STU00196,C801,spanish i,Languages,Fall 2023,2024-11-09 05:31:19.189363,2025-07-28 06:29:53.705636,100.0,Completed,95.6
LMS001566,STU00624,C301,English Literature,  English,Spring 2025,2025-10-18 12:28:06.078608,2026-03-08 02:53:30.232779,100.0,Completed,55.9
LMS000114,S0047,C801,Spanish I,Languages,Fall 2024,2026-06-13 14:15:14.091840,2026-06-20 13:53:21.267409,94.0,IN PROGRESS,70.4
LMS000134,STU00054,C601,Visual Arts,Arts,Spring 2025,2025-09-17 04:03:40.867075,2026-07-27 16:54:01.516627,87.9,In  Progress,
LMS000970,STU00392,C602,Music Theory,Arts,Fall 2023,2025-03-21 00:04:22.230946,8/5/2025,85.8,In Progress,70.2
LMS001348,STU00543,C801,Spanish I,Languages,Spring 2025,2024-12-21 06:15:52.243172,2025-02-25 03:43:46.005132,76.8,In Progress,89.7
LMS001981,stu00792,C202,Chemistry,Science,Fall 2024,2025-12-23 12:18:08.809359,2026-02-01 00:17:26.849936,81.5,In Progress,79.2
LMS002312,STU00926,C601,Visual Arts,Arts,Fall 2023,2025-06-21 09:12:20.302310,21-Jan-2026,100.0,,77.3
LMS002010,stu00804,,Chemistry,Science,Fall 2023,2025-12-25 19:12:51.491266,2026-02-02 11:13:24.765629,92.6,In Progress,88.0
LMS001803,STU00718,C301,English Literature,English,Fall 2024,2026-01-19 17:42:12.098089,28/6/2026,17.2,Dropped,
LMS002271,stu00907,C501,Introduction to Programming,  Technology,Fall 2024,"December 17, 2024",2026-05-30 23:03:01.359612,83.1,In Progress,58.5
LMS001580,STU00630,C201,Biology,Science,Fall 2025,2025-05-22 17:11:39.731876,2025-09-01 15:40:18.283043,81.1,In Progress,55.1
LMS001933,STU00772,C502,Web Development,Technology,Fall 2025,04-Mar-2026,2026-07-07 02:02:13.717708,87.4,In Progress,64.9
LMS001868,STU00743,C301,English Literature,English,Fall 2023,2025-04-12 16:36:49.051710,2025-06-01 22:38:58.255536,57.2,In Progress,61.8
LMS000293,STU00118,C201,Biology,Science,Fall 2024,2025-12-15 20:56:01.425878,"July 02, 2026",82.2,In Progress,67.2
LMS000710,STU00285,C102,Geometry,Math,Fall 2023,2025-08-24 09:13:25.769937,2025-09-28 18:07:12.943164,100.0,Completed,77.7
LMS001579,STU00630,C402,Government & Civics,Social Studies,Spring 2025,"August 28, 2025",14/7/2026,29.5,Dropped,
LMS002317,STU00928,C101,algebra i,Math,Fall 2025,2025-03-13 08:49:19.485581,2025-10-28 13:30:35.107803,82.5,In  Progress,73.3
LMS000539,STU-00212,,Visual Arts,Arts,Spring 2024,"April 14, 2025",2025-09-10 22:44:27.977045,71.2,In Progress,71.9
LMS002143,STU00859,C103,Algebra II,Math,Fall 2025,2025-01-22 10:13:20.264749,2026-03-11 14:17:12.637798,90.1,In Progress,59.9
LMS000099,STU00041,C701,Physical Education,PE,Fall 2024,2025-01-19 05:19:40.260376,3/26/2025,73.8,In Progress,80.2
LMS001395,STU00559,C402,Government & Civics,Social Studies,Fall 2023,6/8/2026,46200,100.0,Completed,71.0
LMS001861,STU00741,C102,Geometry,Math,Spring 2024,2025-05-08 08:08:36.936773,2025-06-28 13:46:20.149126,87.5,In Progress,70.9
LMS001191,STU00485,C203,Physics,Science,Spring 2025,45511,2025-02-23 11:03:33.457832,76.2,In Progress,74.4
LMS000216,STU00088,C501,Introduction to Programming,Technology  ,Spring 2025,19/11/2025,3/20/2026,91.9,In Progress,81.1
LMS001615,STU00645,C202,Chemistry,Science,Fall 2025,2025-11-13 09:20:00.712182,6/17/2026,81.2,In Progress,82.5
LMS002433,STU00973,C202,Chemistry,Science,Spring 2025,2026-06-21 02:51:56.340453,2026-07-01 11:28:19.751151,100.0,Completed,69.1
LMS000209,STU00085,C401,World History,Social Studies,Spring 2025,2025-07-13 16:07:16.174696,,66.9,In Progress,85.2
LMS001523,STU00604,C201,Biology,Science,Fall 2025,"November 26, 2025",2026-02-26 13:14:18.133533,100.0,Completed,95.3
LMS001445,STU00576,C302,Creative Writing  ,English,Spring 2024,2024-10-27 04:23:41.646044,2026-01-31 16:04:38.515200,85.1,In Progress,71.0
LMS001922,STU00768,C502,Web Development,Technology,Fall 2025,2026-05-12 03:53:26.415971,46199,79.5,In Progress,86.5
LMS001382,STU00554,C301,English Literature,English,Fall 2024,2025-09-22 08:54:44.698019,2026-05-14 08:08:15.234691,94.9,In  Progress,
LMS000472,STU00188,C301,English Literature,English,Fall 2025,2026-06-04 05:07:27.358734,2026-07-19 03:12:57.453782,100.0,Completed,84.4
LMS000578,STU00228,C701,Physical Education,PE,Spring 2025,2026-05-30 08:31:58.450837,2026-07-22 03:17:30.986194,100.0,Completed,54.1
LMS000422,STU00168,C502,Web Development,Technology,Fall 2023,2026-03-07 01:21:48.521447,2026-07-23 04:08:35.501920,100.0,Completed,92.6
LMS001991,STU00796,C602,Music Theory,Arts,Fall 2025,2025-10-07 12:29:38.206558,46090,100.0,Completed,88.9
LMS001311,STU00526,C402,Government & Civics,Social Studies,Fall 2025,2025-05-03 15:48:18.463152,2026-06-26 05:25:29.099996,100.0,Completed,77.0
LMS002107,STU00843,C501,Introduction to Programming,  Technology,Fall 2024,2026-03-03 01:24:16.162233,2026-04-10 10:45:02.777078,100.0,Completed,96.4
LMS000643,STU00254,C201,  Biology,Science,Fall 2025,2026-03-24 07:38:12.920704,2026-03-31 10:49:25.435062,70.8,In Progress,93.6
LMS000632,STU00248,C102,Geometry,Math,Fall 2025,2024-11-14 02:15:46.448454,2026-03-12 23:34:21.742429,74.2,In Progress,81.9
LMS001829,STU00728,C302,Creative Writing,English,Fall 2025,2024-11-21 11:21:40.575532,2024-11-23 06:24:29.556690,,In Progress,
LMS001517,STU00602,C203,Physics,Science,,2024-11-26 09:55:45.142908,2026-02-08 04:27:13.490709,33.3,Dropped,
LMS001403,STU00562,C402,Government & Civics,Social Studies,Fall 2025,23/12/2025,2026-04-07 09:50:05.727861,87.4,,87.8
LMS000626,STU00246,C301,English Literature,English,Spring 2024,2025-05-18 02:32:12.459484,2026-05-21 00:13:34.885682,69.1,In Progress,91.5
LMS000685,STU00273,C101,Algebra I,Math,Fall 2023,2025-10-01 10:20:57.784435,11/13/2025,100.0,Completed,96.5
LMS000857,stu00343,C202,Chemistry,Science,Spring 2025,19/5/2025,2026-01-02 18:38:02.545690,94.2,In Progress,79.4
LMS000127,STU00052,C502,Web Development,Technology,Fall 2025,2025-12-21 02:24:03.678103,2026-06-17 18:54:46.277944,73.4,In Progress,67.6
LMS002233,STU00894,C501,Introduction to Programming,Technology,Fall 2023,2026-04-15 22:40:25.231675,2026-07-11 03:19:52.376400,71.7,In Progress,90.2
LMS001820,STU00726,C701,Physical Education,PE,Spring 2025,2025-10-27 16:40:41.588811,23/3/2026,100.0,Completed,62.2
LMS000213,STU00087,C102,Geometry,Math,Fall 2025,"February 28, 2026",2026-04-15 18:56:22.262430,87.4,In Progress,94.1
LMS000155,S0063,C201,Biology,Science,Fall 2025,8/5/2026,2026-06-26 03:23:52.350662,83.7,In Progress,95.0
LMS001274,STU00515,C502,Web Development,Technology,Spring 2024,2026-03-26 06:09:28.761181,2026-06-30 03:17:27.595827,79.2,In Progress,91.0
LMS001721,STU00686,C601,Visual Arts,Arts,Fall 2023,2025-09-05 12:27:45.391816,14-Apr-2026,82.1,In Progress,82.2
LMS001674,S0668,C201,Biology,Science,Spring 2024,2025-02-25 04:46:21.028343,18/5/2025,100.0,Completed,87.0
LMS001952,STU00782,C301,English  Literature,English,Spring 2025,2025-04-08 01:52:39.890641,46133,57.2,In Progress,74.0
LMS001821,STU00726,C502,Web Development,Technology,Spring 2025,2026-01-07 09:42:22.409896,2026-02-24 21:07:29.450641,91.0,In Progress,98.7
LMS000419,STU00166,C802,French I,Languages,Spring 2024,2024-12-10 17:29:45.526788,09-Nov-2025,74.4,In Progress  ,86.7
LMS001406,STU00563,C302,Creative Writing,English,Fall 2023,2025-06-02 18:22:47.605189,2026-05-04 17:00:51.027065,100.0,Completed,67.4
LMS002040,STU00815,C202,Chemistry,Science,Fall 2023,2025-11-02 12:59:59.871877,2025-11-17 11:36:31.943269,85.9,In Progress,99.4
LMS000211,STU00086,C601,Visual Arts,Arts,Fall 2023,2026-07-01 16:58:23.046032,2026-07-09 10:21:27.280760,83.9,,54.7
LMS000619,STU00243,C802,French I,Languages,Fall 2025,2024-08-19 13:35:41.416390,11/17/2025,43.4,In Progress,65.5
LMS001605,641,C502,Web Development,Technology,Fall 2024,2024-08-18 06:00:28.589208,2024-10-08 14:44:40.370803,63.8,In Progress,83.0
LMS001154,STU00467,C602,Music Theory,Arts,Spring 2024,2025-12-19 14:38:38.716537,2025-12-24 05:06:44.014998,64.0,In Progress,57.5
LMS000442,STU00176,C101,Algebra I,Math,Fall 2024,2024-09-07 21:19:14.479280,2026-06-07 08:26:42.032856,100.0,Completed,86.4
LMS000608,STU00239,C601,Visual Arts,Arts,Spring 2025,2024-09-14 13:06:57.322167,20/5/2026,81.7,In Progress,81.4
LMS001468,584,C802,French I,Languages,Fall 2024,2025-09-24 05:33:37.966441,2026-04-05 23:09:54.091041,100.0,Completed,78.2
LMS001501,STU00595,C701,Physical Education,PE,Spring 2025,2025-07-28 08:32:09.924789,2025-10-11 21:45:34.547246,74.6,In Progress,87.5
LMS002370,STU00946,C202,Chemistry,Science,Fall 2023,2026-02-19 22:08:01.923210,04-Jul-2026,81.8,In Progress,63.1
LMS000415,STU00165,C601,Visual Arts,Arts,Fall 2023,2025-12-25 21:20:07.440198,24/5/2026,100.0,Completed,85.3
LMS000285,STU00116,C103,Algebra II,Math,,2026-05-16 06:17:22.895526,2026-07-10 22:18:28.655973,81.3,In Progress,77.6
LMS000555,STU00217,,Web Development,  Technology,Fall 2025,5/3/2025,2025-04-09 19:58:17.820224,71.7,In Progress,52.2
LMS002123,STU00850,C401,World History,Social Studies,Spring 2025,2026-02-02 14:30:58.473627,2026-02-05 12:40:48.292306,73.5,In Progress,88.9
LMS001363,STU00548,C801,Spanish I,Languages,Spring 2024,25-Dec-2024,2024-12-30 23:32:29.839911,100.0,,96.6
LMS001988,STU00794,C202,  Chemistry,Science,Spring 2024,2025-03-14 03:55:01.795486,2025-07-01 05:26:00.206267,93.4,In Progress,78.5
LMS000299,STU00121,C201,Biology,Science,Fall 2025,2025-09-10 12:54:15.198745,2025-12-29 12:47:42.347188,100.0,Completed,92.0
LMS001290,STU00519,C602,Music Theory,Arts,Fall 2023,2025-11-27 06:38:20.081556,2025-12-04 15:34:07.942098,100.0,Completed,71.2
LMS000080,STU00033,C601,Visual Arts,Arts,Spring 2024,2026-04-21 13:07:39.575673,7/14/2026,66.4,In Progress,61.7
LMS001140,STU00462,C101,Algebra I  ,Math,Fall 2025,2025-05-05 10:43:44.078686,2026-04-09 18:57:28.746120,51.6,In Progress,96.6
LMS001737,STU00693,C601,Visual Arts,Arts,Spring 2025,2025-11-27 15:26:10.887689,2026-06-17 03:58:23.369238,92.3,In Progress,73.5
LMS000757,STU00301,C202,Chemistry,Science,Fall 2025,45753,02-Feb-2026,100.0,Completed,66.5
LMS001476,STU00586,C202,Chemistry,Science,Fall 2023,2024-08-09 14:04:09.178880,2026-01-03 14:36:52.231461,100.0,Completed  ,69.9
LMS000611,STU00240,C602,Music Theory,Arts,Spring 2024,2024-12-21 23:53:22.999120,10-Oct-2025,100.0,Completed,56.1
LMS001112,STU00452,C602,Music Theory,Arts,Spring 2025,2025-01-10 12:05:38.996898,2026-05-27 05:41:26.592002,48.1,In Progress,64.2
LMS002447,STU00979,C302,Creative Writing,English,Fall 2025,2025-08-16 11:19:48.199759,2026-04-09 23:46:44.144335,82.1,,50.3
LMS000418,STU00166,C401,World History,Social Studies,Fall 2023,2025-05-19 13:54:16.761026,9/9/2025,59.1,In Progress,93.7
LMS000289,STU00117,C201,Biology,Science,,2024-08-27 22:01:03.935717,2024-12-23 13:06:34.750938,100.0,Completed,70.7
LMS000013,STU00005,C501,introduction to programming,Technology,Fall 2023,1/31/2026,2026-07-26 01:31:50.254778,74.1,In Progress,64.6
LMS000412,STU00164,C102,Geometry,Math,Spring 2024,2024-08-15 11:30:50.720704,4/28/2025,78.2,In Progress,80.7
LMS001337,STU00538,C101,Algebra I,Math,Fall 2023,2026-06-17 05:08:01.417253,2026-07-26 03:36:46.122303,80.1,,52.6
LMS002424,STU00971,C701,  Physical Education,PE,Fall 2023,2024-11-25 04:11:08.013991,2025-10-18 12:34:45.913191,86.4,In Progress,92.7
LMS000364,STU00145,C301,English Literature,English,Spring 2024,2026-07-13 22:54:56.531282,2026-07-16 04:57:51.625263,86.6,In Progress,72.0
LMS000063,STU00027,C201,Biology,Science,Fall 2025,2025-05-06 01:26:00.170706,2025-10-22 00:09:51.621036,80.1,IN PROGRESS,64.8
LMS001616,STU00646,C301,English Literature,English,Fall 2025,2025-03-10 02:03:59.775249,2025-10-12 14:08:21.950628,43.1,In Progress,54.3
LMS001768,STU00706,C301,English Literature,English,Spring 2025,2025-09-04 18:24:08.039184,5/19/2026,84.4,In Progress,62.8
LMS000321,STU00131,C101,Algebra I,Math,Fall 2025,2026-02-02 05:19:05.989546,2026-04-09 10:00:49.887764,94.1,In Progress,51.8
LMS001042,STU00424,C203,Physics,Science,Fall 2024,2025-03-16 11:21:39.176876,"June 12, 2026",100.0,Completed,80.2
LMS001960,STU00784,C103,Algebra II,Math,Fall 2025,2025-12-13 07:25:25.397798,2026-06-20 19:21:20.626015,90.2,In Progress,79.8
LMS002022,808,C801,Spanish I,Languages,Fall 2024,,2026-05-11 03:39:28.081279,100.0,Completed,63.1
LMS001780,STU00711,C501,Introduction to Programming,Technology,Fall 2023,2026-05-06 11:17:44.937469,46205,100.0,Completed,83.0
LMS001599,638,C802,French I,LANGUAGES,Spring 2024,2025-07-10 23:46:05.243381,2026-01-04 17:05:13.432383,100.0,Completed,64.3
LMS002148,STU00861,C401,World History,Social Studies,Fall 2025,,2026-07-03 02:36:01.977642,88.7,In  Progress,66.1
LMS000624,STU00246,C203,Physics,Science,Fall 2023,2024-10-07 21:28:51.611779,2026-07-16 13:57:52.925131,45.7,In Progress,89.8
LMS001332,STU00535,C401,World History,Social Studies,Fall 2024,2025-08-11 11:55:25.093267,2026-04-13 09:40:40.797445,100.0,Completed,58.3
LMS002069,STU00827,C202,Chemistry,Science,Fall 2024,2025-10-18 02:19:09.908086,2026-05-13 07:25:52.556561,21.8,Dropped,
LMS001982,STU00792,C302,Creative Writing,English,Spring 2025,2024-12-12 01:30:50.930606,46119,64.0,In Progress,94.0
LMS002206,STU00884,C601,Visual Arts,,Spring 2025,2025-03-28 11:12:01.486714,2026-02-11 10:20:43.760202,56.2,In Progress,73.2
LMS001979,STU00791,C501,Introduction to Programming,Technology,Fall 2023,2026-04-22 15:01:58.085123,2026-07-18 10:47:15.380512,53.2,In Progress,97.5
LMS002292,STU00917,C501,Introduction to Programming,Technology,Fall 2025,2024-08-26 19:35:01.737018,2024-10-04 16:25:23.840252,77.1,In Progress,51.2
LMS000461,S0183,C501,Introduction to Programming,Technology,Spring 2025,2025-03-13 14:36:17.526447,2026-01-20 14:54:45.524115,100.0,completed,83.1
LMS001064,STU00432,C101,Algebra I,Math,Fall 2025,2026-05-11 10:54:20.168139,2026-05-11 14:40:24.762273,100.0,Completed,76.2
LMS000595,STU00234,C302,  Creative Writing,English,Spring 2024,2025-01-27 03:50:28.997693,2025-04-17 16:00:11.048972,100.0,Completed,95.9
LMS000125,STU00050,C201,Biology,,Fall 2023,2025-01-06 05:14:03.668146,2026-03-16 07:04:20.653932,100.0,Completed,87.9
LMS001103,STU00450,C401,World History,Social Studies,Fall 2023,2024-11-09 03:49:03.944741,45697,79.1,In Progress,84.3
LMS000534,STU00210,C502,Web Development,Technology,Fall 2023,2024-12-21 21:30:20.978699,46116,89.2,,97.6
LMS000139,STU00057,C501,Introduction to Programming,Technology,,2025-05-02 06:10:45.634971,,100.0,Completed,58.3
LMS002012,STU00805,C203,Physics,Science,Fall 2025,2024-11-29 13:08:09.097329,"April 29, 2026",100.0,Completed,97.6
LMS000904,STU00363,C602,Music Theory,Arts,Spring 2024,2024-12-01 20:02:17.490870,2025-01-03 17:30:28.529378,68.3,IN PROGRESS,97.3
LMS000702,STU00281,C101,Algebra I,Math,Fall 2023,45532,2026-04-10 07:55:35.458979,84.6,In Progress,65.5
,STU00093,C502,Web Development,Technology,Fall 2025,2026-02-04 07:18:04.070906,2026-03-07 12:14:09.474960,100.0,Completed,50.4
LMS002141,STU00858,C502,,Technology,Fall 2025,2025-05-24 06:05:57.595079,2026-04-14 07:43:12.103043,7.4,Dropped,
LMS002140,stu00858,C701,Physical Education,PE,Fall 2025,22/7/2026,,100.0,Completed,55.6
LMS001150,STU00466,C302,Creative Writing,ENGLISH,Spring 2025,2025-09-21 08:55:37.580991,2025-12-29 05:19:32.206290,100.0,Completed,68.6
LMS001243,STU00504,C201,Biology,Science,Spring 2024,2025-01-22 20:11:54.086474,29-Jan-2025,82.2,In Progress,69.1
LMS000657,S0259,C102,Geometry,Math,Spring 2024,2026-01-25 22:03:10.387461,2026-04-20 18:51:24.224801,100.0,,94.5
LMS000164,S0066,C201,Biology,Science,Spring 2024,2024-08-05 20:30:59.375998,2024-11-01 10:51:18.043692,91.8,In Progress,62.2
LMS000733,STU00292,C401,World History,Social Studies,Fall 2024,2025-06-08 09:36:11.172771,2026-07-02 10:20:38.165449,81.8,In Progress,83.7
LMS002395,STU00957,C602,Music Theory,Arts,Spring 2024,2025-02-15 05:45:24.361958,2026-03-19 23:59:59.234231,100.0,Completed,66.5
LMS001254,STU00508,C102,Geometry,Math,Fall 2025,2025-09-05 08:22:47.054402,2026-05-31 01:56:41.133507,79.1,In Progress,53.7
LMS000177,STU00071,C602,Music Theory,Arts,Spring 2024,,2026-07-26 12:41:23.996008,73.4,,91.5
LMS001818,STU00725,C103,Algebra II,Math,Fall 2025,2025-02-12 08:28:38.825696,2026-02-10 23:23:19.197708,100.0,Completed,96.0
LMS001608,STU00642,C301,English Literature,English,Spring 2025,5/10/2026,2026-07-10 23:57:43.786398,93.8,In Progress,52.6
LMS001989,STU00795,C201,Biology,Science,Fall 2025,2024-09-04 08:09:29.175263,2025-02-19 01:06:41.803345,81.8,In Progress,50.1
LMS002230,STU00893,C502,Web Development  ,Technology,Fall 2025,2025-07-18 11:17:01.641403,2025-07-18 11:49:21.799292,100.0,Completed,92.8
LMS002238,STU00895,C402,Government & Civics,Social Studies,Fall 2023,2025-04-27 16:55:07.192312,2025-12-24 05:20:24.510259,94.7,In Progress,63.8
LMS001277,STU00516,C102,Geometry,Math,Spring 2025,46139,2026-06-30 21:51:41.675867,100.0,Completed,64.9
LMS001966,STU00787,C202,Chemistry,Science,Fall 2025,2026-04-22 13:46:42.829642,2026-06-27 08:40:06.930151,93.0,In Progress,50.6
LMS001921,STU00767,C601,visual arts,Arts,Fall 2024,1/27/2025,2025-12-08 22:47:37.744570,100.0,Completed,68.6
LMS002031,STU00811,C502,Web Development,Technology,Fall 2023,2024-09-13 09:37:32.512677,2025-05-01 02:32:16.359986,73.1,In Progress,67.2
LMS001367,STU00550,C302,Creative Writing,English,Fall 2024,2024-11-02 00:58:57.595742,10/24/2025,44.1,,85.9
LMS001306,STU00525,C701,PHYSICAL EDUCATION,PE,Spring 2024,2025-02-23 04:35:06.075049,"September 02, 2025",94.3,In Progress,72.8
LMS000666,264,C201,Biology,Science,Fall 2025,13/8/2024,12/2/2024,53.8,In Progress,83.6
LMS002368,STU00946,C701,Physical Education,PE,Fall 2024,2024-12-01 13:38:12.852332,2026-06-19 05:56:51.526364,94.4,In Progress,65.5
LMS002426,STU00971,C203,Physics,Science,Spring 2025,2025-08-16 17:58:26.942439,2025-10-09 01:20:12.810322,85.5,In Progress,77.5
LMS001384,STU00556,C502,Web Development,Technology,Spring 2025,2025-11-05 21:59:23.206561,2025-11-22 02:39:10.284752,31.6,Dropped,
LMS000172,STU00069,C103,Algebra II,Math,Fall 2023,2024-08-04 00:26:46.259688,2024-08-07 05:09:20.838413,90.9,In Progress,59.0
LMS002101,STU00840,C102,Geometry,Math,Spring 2025,21/12/2025,26-Jun-2026,92.7,In Progress,56.3
LMS002343,STU00936,C802,French I,Languages,Fall 2023,2026-02-16 22:37:28.717820,2026-07-20 23:35:01.818547,100.0,Completed,55.2
LMS001314,STU00527,C401,WORLD HISTORY,Social Studies,Spring 2024,2026-02-07 07:32:23.280363,15-Jun-2026,20.7,Dropped,
LMS000890,STU00359,C602,Music Theory,Arts,Spring 2025,26-Dec-2024,2025-10-31 17:24:10.901950,,In Progress,94.5
LMS000181,STU00072,C701,Physical Education,PE,Spring 2024,2024-09-17 11:39:00.117271,2025-04-09 11:37:43.071301,75.5,In Progress,84.0
,STU00565,C101,,Math,Spring 2024,2024-08-27 06:39:55.744429,2025-04-08 21:08:18.381547,100.0,Completed,86.7
LMS001853,STU00738,C701,Physical Education,PE,Fall 2025,2024-10-11 22:39:03.002364,2025-03-02 17:44:11.712217,72.7,In Progress,55.4
LMS001648,STU658,C201,Biology,Science,Spring 2025,2024-10-03 01:09:15.660031,2025-12-02 20:40:47.811862,,In Progress,79.1
LMS000569,STU00224,C302,Creative Writing,English,Fall 2024,2024-08-29 20:41:14.635617,2025-12-26 16:06:08.735270,80.4,In Progress,63.7
LMS001892,STU00754,C203,Physics,Science,Fall 2024,2026-04-03 16:29:10.109925,2026-05-18 13:58:39.904998,41.0,In Progress,61.5
LMS001866,STU00742,C401,World History,Social Studies,Spring 2024,2025-07-28 09:58:40.675603,2026-04-28 02:46:18.364470,76.5,In Progress,70.9
LMS001171,STU00474,C602,,,Spring 2024,2025-11-03 16:42:35.077093,2026-03-20 05:01:01.239188,78.5,In Progress,97.0
LMS002361,STU00943,C302,Creative Writing,English,Spring 2024,2026-05-16 23:12:18.723177,14/7/2026,60.2,In Progress,66.0
LMS001387,STU00556,C203,Physics,Science,Fall 2024,2025-08-03 14:54:45.761096,2025-08-30 19:50:48.662475,70.6,In Progress,81.3
LMS002127,851,C401,World History,Social Studies  ,Spring 2025,2025-03-11 21:50:21.819753,19-May-2025,86.3,In Progress,74.5
LMS000878,STU00351,C501,Introduction to Programming,Technology,Fall 2025,2024-11-08 07:31:14.812266,2025-01-07 03:49:01.930347,,Completed,74.4
LMS001745,STU00696,C802,French I,Languages,Spring 2025,2024-11-21 13:07:34.757303,2025-11-18 03:32:37.612608,77.6,In Progress,65.4
LMS002265,STU00906,C502,Web Development,Technology,Fall 2025,2025-05-25 23:15:28.430021,2026-06-26 11:17:01.316817,81.2,,62.5
LMS001845,STU00736,C203,Physics,Science,Fall 2025,2024-08-28 01:12:06.982002,2025-05-02 07:11:12.082039,6.0,Dropped,
LMS002142,STU00859,C701,Physical Education,PE,Fall 2024,2025-08-09 16:57:39.839375,2025-11-19 02:05:50.898573,100.0,Completed,65.1
LMS000341,STU00138,C103,ALGEBRA II,Math,Fall 2024,"August 13, 2024",2025-02-16 23:40:12.141097,100.0,Completed,71.4
LMS001416,STU00566,C802,French I,Languages,Spring 2025,2025-01-30 12:38:23.744241,2026-01-15 12:24:58.052095,78.9,In Progress,74.5
LMS000989,STU00402,C102,Geometry,Math,Fall 2025,2024-10-12 10:34:01.222656,45832,49.3,In Progress,59.0
LMS001473,S0585,C802,,Languages,Fall 2024,,,100.0,Completed,59.5
LMS001231,STU00499,C802,French I,Languages,Fall 2024,19/1/2026,3/27/2026,33.7,Dropped,
LMS001909,STU00762,C402,Government & Civics,Social Studies,Fall 2025,2025-02-05 20:05:41.377362,2025-08-27 12:41:00.057842,85.8,In Progress,84.7
LMS002199,STU00881,C101,Algebra I,Math,Fall 2023,8/20/2024,2026-01-09 16:57:29.450639,76.4,In Progress,82.0
LMS002081,831,,Physical Education,PE,Fall 2023,2025-04-26 10:56:46.152774,2025-08-28 23:34:39.358518,79.0,In Progress,62.0
LMS002346,STU00937,C202,Chemistry,Science,Fall 2024,2026-06-08 22:14:26.999662,13/6/2026,80.5,In Progress,94.7
LMS001668,S0665,C801,Spanish I,Languages,Spring 2025,2025-01-01 11:46:40.020110,2026-07-16 01:42:33.622725,59.8,In Progress,82.5
LMS000353,STU00141,C502,Web Development,Technology,Spring 2025,2025-02-12 12:11:28.261598,2026-01-12 23:59:04.390240,82.1,In Progress,87.4
LMS001013,STU00410,C202,Chemistry,Science,Spring 2024,2025-08-18 17:12:46.980566,2026-05-31 04:05:17.975860,63.9,In Progress,56.1
LMS002321,STU00929,C601,Visual Arts,Arts,Spring 2025,"October 23, 2024",2025-10-17 07:25:57.277106,55.1,In Progress,95.3
LMS000491,STU00196,C602,Music Theory,Arts,Spring 2025,2024-08-07 04:55:39.721303,2025-02-26 08:14:09.915099,63.4,In Progress,68.3
LMS000697,STU00279,C501,Introduction to Programming,Technology,Spring 2024,2024-08-06 12:30:44.222696,2025-07-23 10:16:19.327324,100.0,Completed,78.8
LMS002384,STU00954,C102,Geometry,Math,Fall 2023,2026-01-10 14:54:45.610465,2026-03-27 07:18:28.998700,100.0,Completed,81.9
LMS000466,STU00184,C601,Visual Arts,Arts,Fall 2023,2024-11-01 10:52:51.288602,2025-09-11 21:11:05.266989,82.2,In Progress  ,54.0
LMS000294,STU00119,C802,French I,Languages,Fall 2024,18/2/2025,2025-06-15 12:43:56.437827,100.0,COMPLETED,98.6
LMS000979,STU00397,C402,Government & Civics,Social Studies,Fall 2025,2025-01-01 01:12:37.762050,2026-04-16 11:59:36.099675,94.9,In Progress,71.6
LMS001754,STU00699,C802,French I,Languages,Fall 2024,3/19/2026,29-May-2026,60.0,,54.5
LMS002002,STU801,C401,World History,Social Studies,Spring 2025,2025-11-15 06:16:20.194120,2026-05-28 04:59:08.410523,100.0,Completed,65.6
LMS001408,STU-00564,C101,Algebra I,Math,Fall 2023,2025-09-16 06:55:48.199412,2026-02-11 08:31:14.237567,82.3,In Progress,70.4
LMS001009,STU00408,C401,World History,Social Studies,Spring 2024,2025-11-24 01:48:45.971252,2025-12-14 12:31:55.968979,51.7,In Progress,68.6
LMS000334,STU00135,C402,Government & Civics,Social Studies,Fall 2024,12-Nov-2025,,68.2,In Progress,94.3
LMS002090,STU00836,C402,Government & Civics,Social Studies  ,Spring 2024,"September 02, 2025",,60.2,In Progress  ,87.1
LMS001585,STU634,C802,French I,Languages,Fall 2023,2025-06-28 18:26:56.682870,2025-12-04 04:24:07.272815,41.8,In Progress,87.4
LMS001575,STU00628,C401,World History,,Fall 2025,2026-03-13 04:37:51.878456,2026-05-10 18:15:00.397538,75.9,In Progress,73.3
LMS000342,STU00138,C802,  French I,Languages,Fall 2024,2024-11-20 07:14:58.906827,23-Mar-2025,100.0,Completed,80.9
LMS002363,STU00944,C801,Spanish I,Languages,Fall 2024,2026-05-04 23:58:35.559729,2026-07-11 16:27:38.371650,100.0,Completed  ,95.2
LMS001693,STU00677,C301,English Literature,English,Fall 2023,2025-10-02 00:33:49.259310,2025-12-21 17:20:59.375135,78.7,In Progress,66.3
LMS000031,S0012,C301,English Literature,English,Spring 2025,2024-09-24 08:00:38.441904,2026-07-25 01:55:23.542363,91.7,In Progress,99.6
LMS001681,STU00672,C802,French I,Languages,Spring 2024,2024-08-19 23:09:48.083212,2024-09-05 18:50:40.079792,100.0,Completed,
LMS000444,STU00177,C602,  Music Theory,Arts,Fall 2023,2025-10-15 22:44:15.930627,2025-11-04 18:18:30.721453,100.0,Completed,72.0
LMS002214,STU-00886,C102,Geometry,Math,Fall 2023,13/4/2026,,100.0,Completed,79.0
LMS000187,STU00075,C802,French I,Languages,Spring 2024,23/3/2025,2026-02-16 19:10:58.431548,100.0,Completed,87.3
LMS000898,STU00361,C203,Physics,Science,Spring 2025,28/3/2025,2025-07-11 17:57:28.403799,100.0,Completed,68.6
LMS002063,STU00825,C401,World History,Social Studies,Spring 2024,2025-05-23 09:45:08.346743,2025-08-18 06:20:06.449079,63.5,In Progress,72.7
LMS001085,STU00442,C401,World History,Social Studies,Spring 2025,2024-08-13 07:18:13.371720,2024-09-12 21:18:03.863181,77.1,In Progress,93.4
LMS001548,STU00615,C101,Algebra I,Math,Fall 2024,1/9/2024,2025-03-03 04:24:55.537885,100.0,Completed,76.1
LMS000873,STU00349,C301,English Literature,English,Spring 2024,2025-02-23 10:19:39.370528,2025-04-14 02:50:27.831311,100.0,Completed,
LMS001024,STU00415,C101,Algebra I,Math,Spring 2025,45645,"August 25, 2025",100.0,Completed,92.6
LMS001351,STU00544,C202,Chemistry,Science,Fall 2024,2026-06-21 03:53:14.702977,"June 22, 2026",100.0,Completed,90.8
LMS000274,STU00112,C302,Creative Writing,English,Fall 2023,2025-11-21 23:55:49.439126,3/4/2026,100.0,Completed,78.5
LMS001939,STU00777,C502,Web  Development,Technology,Fall 2025,"June 20, 2025",2025-08-31 05:45:07.631054,72.1,In Progress,99.4
LMS000523,STU00207,C601,Visual Arts,,Fall 2025,2025-01-30 09:44:12.940801,2026-01-14 19:50:51.670426,90.2,In Progress,71.0
,STU00664,C301,English Literature,English,Spring 2024,2026-04-14 05:28:42.729970,2026-06-22 17:20:54.692823,87.7,In  Progress,84.7
LMS001090,STU00443,C501,Introduction to Programming,Technology,Fall 2023,2026-06-29 19:59:14.506889,2026-07-24 08:30:01.117765,85.6,In Progress,94.4
LMS000025,STU00011,C102,Geometry,Math,Spring 2024,2026-02-04 20:17:59.400514,2026-04-15 14:46:33.632664,73.3,In Progress,77.8
LMS001947,STU00780,C302,Creative Writing,English,Fall 2023,2025-09-28 08:09:03.666194,25/1/2026,83.5,In Progress,87.0
LMS002050,STU00820,C502,Web Development,Technology,Fall 2023,2025-11-24 20:11:27.746166,"July 28, 2026",52.3,In Progress,57.2
LMS002256,STU00902,C801,Spanish I,Languages,Fall 2023,2026-03-24 09:12:07.971854,2026-03-24 17:14:57.508033,72.3,In Progress,99.2
LMS002326,STU00930,C101,ALGEBRA I,Math,Fall 2024,2025-05-28 10:05:52.901495,15-Mar-2026,100.0,Completed,77.5
LMS001500,STU00595,C801,Spanish I,Languages,Fall 2024,2025-01-05 00:19:39.735088,2025-06-18 13:15:34.484270,78.2,In Progress,66.7
,STU00159,C203,Physics,Science,Fall 2024,2025-06-10 09:18:11.789631,2026-04-13 10:23:26.325121,,Completed,54.1
LMS000913,STU00368,C102,Geometry,Math,Spring 2025,2024-10-03 02:47:34.498574,2026-01-02 15:06:37.681109,78.9,In Progress,91.6
LMS002350,STU00938,C102,Geometry,Math,Fall 2023,2026-06-19 17:26:46.180215,2026-07-03 07:05:50.850028,100.0,Completed,81.8
LMS000305,STU00125,C701,,PE,Fall 2025,45514,2025-01-19 01:34:19.305546,45.5,In Progress,96.9
LMS000199,STU00080,C301,english literature,English,,2026-06-12 19:03:02.764729,2026-07-25 14:02:01.917232,71.8,In Progress,94.6
,STU00565,C502,Web Development,Technology,Fall 2023,2024-08-17 08:13:38.063910,2026-07-06 18:11:49.398553,100.0,Completed,64.2
LMS001914,STU00765,C701,Physical Education,PE,Spring 2025,12/15/2024,2025-02-05 02:44:52.622265,100.0,Completed,56.5
LMS000023,STU00009,C203,Physics,Science,Spring 2024,16/6/2025,2025-11-28 23:45:59.670486,82.3,In Progress,92.9
,STU00063,C203,Physics,Science,Spring 2025,2025-10-16 14:53:03.831192,2026-04-02 14:07:24.329711,100.0,Completed,74.5
LMS002188,STU00877,C602,Music Theory,Arts,Fall 2024,2026-06-30 18:30:34.887665,2026-07-22 08:38:54.458960,82.6,In Progress,82.2
LMS002316,STU00927,C202,Chemistry,Science,Fall 2025,2025-09-01 21:11:49.775601,2026-04-08 12:05:44.296024,69.3,In Progress,92.7
LMS002222,STU00890,C602,Music Theory  ,Arts,Spring 2024,"September 24, 2024","September 27, 2025",100.0,Completed,83.8
LMS000974,STU00394,C801,Spanish I,Languages,Fall 2023,2026-01-27 03:57:20.223102,05-Mar-2026,83.8,In Progress,71.2
LMS000779,STU00311,C402,Government & Civics,Social Studies,Spring 2025,2026-03-12 21:51:04.328804,2026-05-10 06:29:25.300289,100.0,Completed,88.9
LMS001164,STU00471,C203,Physics,Science,Spring 2024,,2025-10-10 14:52:04.552533,78.8,In Progress,54.8
LMS002003,STU00802,C102,Geometry,Math,Spring 2025,2024-10-03 17:23:16.381897,2025-06-26 01:30:23.679760,84.3,In Progress,96.3
LMS000087,STU00036,C202,Chemistry,Science,Fall 2025,2026-04-10 05:13:07.973208,5/30/2026,91.6,In Progress,89.0
LMS001746,STU00696,C202,Chemistry,science,Spring 2025,2026-06-09 07:11:33.104718,2026-06-30 01:46:48.701013,93.8,In Progress,55.0
LMS000770,STU00307,C301,English Literature,English,Spring 2025,2025-05-06 05:37:45.934371,2026-06-08 17:35:20.373833,92.6,In Progress  ,
LMS001379,STU-00553,C402,government & civics,Social Studies,Fall 2024,46154,2026-06-30 18:14:57.629183,41.6,In Progress,84.5
LMS000233,STU00096,C302,  Creative Writing,English,Spring 2024,2026-02-17 09:44:20.237337,7/5/2026,93.9,In Progress,71.8
LMS000277,STU00113,C501,Introduction to Programming,Technology,Fall 2023,2024-10-01 23:13:51.611569,2026-05-23 17:38:00.638354,100.0,Completed,89.4
LMS001636,STU00653,C501,Introduction to Programming,technology,Fall 2024,2025-11-02 22:38:46.006047,7/11/2025,53.0,In Progress,91.2
LMS000427,STU01210,C801,Spanish I,Languages,Spring 2025,2025-01-07 08:01:51.775568,"November 06, 2025",3.3,Dropped,
LMS001837,STU00732,C203,Physics,Science,Spring 2024,27-May-2025,2025-05-31 01:58:47.819054,87.3,In Progress,78.3
LMS000659,STU00261,C203,Physics  ,Science,Fall 2024,18-Mar-2025,2026-01-11 23:47:10.651150,87.3,In Progress,86.5
LMS001700,STU00680,C501,,Technology,Fall 2023,2025-12-13 05:19:46.212727,2026-05-06 15:42:39.831520,90.8,  In Progress,73.3
LMS000453,STU00180,C601,Visual Arts,Arts,Spring 2024,2024-12-23 15:57:25.227146,05-Feb-2025,82.6,In Progress,85.8
LMS000391,STU00157,C501,Introduction  to  Programming,  Technology,Fall 2025,2025-03-18 11:45:03.940658,2026-06-27 23:40:59.809791,100.0,Completed,63.4
LMS000864,STU00346,C501,Introduction to Programming,,Spring 2024,2026-01-05 20:37:14.573040,22/3/2026,100.0,Completed,71.4
LMS000799,STU00318,C502,  Web Development,Technology,Fall 2023,2025-10-21 16:16:31.013030,2025-10-26 04:37:44.349937,100.0,Completed,60.3
LMS001111,STU00452,C502,Web Development  ,Technology,Spring 2024,2025-06-23 06:37:39.328962,2026-05-10 07:34:01.049164,100.0,Completed,72.6
LMS001944,STU00779,C701,Physical Education,PE,Spring 2025,2025-09-20 02:14:35.767696,2026-06-24 14:00:51.534036,80.3,In Progress,92.5
LMS001343,STU00540,C601,Visual Arts,Arts,Fall 2025,19-Jul-2025,01-May-2026,76.7,In Progress,90.9
LMS002278,910,C501,Introduction to Programming,  Technology,Fall 2025,2025-04-04 21:56:04.032129,2026-01-28 09:26:18.867365,100.0,Completed,96.2
LMS000725,STU00290,C101,Algebra I,Math,Fall 2025,2025-03-05 20:05:27.425030,2026-04-06 04:39:37.650001,100.0,Completed,68.4
LMS001571,STU00626,C801,Spanish I,Languages,,11/27/2025,2026-04-23 15:25:05.519459,100.0,Completed,99.5
LMS002481,STU00991,C301,english literature,English,Spring 2025,2026-05-02 11:40:21.949631,2026-06-06 03:21:08.382264,82.1,In Progress,74.8
LMS001407,STU00563,C101,Algebra I,Math,Fall 2025,2026-07-12 01:35:53.775181,2026-07-13 21:34:33.328197,47.0,In Progress,88.8
LMS002008,STU00804,C203,Physics,Science,Fall 2025,2024-10-24 05:36:24.389369,2025-12-19 23:42:55.575869,80.0,In Progress,80.4
LMS002135,STU00855,C302,Creative Writing,English,Spring 2024,2026-07-13 22:40:59.262526,2026-07-23 17:56:40.409774,78.2,In Progress,88.2
LMS001480,STU00588,C102,Geometry,Math,Fall 2024,2025-12-30 09:39:00.638681,2026-02-09 14:26:29.812455,86.1,In Progress,72.3
LMS001251,STU00507,C201,Biology,Science,Spring 2025,2025-11-21 02:13:32.409019,01-May-2026,84.5,In Progress,58.4
LMS002229,STU00893,C302,Creative Writing,ENGLISH,Spring 2025,2026-02-05 23:58:04.686960,,82.0,In Progress,76.9
LMS001890,STU753,C801,Spanish I  ,Languages,Spring 2025,31/5/2025,2026-06-10 15:07:21.076522,81.4,In Progress,72.3
LMS000302,STU00123,C103,Algebra II,Math,Fall 2024,2025-11-19 04:01:06.863245,2025-11-27 06:59:42.792960,90.2,In Progress,72.5
LMS001804,STU00719,,Biology,Science,Spring 2025,2024-09-24 23:29:30.198766,2026-04-27 14:19:37.204115,100.0,Completed,79.4
LMS000964,STU00388,C602,Music Theory,Arts,Fall 2023,2026-05-13 12:16:43.196068,2026-06-11 19:32:38.826784,67.5,In Progress,70.7
LMS001812,STU00723,C501,Introduction to Programming,Technology,Spring 2025,2025-11-05 20:07:42.531183,2026-06-26 16:52:54.088028,90.5,In  Progress,81.1
LMS000433,S0173,C302,Creative Writing,English,Spring 2025,46056,2026-03-06 09:30:11.130379,75.6,In Progress,89.6
LMS000504,STU00201,C402,Government & Civics,Social Studies,Spring 2025,2024-07-30 19:28:08.076937,22-Sep-2024,100.0,Completed,61.2
LMS001049,STU00426,C801,Spanish I,Languages,Fall 2024,7/1/2026,2026-07-02 23:39:23.893826,100.0,Completed,68.2
LMS000951,STU00383,C301,English Literature,English,Fall 2024,2025-11-19 22:52:09.182867,2026-03-03 22:05:34.032279,87.9,In Progress,50.1
LMS001325,STU00531,C202,Chemistry,Science,Spring 2025,2026-05-11 03:09:48.773182,2026-06-16 04:59:09.064035,43.4,In Progress,73.2
LMS000870,STU00348,C201,Biology,,Fall 2023,2025-12-14 20:51:34.992330,2026-02-28 10:07:51.443338,100.0,Completed,55.2
LMS001915,STU00765,C502,Web  Development,Technology,Fall 2024,19/10/2024,2026-01-12 22:38:40.412972,71.2,In Progress,50.5
LMS002263,STU00905,C701,Physical Education,PE,Spring 2025,,2026-05-04 00:48:03.404720,60.5,In Progress,72.9
LMS000752,STU00299,C501,Introduction to Programming,Technology,Spring 2025,6/9/2025,"November 17, 2025",72.5,In Progress,98.4
LMS000239,STU00098,C602,Music Theory,Arts,Fall 2024,2025-05-25 21:50:19.834759,2025-06-27 13:27:40.063241,18.3,Dropped,
LMS002104,STU00842,C201,Biology,Science,Spring 2024,45562,2025-03-21 06:40:45.079949,80.6,In Progress  ,53.2
LMS001645,STU01341,C802,French I,Languages,Fall 2024,15-Jan-2026,12/3/2026,87.8,In Progress,60.1
LMS002441,STU00977,C202,Chemistry,SCIENCE,Spring 2025,27-Dec-2025,2026-05-04 06:01:59.333107,100.0,Completed,98.9
LMS002051,STU00820,C102,Geometry,Math,Spring 2025,2025-10-09 01:52:52.137927,2026-05-23 15:55:58.125530,100.0,Completed,66.8
LMS002377,STU00949,C103,Algebra II,Math,Fall 2025,2025-07-31 18:20:02.665894,2026-01-05 06:30:32.332982,87.0,In Progress,68.9
LMS000894,STU00360,C601,Visual Arts,Arts,Spring 2024,2026-06-25 16:43:55.336959,2026-06-29 12:06:10.236312,51.9,In Progress,79.9
LMS002437,STU00975,C801,SPANISH I,Languages,Fall 2025,2025-07-09 18:21:44.663945,2025-09-03 23:26:42.892310,100.0,Completed,53.1
LMS001149,STU00466,,French I,Languages,Fall 2024,2026-03-20 07:07:19.498322,2026-05-11 15:01:24.917335,100.0,Completed,83.8
LMS000709,S0285,C202,Chemistry,Science,Spring 2025,2025-03-12 03:19:34.066782,2026-07-19 04:16:51.730489,100.0,Completed,87.4
LMS000226,STU00093,C501,Introduction to Programming  ,Technology,Fall 2024,2025-09-27 07:16:39.991549,2026-05-04 20:46:38.480423,85.6,In Progress,91.2
LMS000623,STU00245,C202,Chemistry,Science,Fall 2023,2025-02-26 12:28:01.266436,"November 20, 2025",79.8,In Progress,58.4
LMS002282,STU00911,C201,Biology,Science,Spring 2024,2026-05-28 10:33:28.703521,"July 26, 2026",91.6,in progress,54.8
LMS001201,STU00490,C202,Chemistry,Science,Spring 2025,2024-11-06 23:09:24.292039,2025-08-07 08:19:01.169917,100.0,Completed,83.4
LMS001007,STU00408,C601,Visual Arts,Arts,Fall 2025,2025-05-16 08:29:19.522364,2026-07-17 11:58:50.221855,78.0,In Progress,75.0
LMS000435,STU00173,C501,INTRODUCTION TO PROGRAMMING,Technology,Fall 2024,2026-06-30 04:54:36.937613,2026-07-14 02:32:22.416946,100.0,Completed,92.9
LMS000631,STU00248,C201,Biology,Science,Fall 2023,45566,9/26/2025,21.7,Dropped,
LMS000055,STU00023,C203,Physics,Science,Fall 2024,2025-02-11 04:38:06.438827,2025-12-06 22:16:55.397977,93.6,In Progress,98.4
LMS000728,STU290,C802,  French I,Languages,Fall 2025,7/8/2025,,86.2,In Progress,54.2
LMS002392,STU00956,C102,Geometry,Math,Spring 2025,2026-03-03 17:56:48.320499,2026-07-08 23:34:12.041217,100.0,Completed,65.7
LMS001380,STU00554,C101,Algebra I,Math,Fall 2025,2025-08-26 22:33:25.405476,2025-09-12 07:14:24.427904,40.0,  In Progress,51.4
LMS001196,STU00487,C601,Visual Arts,Arts,Fall 2023,"April 15, 2025",2026-06-25 22:52:00.915236,66.4,In Progress  ,97.1
LMS000977,STU00395,C402,Government & Civics,Social Studies,Spring 2025,2025-09-28 05:12:15.611539,"May 30, 2026",85.5,In Progress,91.7
LMS001163,STU00471,C802,French I,Languages,Fall 2024,2025-05-30 21:45:01.349067,2025-09-09 18:34:04.694586,79.0,In Progress,66.7
LMS001423,STU00568,C501,Introduction to Programming,Technology,Spring 2024,2024-11-21 03:17:02.951122,2025-07-24 21:58:38.659962,100.0,Completed,62.9
LMS002102,STU00840,C701,Physical Education,PE,Fall 2023,2024-08-13 01:56:00.351071,2026-04-21 15:59:29.862516,66.8,In Progress,53.7
LMS001530,STU00608,C203,Physics,Science,Spring 2025,2026-01-08 18:50:01.265977,46228,88.9,In Progress,75.3
LMS000440,STU00175,C301,,English,Fall 2025,2025-03-24 14:41:42.795505,2025-08-03 11:26:08.397683,79.7,In Progress,64.8
LMS001492,STU00592,C302,Creative Writing,,Fall 2023,2024-08-28 20:44:25.248186,2025-06-02 02:56:03.612218,65.4,In Progress,89.5
LMS001619,STU00647,C602,Music Theory,Arts  ,Fall 2023,2025-10-11 15:36:14.636290,12/26/2025,72.2,In Progress,77.7
LMS000895,STU360,C501,Introduction to Programming,Technology,Spring 2024,2024-12-31 15:29:33.329492,5/20/2025,84.6,In Progress,78.9
LMS002014,STU00805,C802,French I,Languages,Fall 2023,,2026-05-17 03:19:14.233258,91.4,In Progress,69.0
LMS002169,STU00870,C402,Government & Civics,Social Studies,Fall 2023,2026-01-21 10:01:02.757969,2026-01-30 09:38:34.261567,71.3,In Progress,51.0
LMS000434,STU-00173,C103,Algebra II,Math,Spring 2025,2025-02-16 13:25:13.128513,2025-04-30 09:48:23.852791,100.0,Completed,
LMS001326,STU00532,C302,Creative Writing,English,Spring 2024,2026-07-16 14:17:37.546588,2026-07-24 16:07:59.023461,71.2,In Progress,64.7
LMS001280,STU00517,C602,Music Theory,Arts,Fall 2024,2025-10-28 09:04:36.600058,2026-06-17 18:23:18.309186,76.4,In Progress,67.9
LMS000465,STU00184,C202,Chemistry,Science,Spring 2024,2025-12-27 01:13:56.627496,2026-05-31 06:52:05.150135,82.7,In Progress,51.0
LMS001250,507,C802,French I,  Languages,Fall 2023,2025-04-02 04:15:49.331762,2025-09-15 07:41:06.136775,75.4,In Progress,68.1
LMS002021,STU00808,C701,Physical Education,PE,Fall 2024,45712,2025-05-23 00:22:22.788972,90.7,In Progress,95.4
LMS002493,STU01429,C201,Biology,Science,Fall 2024,2026-02-27 07:46:30.375105,2026-06-01 13:05:51.856562,87.8,In Progress,61.4
LMS001216,495,C502,Web Development,Technology,Spring 2024,45669,2025-04-10 11:19:41.501441,83.3,In Progress,86.9
LMS001725,STU00688,C802,French I,Languages,Fall 2024,2025-10-11 18:23:57.902326,2026-07-01 22:02:32.388128,91.1,In Progress  ,98.4
LMS001495,STU00594,C601,Visual Arts,Arts,Fall 2024,2024-11-03 02:44:44.453862,11-Jun-2025,86.9,In Progress,90.5
LMS001709,STU00683,C102,Geometry,Math,Spring 2024,2026-03-27 21:44:17.252456,2026-05-07 08:57:42.001193,81.2,In Progress,
LMS000112,STU00047,C602,Music Theory,Arts,Fall 2025,2026-04-29 09:21:23.845869,2026-05-18 17:13:32.885977,100.0,Completed,64.4
LMS000975,STU00395,C401,World History,Social Studies,Fall 2024,2026-03-15 20:37:30.157386,2026-06-04 05:44:32.009720,100.0,Completed,87.0
LMS000217,STU00088,C103,Algebra II,Math,Spring 2024,2025-10-22 18:08:55.780574,2026-06-16 15:24:59.899148,53.6,In Progress,73.9
LMS002393,S0957,C402,Government & Civics,Social Studies,Fall 2025,,2025-09-09 22:37:10.314991,93.9,In Progress,66.6
LMS001939,STU01284,C502,Web Development,Technology,Fall 2025,2025-06-20 13:03:48.352515,2025-08-31 05:45:07.631054,72.1,In Progress,99.4
LMS001402,STU00562,C101,Algebra I,Math,Fall 2025,2025-08-16 21:00:22.191486,25-Feb-2026,100.0,Completed,68.7
LMS002409,STU00963,C502,Web Development,TECHNOLOGY,Spring 2025,45675,2025-08-05 19:44:05.867569,85.9,In Progress,50.3
LMS002328,STU00930,C102,Geometry,Math  ,Fall 2024,3/6/2026,10/3/2026,100.0,Completed,72.9
LMS000499,STU00198,C302,Creative Writing,English,Fall 2023,2025-12-24 00:06:50.452562,2026-07-02 11:08:25.761575,100.0,Completed,58.3
LMS001434,STU00572,C602,Music Theory,Arts,Spring 2025,2025-07-12 17:17:39.651729,2025-12-05 23:03:35.295054,100.0,,62.8
LMS000766,STU00306,C302,Creative Writing,,Fall 2023,2024-09-18 06:43:48.048586,2026-04-06 20:14:02.701664,85.9,In Progress,62.4
LMS001229,STU00499,C501,Introduction to Programming,Technology,Fall 2024,2026-01-01 12:24:52.713654,2026-05-22 04:40:33.647602,32.1,Dropped,
LMS000210,STU00086,C301,English Literature,English,Fall 2023,2025-11-15 20:04:05.144266,2026-05-21 05:55:37.541067,75.8,In Progress,67.9
LMS001811,STU00723,C502,Web Development,Technology,Fall 2024,2024-12-30 10:54:39.788017,2026-06-23 21:25:38.111693,75.1,In Progress,68.4
LMS002020,STU00808,C201,Biology,Science,Spring 2024,2024-10-08 18:53:16.901137,2026-03-12 19:43:56.639372,100.0,completed,51.8
LMS001978,STU00791,C102,Geometry,Math,Spring 2024,2026-03-27 04:51:04.010350,2026-07-07 15:14:31.085137,100.0,Completed,87.0
LMS000990,STU00402,C101,Algebra I,Math,Fall 2024,28-Nov-2024,20/3/2026,38.2,Dropped,
LMS002087,833,C501,Introduction to Programming,Technology,Fall 2025,2025-10-09 19:15:38.821727,11-Jun-2026,100.0,Completed,96.2
,STU00657,C502,Web Development,Technology,Fall 2023,2025-07-24 06:47:17.993333,2026-05-08 19:43:14.197368,83.0,In Progress,67.4
LMS002076,STU00830,,  Visual Arts,Arts,Spring 2025,,2026-04-15 08:45:13.859873,41.6,In Progress,55.3
LMS000198,STU00080,C201,Biology,Science,Spring 2024,2025-10-24 01:09:02.096434,2025-11-27 17:36:43.578055,72.6,In Progress,80.4
,STU-00373,C203,Physics,Science  ,,2025-03-16 23:03:12.714793,11/7/2025,93.5,In Progress,68.8
LMS001006,STU00407,C501,,Technology,Fall 2025,2026-05-22 14:56:12.241045,2026-05-28 16:48:13.674941,94.7,In Progress,73.6
LMS001901,STU00758,C201,Biology,Science,Fall 2025,2025-12-13 22:17:34.371917,46022,75.7,In Progress,98.1
LMS002309,STU00924,C701,Physical Education,PE,Fall 2025,2024-09-05 06:07:03.334257,2024-10-18 15:12:18.585826,80.3,In Progress,98.8
LMS000417,S0166,C201,Biology,Science,Spring 2025,2024-12-28 11:20:12.271317,27-Jul-2026,,Completed,96.1
LMS000826,STU00333,C102,Geometry,Math,Fall 2023,2026-02-18 21:56:06.557636,2026-04-03 02:57:50.866409,4.5,Dropped,
LMS000804,stu00320,C802,French I,Languages,Fall 2023,2025-10-21 08:59:22.611283,2025-12-19 12:30:46.057066,,Completed,92.0
LMS001776,STU00709,C302,Creative Writing,,Fall 2025,2024-09-27 23:28:17.260277,2026-04-19 14:52:18.329118,100.0,Completed,98.6
LMS000338,STU00137,C101,Algebra I,math,Fall 2024,2024-10-22 05:15:01.447321,2025-02-05 10:26:03.499103,73.7,,81.8
LMS000475,STU00190,C802,French I,Languages,Spring 2025,45872,2026-07-21 21:12:43.322525,88.1,In Progress,74.8
LMS001422,STU00568,C201,Biology,Science,Fall 2025,2026-02-03 18:50:37.501447,2026-03-04 05:58:22.966346,40.4,In Progress,93.1
LMS001703,STU00681,C402,Government & Civics,Social Studies,Fall 2024,2024-10-04 15:34:33.702692,2025-02-20 09:51:18.650547,100.0,Completed,81.8
,S0107,C802,French I,Languages,Spring 2025,2025-05-14 19:56:06.522242,2026-02-23 00:03:12.727228,,Dropped,
LMS001267,STU00512,C401,World History,Social Studies,Fall 2024,2025-04-30 08:26:42.086036,2026-02-12 23:00:21.641924,100.0,Completed,79.9
LMS002260,STU00904,C602,Music Theory,Arts,Fall 2024,2026-05-28 04:25:30.629384,2026-06-10 23:51:27.244232,61.8,In Progress,57.5
LMS001459,STU00580,C101,Algebra I,Math,Fall 2025,,2026-04-29 21:40:52.340815,31.6,Dropped,
LMS002286,STU00913,C101,Algebra I,Math,Spring 2025,2025-04-29 01:34:19.290522,2025-10-03 04:44:55.787870,100.0,,74.8
LMS001666,STU00665,C501,Introduction to Programming,Technology,Spring 2024,17-Jun-2026,2026-07-13 08:39:47.395745,0.5,Dropped,
LMS000376,STU00149,C602,Music Theory,Arts,Fall 2024,2025-04-11 22:06:05.137492,7/25/2026,37.1,Dropped,
LMS002453,STU00981,C102,Geometry,Math,Spring 2025,45696,2025-09-13 22:10:24.059881,83.3,In Progress,92.5
LMS002255,STU00902,C502,Web Development,Technology,Fall 2025,6/25/2025,6/4/2026,100.0,,66.3
LMS001036,STU00421,C102,Geometry,Math,Spring 2025,06-Mar-2025,2025-10-28 13:11:08.683211,82.2,In Progress,68.0
LMS002488,stu00994,C801,Spanish I,Languages,Fall 2024,2025-02-08 02:27:40.348338,2026-03-15 07:06:47.720970,65.0,  In Progress,59.9
LMS000050,STU00021,C701,Physical Education,PE,Fall 2025,46226,2026-07-26 12:22:37.747494,44.8,,73.4
LMS000161,STU00066,C701,Physical Education,PE,Fall 2023,06-Sep-2025,,88.0,In Progress,70.4
LMS002124,STU00850,C501,Introduction to Programming,Technology,Spring 2024,2025-03-29 15:06:09.216689,2025-10-14 06:04:06.035575,74.6,In Progress  ,74.9
LMS001377,STU00553,C102,Geometry,Math,Spring 2024,,2025-05-28 07:55:39.761469,100.0,Completed,55.3
LMS002484,S0992,C601,Visual Arts,Arts,Fall 2025,11/2/2025,2026-05-25 22:36:37.517043,78.0,In Progress,77.3
LMS002491,STU00995,C802,French I,Languages,Fall 2025,2025-10-30 09:24:58.571902,2026-05-21 09:54:45.419173,,  Completed,68.8
LMS000411,STU00163,C501,Introduction to Programming,Technology,Fall 2025,"October 09, 2024",2025-02-08 01:21:41.082866,77.5,In Progress,90.7
LMS001556,STU00619,C502,Web Development,Technology,Spring 2024,4/11/2026,2026-07-13 20:09:26.780824,100.0,Completed,59.5
LMS000530,STU00209,C802,French I,Languages,Fall 2023,46066,"April 18, 2026",100.0,Completed,76.8
LMS000244,STU00101,C802,French I,Languages,Spring 2025,2025-07-15 21:13:49.943457,2025-10-14 01:09:20.502863,90.7,In Progress,86.4
LMS000566,STU00222,,Visual Arts,Arts,Spring 2024,3/2/2025,2026-06-25 19:34:30.538377,69.1,In Progress,54.7
LMS001738,STU00693,C801,Spanish I,languages,Spring 2024,2025-04-27 10:20:11.705966,2025-11-06 18:30:43.574593,94.8,In Progress,87.9
LMS002173,STU00873,C601,,Arts,Fall 2023,"May 06, 2026",2026-05-20 12:44:01.569845,66.9,In Progress,64.1
LMS001215,STU00495,C301,English Literature,English,Spring 2024,2026-07-07 06:04:25.911131,2026-07-09 19:16:22.738242,100.0,Completed,73.9
LMS001508,STU00598,C801,Spanish I,Languages,Fall 2025,2025-05-06 18:30:31.823432,2025-09-10 16:57:30.903094,100.0,Completed,70.9
LMS001719,STU00686,C202,Chemistry,Science,Fall 2025,2025-12-15 05:56:43.441603,2026-04-12 01:59:44.943502,78.0,In Progress,51.7
,stu00660,C601,Visual Arts,Arts,Fall 2024,2025-07-22 21:58:52.596062,2025-10-08 01:27:21.146566,90.7,In Progress,99.5
LMS001352,S0544,C701,Physical Education,PE  ,Fall 2025,2026-05-07 13:53:08.507448,2026-07-01 19:38:51.776953,100.0,  Completed,51.0
LMS001649,STU00658,C501,Introduction to Programming,,Fall 2024,15/2/2025,2025-09-09 17:27:22.922358,100.0,,69.4
LMS001511,STU00599,C401,World History,Social Studies,Spring 2025,2026-06-16 05:46:33.123190,26-Jul-2026,100.0,Completed,60.2
LMS002280,STU00911,C802,French I,Languages,Fall 2023,2025-08-13 12:20:49.509748,2026-04-16 17:19:01.122900,91.8,In Progress,90.3
LMS002196,STU00881,C301,English Literature,English,Fall 2024,2026-01-29 21:19:17.988484,2026-06-16 10:03:30.616577,,In Progress,
LMS000828,S0333,C602,Music Theory,Arts  ,Fall 2023,2026-04-28 00:02:19.968653,2026-06-03 11:06:46.987933,89.2,In Progress,91.3
LMS000741,STU00295,C402,Government & Civics,Social Studies,Fall 2025,2024-10-12 03:13:37.265183,2025-06-26 13:17:12.643321,61.7,In Progress,63.6
LMS001810,STU723,C201,Biology,Science,Fall 2025,2025-09-06 05:01:06.310644,17-Sep-2025,100.0,Completed,53.1
LMS002194,STU00880,C201,Biology,Science  ,Spring 2025,2025-10-06 18:12:31.389216,2026-01-18 01:36:00.348076,34.6,Dropped,
LMS000724,STU00289,C602,Music Theory,Arts,Fall 2023,2024-11-08 15:31:02.986315,2025-12-13 23:08:03.906961,85.4,In Progress,77.8
LMS002082,STU00831,C601,Visual Arts,Arts,Fall 2023,2026-07-17 17:14:55.594770,2026-07-22 19:08:16.412033,93.2,In Progress,87.9
LMS000043,stu00019,C401,World History,Social Studies,Fall 2023,2026-06-24 11:20:44.275476,7/2/2026,53.9,In Progress,94.9
LMS002277,STU00910,C201,Biology,Science,Spring 2025,2025-07-20 00:04:29.484721,46082,100.0,Completed,57.6
LMS000138,STU56,C302,Creative Writing,English,Spring 2025,2024-10-28 17:24:44.149095,2025-07-28 12:56:22.098040,100.0,Completed,57.0
LMS001570,STU00625,C202,CHEMISTRY,science,Fall 2023,2024-10-26 23:40:02.473545,2025-05-12 04:03:07.679415,42.2,In Progress,95.5
LMS000715,STU00287,C502,WEB DEVELOPMENT,Technology,Fall 2024,2026-07-12 01:47:21.360549,2026-07-24 22:51:16.393960,87.4,In Progress,70.8
LMS000841,STU00337,C501,Introduction to Programming,Technology,Fall 2024,2024-11-02 17:19:38.127223,2026-01-12 01:40:53.089575,43.4,In Progress,78.8
LMS001802,STU00718,C402,Government & Civics,Social  Studies,Fall 2023,2025-02-26 03:23:06.231423,2026-05-11 23:05:13.521724,62.4,In Progress,83.7
LMS001018,STU00412,C802,French I,Languages,Fall 2024,,2025-03-18 13:41:02.148813,85.2,In Progress,71.9
LMS000831,STU-00334,C601,Visual Arts,Arts,Fall 2023,2025-03-04 11:25:40.580654,2026-03-25 04:02:57.440294,100.0,,52.7
LMS002377,STU00949,C103,Algebra II,Math,Fall 2025,2025-07-31 18:20:02.665894,2026-01-05 06:30:32.332982,87.0,In Progress,68.9
LMS000072,STU00030,C302,Creative Writing,English,Fall 2024,8/5/2025,2025-11-30 11:17:17.075573,100.0,completed,80.0
LMS001197,STU00487,C203,Physics,Science,Spring 2024,2026-04-08 12:16:26.726007,2026-05-14 04:55:55.642289,90.5,In Progress,88.0
LMS000132,STU00054,C301,English Literature,,Spring 2024,"May 15, 2026",2026-06-24 19:47:29.689645,81.5,In Progress,77.6
LMS001227,STU00498,C101,Algebra I,Math,Spring 2024,2025-06-07 03:27:28.152424,2025-11-10 22:44:27.852117,47.7,IN PROGRESS,76.8
LMS002293,STU00917,C402,Government & Civics,Social Studies,Spring 2024,2024-12-18 01:25:10.499058,10/26/2025,89.6,In Progress,67.2
LMS001310,STU526,C601,Visual Arts,Arts,Fall 2023,2026-07-06 21:37:37.583285,15/7/2026,100.0,completed,90.2
LMS000652,STU00257,C501,Introduction to Programming,Technology,Fall 2025,18/6/2025,05-Jan-2026,81.4,In Progress,65.2
LMS001612,STU00644,C501,Introduction to Programming,Technology,Spring 2024,2026-06-21 01:22:30.741058,46207,100.0,Completed,66.7
LMS000810,STU00322,C601,Visual Arts,Arts,Fall 2024,2025-09-02 06:56:34.294015,2025-11-22 08:05:54.629172,88.2,In Progress,62.1
LMS002407,STU00962,C601,Visual Arts,  Arts,Spring 2024,2024-08-31 17:31:25.139740,2025-05-10 07:29:02.505324,25.3,Dropped,
LMS000698,STU00279,,French I,Languages,Fall 2025,2025-01-16 07:30:55.412050,"March 13, 2025",2.5,Dropped,
LMS002495,STU00997,C102,Geometry,Math,Spring 2024,2024-11-16 16:56:57.568721,2025-10-11 00:11:21.584521,83.2,In Progress,87.6
LMS001905,STU00761,C101,Algebra I,,Fall 2025,04-Oct-2025,2026-04-18 19:54:24.147554,43.7,In Progress,62.8
LMS002454,STU-00982,C602,Music Theory,  Arts,Spring 2024,2026-02-22 19:27:57.293244,2026-03-05 23:56:46.588466,88.5,In Progress,84.7
LMS000190,STU00077,C203,Physics,Science,,1/3/2025,2025-03-07 12:07:34.638916,70.5,In Progress,72.3
LMS000448,STU00179,C203,Physics,Science,Fall 2023,23-Jan-2025,2026-01-29 09:46:19.558709,69.0,In Progress,60.1
LMS000409,STU163,C101,algebra i,Math,Fall 2025,2024-09-30 14:57:29.776572,2025-03-26 06:27:09.063197,86.4,In Progress,53.3
LMS001053,STU00427,C302,Creative Writing,English,Fall 2025,2026-07-27 09:34:56.031745,2026-07-27 13:16:31.456759,60.6,In Progress,96.4
LMS000250,STU00104,C501,Introduction to Programming  ,Technology,Fall 2025,2025-08-03 13:22:30.500946,05-Dec-2025,87.6,In  Progress,95.0
LMS000392,STU00157,C801,Spanish I,Languages,Fall 2023,2026-05-29 08:04:19.816937,3/7/2026,94.3,In Progress,83.2
LMS002417,STU00967,C402,Government & Civics,Social Studies,Fall 2024,2025-10-28 16:26:48.042988,2026-05-20 15:58:33.444845,100.0,Completed,90.1
LMS002161,STU00867,C203,Physics,Science,Spring 2025,2025-12-06 13:21:26.291379,2026-01-24 22:40:22.796217,100.0,Completed,65.7
,STU00213,C101,Algebra I,,Spring 2025,2025-05-14 23:53:21.045002,05-Oct-2025,48.5,In Progress,92.6
LMS000254,STU00105,C602,,Arts,Spring 2025,2025-02-10 23:16:22.232805,2026-04-13 05:57:55.052405,66.0,In Progress,75.6
LMS002330,STU00931,C102,,Math,Spring 2025,2026-01-25 09:11:10.264354,46228,100.0,Completed,80.3
LMS001105,STU00450,C402,,Social  Studies,Spring 2024,2024-08-06 10:46:52.113579,2025-02-22 15:28:21.725267,100.0,Completed,92.6
LMS002108,STU00844,C302,Creative Writing,English,Fall 2024,46195,"July 18, 2026",89.7,In Progress,87.8
LMS002211,STU00885,,World History,Social Studies,Spring 2025,2025-12-09 03:20:22.493611,2026-07-08 18:18:34.837880,90.9,In Progress,58.7
LMS001475,STU00586,C601,Visual Arts,Arts,Fall 2025,2025-02-22 21:26:58.744347,7/11/2025,100.0,Completed,85.4
LMS000474,STU-00189,C401,World History,Social Studies,Fall 2024,,2/4/2026,75.7,IN PROGRESS,53.8
LMS001500,STU00595,C801,Spanish I  ,Languages,Fall 2024,5/1/2025,2025-06-18 13:15:34.484270,78.2,In Progress,66.7
LMS000170,STU00069,C602,Music  Theory,Arts  ,Fall 2023,2026-07-10 19:29:01.005676,2026-07-21 07:12:57.715132,100.0,Completed  ,89.0
LMS002097,STU-00839,C602,Music Theory,Arts,Fall 2023,2025-08-09 00:11:00.567248,2026-01-09 05:05:37.380503,100.0,Completed,96.5
LMS000891,stu00359,C302,  Creative Writing,English,Fall 2025,2024-12-27 13:17:33.405398,2025-11-25 06:26:55.594255,84.8,In Progress,84.6
LMS001396,STU00559,C102,Geometry,Math,Fall 2025,2025-06-19 15:06:08.852239,2026-01-02 05:51:53.623280,100.0,Completed,68.0
LMS001955,STU00783,C302,CREATIVE WRITING,English,Fall 2024,2024-12-16 21:13:41.011408,2026-06-11 18:39:30.671378,77.2,In Progress,81.7
LMS001371,551,C301,English Literature  ,English,Spring 2025,45691,2025-08-22 06:02:13.313640,87.9,In  Progress,
LMS000471,STU00187,C302,CREATIVE WRITING,English,Spring 2025,2025-09-16 14:22:15.602886,2025-09-17 08:39:06.651362,89.2,In Progress,77.1
LMS001476,STU00586,C202,CHEMISTRY,Science,Fall 2023,9/8/2024,2026-01-03 14:36:52.231461,100.0,Completed  ,69.9
LMS000754,STU00300,C401,World History,Social Studies,Spring 2025,2025-03-03 21:25:16.108220,"April 14, 2026",83.7,In Progress,73.7
LMS000637,STU00250,C103,Algebra II,Math,Spring 2024,2026-06-05 14:30:48.405109,18/6/2026,89.1,In Progress,69.8
LMS000427,STU00170,C801,Spanish I,Languages,Spring 2025,2025-01-07 08:01:51.775568,"November 06, 2025",3.3,Dropped,
LMS002369,STU00946,C401,World History,Social Studies,Spring 2025,,2024-12-15 08:51:05.672415,92.9,In Progress,86.6
LMS001871,STU00744,C301,English Literature,English  ,Spring 2024,2025-08-29 03:19:00.738787,46211,94.5,In Progress,74.5
LMS001226,STU00498,C502,Web Development,Technology,Spring 2024,46018,2026-05-14 10:07:03.008543,79.3,In Progress,99.6
LMS000389,STU00156,C302,Creative Writing,English,Fall 2023,,2026-03-13 10:23:26.589590,58.4,In Progress,80.2
LMS002067,STU00827,C502,Web Development,Technology,Fall 2024,2024-10-10 17:20:20.944982,2026-06-30 03:52:18.598541,80.3,In Progress,76.2
LMS001452,STU00578,C502,Web Development,Technology,Fall 2024,46055,2026-03-26 05:56:41.136333,61.7,In Progress,51.8
LMS001368,STU00550,C103,Algebra II,Math,Spring 2024,2025-04-24 10:48:19.469180,2025-11-03 06:31:07.900450,77.3,In Progress,79.4
LMS000069,STU00029,C801,Spanish I,Languages,Fall 2024,2026-04-10 09:41:28.826959,2026-07-15 12:14:35.303787,71.1,In Progress,91.4
LMS001364,STU00549,C101,Algebra I,Math,Fall 2025,2025-03-29 22:53:39.430040,2026-02-21 15:00:24.318430,51.8,In Progress,69.4
LMS000249,STU00104,C801,Spanish I,Languages,Fall 2024,2024-09-19 10:14:30.154439,2026-03-11 09:39:32.992498,88.7,In Progress,58.9
,STU00636,C401,World History,Social Studies,Spring 2025,2026-06-21 11:50:48.551084,2026-07-27 22:07:34.294891,88.8,In Progress,88.2
LMS002073,STU00828,C802,French I,Languages,Fall 2024,2024-12-03 19:51:13.741949,,0.7,Dropped,
LMS001520,STU00604,C601,Visual Arts,Arts,Spring 2024,2026-05-02 01:46:31.157191,2026-06-29 23:35:55.719854,83.2,In Progress,60.9
LMS002332,STU00932,C302,Creative Writing,English,Fall 2024,2024-08-09 10:37:56.172730,2026-05-14 01:19:46.727549,65.2,In Progress,86.7
LMS000081,STU00034,C301,English Literature,English,Spring 2024,2025-06-24 15:46:13.438264,2025-12-01 23:01:07.243993,100.0,Completed,79.5
LMS001790,STU00714,C101,Algebra I,Math,Spring 2024,2025-08-03 19:30:49.576249,2026-06-01 14:42:55.671898,100.0,Completed,68.7
LMS002411,STU00964,C501,introduction to programming,Technology,Fall 2023,2025-07-09 05:53:02.403304,2026-03-11 21:26:49.019865,26.1,Dropped,
LMS000463,STU00184,C301,English Literature,English,Spring 2024,2025-02-22 23:03:37.319074,46089,57.0,In Progress,90.9
LMS001424,STU00569,C602,Music Theory,Arts,Spring 2025,2024-11-08 13:48:37.929586,2025-08-28 23:08:43.246405,64.9,In Progress,97.5
LMS000782,STU-00311,C302,Creative Writing,English,,2026-01-09 03:54:56.237898,2026-05-06 06:38:06.716500,68.7,In Progress,76.8
LMS000730,STU00292,C102,Geometry,Math,Fall 2024,2025-01-13 05:28:40.892828,2026-03-22 11:12:03.398928,45.3,In Progress,83.3
LMS002095,STU00839,C301,English Literature,English,,20-Feb-2025,2026-03-09 02:33:32.713947,25.3,Dropped,
LMS002168,STU00869,C701,Physical Education,PE,Spring 2024,2024-09-30 16:16:28.744069,2026-01-18 23:32:20.446347,100.0,Completed,93.2
LMS002442,STU00978,C602,Music Theory,Arts,Fall 2023,11/20/2024,2025-09-25 19:42:01.748119,80.6,In Progress,82.0
LMS001938,STU00776,C502,Web Development,Technology,Spring 2025,,,100.0,Completed,76.3
LMS002175,STU00874,C501,Introduction to Programming,Technology,Fall 2023,2025-01-22 19:08:56.477276,2025-08-27 05:13:39.948606,89.8,In Progress,58.8
LMS000855,STU00343,C401,World History,Social Studies,Fall 2024,2025-09-01 11:58:17.182723,2026-03-01 11:53:50.207731,80.3,In Progress,50.4
LMS000470,STU00186,C102,Geometry,Math,Fall 2023,2025-06-24 01:25:15.753276,2025-08-18 01:03:04.287869,87.0,In Progress,63.8
LMS002005,STU00802,C103,Algebra II,Math,Fall 2025,2025-01-01 11:02:49.320680,2025-12-23 14:23:42.456311,75.6,In Progress,60.6
LMS002149,STU00862,C401,World History,Social Studies,Spring 2025,2024-11-08 01:06:57.183244,10/18/2025,74.1,In Progress,74.3
LMS002187,STU00877,C502,Web Development,Technology,Fall 2025,2026-04-30 07:39:45.108459,2026-07-16 16:04:04.938738,100.0,Completed,57.7
LMS000381,STU00151,C201,Biology,Science,Spring 2024,2026-06-22 14:35:18.066580,2026-07-07 17:09:16.815526,87.8,In Progress,56.1
LMS000950,STU00382,C501,Introduction to Programming,Technology,Fall 2025,2026-05-08 12:44:19.377714,2026-06-21 15:58:45.450222,89.7,In Progress,65.7
,STU00698,C801,Spanish I,Languages,Spring 2024,2025-12-30 03:10:17.114721,2026-05-30 16:34:42.498444,100.0,Completed,70.3
LMS002396,STU00957,C601,VISUAL ARTS,Arts,Spring 2025,2026-05-18 02:57:41.221933,2026-05-23 19:01:24.716914,58.5,In Progress,73.2
LMS002446,STU00979,C102,Geometry,,Fall 2025,2025-12-25 08:48:58.068450,2026-02-25 22:38:46.849343,70.3,In Progress,74.0
LMS001370,STU00550,,Algebra I,Math,Spring 2025,2024-10-18 21:38:23.444408,2025-02-17 11:35:12.503139,74.6,In Progress,65.9
LMS001106,STU00450,C203,Physics,Science,Fall 2025,2025-03-23 12:09:38.935644,2025-06-08 00:05:26.060589,88.5,In Progress,55.2
LMS001653,STU00659,C401,World  History,Social Studies,Spring 2024,2026-01-05 00:53:57.208244,,100.0,Completed,72.6
LMS000153,STU00062,C701,Physical Education,PE,Fall 2025,2024-12-12 23:51:08.827115,2025-07-05 04:41:51.568963,100.0,Completed,95.5
LMS002190,STU00878,C801,Spanish I,Languages,Fall 2023,2025-09-08 02:58:12.926555,,48.2,,55.0
LMS001514,STU00601,C101,Algebra I,Math,Spring 2024,16/2/2026,2026-03-11 14:14:28.904336,43.0,In Progress,59.7
LMS002347,STU00937,C802,French I,Languages  ,Fall 2023,2024-07-30 15:56:07.036766,2025-04-07 21:24:57.269897,79.3,In Progress,77.7
LMS001146,STU00464,C301,English Literature,English,Spring 2024,2026-03-21 16:13:23.314967,2026-06-09 12:00:49.248597,100.0,Completed,61.3
LMS002088,STU00834,C601,,Arts,Fall 2025,2025-07-06 09:22:14.047570,2025-11-10 08:27:41.115423,94.3,In Progress,97.9
LMS000388,STU00155,C601,Visual Arts,Arts,Spring 2025,,23/5/2025,83.3,In Progress,89.0
