student_id,first_name,last_name,gender,date_of_birth,grade_level,enrollment_date,enrollment_status,withdrawal_date,guardian_name,guardian_email,guardian_phone
STU00175,Katherine,Underwood,Female,2013-07-05,Grade 6,2020-12-31,Active,,David Gonzalez,conradphilip@example.com,451.960.9177
STU00822,William,Davies,Male,2014-09-12,Grade 7,2023-06-21,Suspended,,,louisperez@example.net,762-980-5507x7406
STU00522,Kenneth,Castaneda,Male,2012-05-29,Grade 9,2025-03-20,Withdrawn,"February 22, 2026",Nancy Gilbert,aclark@example.org,319.222.2705
STU00960,Reginald,Nichols,Male,2011-06-14,Grade 9,2023-06-17,Active,,Amanda Johns,yoderadam@example.com,+1-408-655-7800
STU00192,John,Gibson  ,Male,2007-12-10,Grade 9,44148,Active,,Mrs. Michele Boyd,mary49@example.net,001-826-565-9184
STU00237,Larry,Salazar,Male,2012-05-04,Grade 9,2020-09-07,Active,,Alexander Miller,manderson@example.com,001-252-667-7223x306
STU00438,Matthew,Sullivan,Male,2010-08-12,Grade 12,2021-01-10,Active,,Jacob Coleman,daniel15@example.net,001-550-234-2811x39043
STU00619,Casey,Gonzalez,Female,2008-09-20,Grade 9,2022-12-10,Active,,Valerie Graves,lopezmelinda@example.org,(869)649-6843
STU00789,Susan,Ward,Female,2015-03-21,Grade 7,2023-07-20,Active,,Kathleen Baker,pattersondebra@example.org,
STU00276,Lisa,Miller,Female,,Grade 7,2023-08-25,Active,,Jason Grant,,+1-958-983-7340x312
STU00924,Kelly,Gray,Female,2009-08-10,Grade 8,2021-09-10,Active,,Michael Gutierrez,barrycindy@example.net,553.258.4640x510
STU00952,Matthew,Lane,Male,2012-09-06,Grade 6,2021-01-24,Active,,Andrew Proctor,drakekevin@example.net,442.323.5434x0466
STU00546,Laura,White,Female,2008-11-03,Grade 7,2020-11-05,Active,,Morgan Morales,nbell@example.com,+1-945-951-5888x636
STU00351,Amanda,Hess,Female,2015-04-05,Grade 9,2021-05-12,Active,,Marissa Jackson,mahoneytimothy@example.net,665-339-8402x891
STU00566,Kenneth,Smith  ,Male,2014-03-13,Grade 9,2021-12-03,WITHDRAWN,2024-04-12,Danny Simmons,melissa95@example.net,239.259.2323x421
STU00545,Paul,Hayes  ,Male,2011-04-23,Grade 7,2024-09-29,Active,,Kevin Weber,wperry@example.org,001-548-373-6826x91163
STU00373,carolyn,Leonard,Female,39810,Grade 12,2023-09-29,Active,,Lindsey Johnson,chadmccarty@example.com,234.481.7058
STU00504,Jamie,Gonzales,Female,2011-08-22,Grade 9,10/25/2021,Active,,Theresa Davis,trevor09@example.net,698.764.5652x20368
STU00752,Christopher,Taylor,Male,2010-03-20,Grade 10,2020-03-03,Active,,Rhonda Patterson,sosamichelle@example.net,767.887.4422x75854
STU00721,Kevin,Cook,Male,2010-11-21,Grade 10,2022-10-11,Active,,Sara Warren,sancheznicholas@example.com,+1-774-449-1609x3659
STU00492,Amanda,Young,Female,03-Feb-2011,Grade 12,10/27/2022,Active,,Tiffany Smith,nelsonbrianna@example.com,904-296-7066
STU00692,Erin,Joseph,Female,2014-07-11,Grade 11,2023-09-20,Active,,Lindsey York,daniel45@example.com,629-339-1304
STU00377,  Billy,Garcia,Male,2013-09-13,Grade 12,2024-08-21,Withdrawn,2025-03-02,Jerry King,murraycharles@example.net,+1-976-956-3600x41257
STU00886,Daniel,Hernandez,Male,2010-02-10,Grade 9,2021-01-23,Active,,Meredith  Morales,qsanchez@example.net,(362)794-2066
STU00976,Sydney,Smith,Female,"May 07, 2009",Grade 11,44113,Active,,Natalie Avila,jordan25@example.net,001-498-351-9393x2727
STU00832,David,Hernandez,Male,2014-10-17,Grade 6,,Active,,James Robinson,christinasmith@example.net,875-698-8759x21299
STU00544,,Wallace,Female,2011-04-07,Grade 9,2024-05-03,Active,,Christine Wolfe,cscott@example.net,001-617-685-1385
STU00761,Colleen,Morton,Female,2009-11-20,,44937,Active,,Laura Green,becky79@example.net,
STU00329,Bradley,Mcdowell,Male,2009-12-13,Grade 12,03-Feb-2023,Active,,Jordan Santiago,matthew23@example.org,394-216-8006
STU00165,Mark,Wright,Male,2013-02-12,Grade 6,2022-04-15,Active,,Carl Reyes,gary04@example.com,889.285.6257x532
STU00770,CHARLES,Lee,Male,2015-01-19,Grade 7,2021-02-08,Active,,Kimberly Hughes,jasonjohnson@example.org,001-920-627-0615x9273
STU00360,Matthew,Lowe,Male,2007-10-11,Grade 8,2023-01-17,Active,,Leah Rodriguez,larsoncarlos@example.org,001-428-545-6797
STU00387,Peter,Dorsey,Male,2012-05-01,Grade 9,15/9/2024,Active,,Nicholas Scott,storres@example.com,+1-597-215-2732
STU00696,  April,Wilson,Female,18-Apr-2012,Grade 8,2023-03-15,Active,,Melissa Ray,coffeyjohn@example.net,3332016234
STU00468,Andrea,Garcia,Female,2009-05-19,Grade 12,,active,,Michelle Myers,robinsonmadison@example.net,973-623-5494x012
STU00502,Stephanie,Walter,Female,39336,Grade 8,11/16/2024,Active,,Dennis Spencer,inewton@example.org,(602)312-8866x52683
STU00298,,Turner,,2007-08-27,Grade 12,2020-11-11,Withdrawn,2025-01-02,Caleb Guzman,jackbell@example.org,(349)355-2893
STU00288,Laura,Alexander,Female,2010-07-12,Grade 6,2021-01-01,Active,,Michael Wade,earl78@example.org,+1-441-206-7275
STU00963,Craig,Williams,Male,2015-02-05,Grade 12,2025-02-03,Active,,Kelly Scott,julianlewis@example.net,001-519-283-9248x481
STU00481,Terry,Kelly,Male,2008-09-07,Grade 11,2020-02-27,Active,,Judy Smith,michaelfoley@example.net,
STU00578,Ariel,Martin,Female,23/8/2012,Grade 7,2023-07-13,Active,,Sarah Potter,amberfriedman@example.com,
STU00010,Heather,Jenkins,Female,2014-06-25,Grade 12,2023-06-09,Active,,Matthew Lucas,powellmatthew@example.org,933.587.2624
STU00459,Julie,Pope,Female,2014-10-05,Grade 7,2021-05-14,Active,,,dakotaramirez@example.net,+1-819-366-5533x07704
STU00354,Calvin,Wood,Male,2009-02-10,Grade 10,01-Dec-2023,Active,,Patrick Chang,james94@example.net,237.550.4793
STU00520,Evan,White,Male,,Grade 8,45150,Active,,Abigail Miles MD,medinamark@example.org,+1-679-821-5835x034
STU00915,Mary,Roberts,Female,2009-11-14,Grade 11,2024-05-24,Active,,Jean Fitzgerald,christine97@example.net,(372)285-7595x828
STU00602,Jason,Smith,Male,"February 27, 2014",Grade 10,2023-06-17,Active,,Ryan Lopez,aking@example.net,001-460-772-3111x271
STU00874,Andrew,Moody,Male,2015-06-24,Grade 6,2023-01-26,Active,,Michelle Prince,patrick90@example.org,+1-217-474-1743x0435
STU00908,Tanya,maxwell,Female,2009-06-19,Grade 10,,Active,,Briana Booker,xmoore@example.com,
STU00733,Anthony,Jones,Male,2011-10-17,Grade 8,2020-07-08,Active,,Diana Carter,hodgemanuel@example.com,(928)939-7620x53440
STU00858,Steven,Allen,,2014-09-30,Grade 6,"December 07, 2023",Active,,Karen Lindsey,wyattdanny@example.org,367-741-3075x384
STU00195,Theresa,Robinson,Female,03-Jun-2012,Grade 9,2020-12-22,Active,,John Robinson,yburke@example.net,001-429-384-2579x91366
STU00495,Rachel,Patrick,,41067,Grade 9,2023-06-14,  Graduated,2026-03-13,Keith Morris,melanie77@example.org,607.705.7836x091
STU00796,Alexa,Frederick,Female,2010-12-22,Grade 9,2022-08-12,Active,,Bailey Hernandez,sylviayates@example.com,674.362.5916x0112
STU00176,Aaron,Fitzgerald,Male,2011-12-30,Grade 10,2022-11-09,Active,,Kevin Glass,heatherthompson@example.org,569-695-8669
STU00250,Jeremy,Johnson,Male,2011-06-07,,2023-08-10,Active,,Cheryl Mclean,kimberly21@example.net,+1-923-207-6810x40915
STU00374,Gabriel,Browning,Male,2010-09-12,Grade 11,2025-05-14,Withdrawn,2026-01-21,Betty Barnes PhD,nfriedman@example.org,546.972.9949
STU00059,James,harmon,Male,40565,Grade 9,2019-08-09,Suspended,,Blake Edwards,,(841)860-5297x51613
STU00229,Michael,Osborn,Male,4/5/2015,Grade 7,2025-03-19,Graduated,2026-03-03,Laura Davis,zroberts@example.org,(351)879-0864
STU00965,Emily,Davis,Female,2007-08-06,Grade 9,2022-03-20,Active,,Bryan Juarez,xfisher@example.org,389.961.5738x5512
STU00383,Luis,Mosley,Male,,Grade 12,11/3/2024,Active,,Nicole Harvey,taylorvictor@example.org,
STU00639,Robert,Stephens,Male,7/22/2010,Grade 10,23-Jan-2024,graduated,2025-06-25,Molly Fernandez,jill56@example.org,001-865-775-4278
STU00147,Christopher,Smith,Male,09-Mar-2013,Grade 9,2022-06-15,Active,,Sarah Townsend,whitelucas@example.net,791.472.5135
STU00806,  Chris,Rodriguez,Male,9/26/2012,Grade 9,2020-01-03,Active,,Amanda Mora,sherryknight@example.org,480.298.3221x01023
STU00608,Charles,Stevens,Male,2013-04-03,Grade 6,"August 02, 2022",Active,,,jared66@example.com,577.567.5556x283
STU00669,Micheal,Watson,Male,2009-03-17,Grade 7,2023-11-20,Graduated,"October 17, 2025",Tyler Sanchez,pennylivingston@example.com,(905)276-6194x588
STU00029,Kim,Stanley,Female,2008-02-14,Grade 9,2024-10-30,Active,,Alexandria Fisher,xgarcia@example.net,626.728.4987x769
STU00925,Brandy,Baird,Female,2007-08-21,Grade 6,2022-02-21,Active,,Jason Henderson,bakerjonathon@example.com,218.893.9530x969
STU00456,Brenda,Miller,Female,2013-02-06,Grade 9,2022-05-12,Active,,Donald Gonzalez,baileyandrea@example.com,676.486.3423x461
STU00324,Tami,Sanchez  ,Female,2011-07-22,Grade 7,2021-02-13,Active,,Gary Mitchell,longbrittany@example.org,720-417-7749x05097
STU00431,Thomas,Johnson,Male,2010-12-27,,"February 19, 2021",Active,,Matthew Perez,tmcdaniel@example.org,221.431.4519x5151
STU00601,Abigail,Allen,Female,2014-01-29,Grade 9,2021-02-24,Active,,Victoria Benitez,nathanmonroe@example.org,(529)639-4694
STU00386,Danielle,Thompson,Female,2009-07-24,Grade 7,2022-12-16,Active,,Jerome Reid,michelle71@example.com,(862)377-6896x2706
STU00563,Jessica,Murphy,Female,2011-12-11,Grade 12,,Active,,Kristin Roth,taylorkayla@example.net,001-555-673-2573x755
STU00810,Thomas,Evans,Male,"April 05, 2008",Grade 6,2021-03-28,Active,,Ryan Kaiser,valeriesmith@example.com,+1-251-269-9497
STU00432,Cassandra,Moreno,Female,2012-05-14,Grade 6,18-Aug-2023,Active,,Brittany Contreras,colleen45@example.org,975-341-0225x267
STU00893,Timothy,Tran,Male,2008-11-11,Grade 9,2020-04-18,Active,,Robert Jackson,brownraymond@example.net,(927)863-3283x89633
STU00480,John,Roberts  ,Male,2008-05-15,Grade 10,2024-11-25,Active,,Holly Hill,gwolfe@example.com,
STU00246,Lisa,Crawford,Female,2013-05-27,Grade 11,2021-05-09,Active,,Dr. Stephen Hall IV,aaronjohnson@example.net,539-266-0558
STU00954,Kim,Ford,Female,"August 04, 2007",Grade 12,2024-06-29,Active,,Cynthia Perez,vincent82@example.net,888-649-6806
STU00181,James,Patterson,Male,2012-01-09,Grade 10,2020-03-07,Active,,Kevin Scott,steven20@example.org,390-494-7985x15832
STU00259,Zachary,Santiago,Male,2008-08-23,,"September 07, 2023",Active,,Alan Griffith,ibarrett@example.org,(867)996-9278
STU00698,,Avery,Female,2011-01-26,Grade 12,2023-06-08,Withdrawn,2026-01-23,Jeffrey Moore,goodmanalice@example.org,(714)624-4260x78197
STU00914,Mark,Jordan,Male,2015-05-06,Grade 9,2020-07-26,Active,,Leonard Andrews,,+1-385-873-9083x521
STU00280,Kenneth,Tran,Male,2009-05-29,Grade 6,"April 28, 2023",Active,,Joseph Atkins,brittanyhood@example.com,4632356939
STU00315,Adam,Yu,Male,2014-12-28,Grade 6,,Active,,Elizabeth Mayer,kennethvillarreal@example.org,456.604.1776x561
STU00054,JAMES,Hernandez,Male,2014-12-14,Grade 10,2024-08-11,Active,,Ronald Davis,garnernathan@example.org,+1-809-288-5165
STU00413,Michael,Randolph,Male,29/8/2008,Grade 11,,Active,,Mr. Michael Patel Jr.,jensenrhonda@example.net,9684538909
STU00529,Randall,Kramer,Male,2009-04-23,Grade 10,05-Apr-2021,Active,,Brad Ramsey,kylebecker@example.org,001-524-606-4242x9563
STU00266,Megan,Kaiser,Female,2010-01-28,Grade 8,2022-07-09,Active,,Adam Jones,gdavis@example.net,553.344.3009x109
STU00713,Jamie,,Female,15/11/2010,Grade 7,2023-11-15,Active,,Kayla Ewing,donna54@example.org,
STU00970,Stephanie,Benson,Female,2013-12-12,Grade 10,2021-11-25,Active,,Taylor Chaney,gregorybenson@example.com,001-734-905-0892x73961
STU00942,Bryan,Yates,,2007-10-03,Grade 8,2022-03-04,Active,,Sarah Cruz,loritaylor@example.com,279.789.7906
STU00920,Adam,Mullen,Male,10/31/2011,Grade 9,2025-03-23,Active,,Victoria Parker,michael36@example.org,001-608-758-1810
STU00837,Joshua,Garrett,Male,2014-04-12,Grade 7,2024-03-03,Active,,,christopher47@example.com,+1-232-481-1659x9302
STU00929,  Richard,Booker  ,Male,2014-12-17,Grade 10,2020-02-13,Active,,Ryan  Huffman,patriciacarr@example.net,+1-657-372-0441x0079
STU00541,Andrew,Nguyen,Male,16-Nov-2007,Grade 11,6/25/2023,Active,,Misty Burnett,reyestina@example.org,546-260-2416x13944
STU00201,Samuel,Galvan,Male,2011-09-19,Grade 9,2025-05-26,Active,,Richard Dixon,christinacraig@example.com,502.214.6566
STU00825,Steven,Estrada,Male,2009-01-10,Grade 11,4/5/2020,Active,,,monica00@example.org,(201)951-5325x94795
STU00229,Michael,Osborn,Male,4/5/2015,Grade 7,2025-03-19,Graduated,2026-03-03,Laura Davis,zroberts@example.org,(351)879-0864
STU00235,Brittany,Prince,Female,2012-10-28,Grade 12,2019-12-26,Active,,James Yu,robertberry@example.com,495-878-2329x8324
STU00849,Stephen,Lewis,Male,,Grade 6,9/6/2023,Active,,Jason Barrett,,3817785221
STU00212,Alexander,Sanders,Male,,Grade 8,18-Jan-2021,withdrawn,2023-12-31,Dennis Moore,pparker@example.net,672-928-2005x5778
STU00640,Tonya,Miller,Female,2009-08-05,Grade 6,13-Sep-2019,Active,,Tim Brewer,rmolina@example.org,4585295829
STU00466,Julia,Rodriguez,Female,14/6/2008,Grade 6,2024-01-27,Active,,Joel Adams,cstanley@example.com,718-215-6326x868
STU00630,Jonathan,Mcintosh,Male,2008-09-08,Grade 11,2024-10-03,Graduated,"July 17, 2025",Christopher Reeves,fischerteresa@example.com,865-817-6808
STU00051,Kimberly,Lindsey,Female,2008-06-13,Grade 9,2024-03-10,Active,,Bonnie Howard,,3269811775
STU00316,Katie,Bell,Female,2012-05-21,Grade 8,2021-05-06,Active,,Nancy Chavez,gilldanielle@example.org,+1-472-806-3459x1123
STU00675,Patrick,Barnes,Male,2010-03-21,Grade 10,2020-11-10,Active,,Christopher Olson,hamptonsara@example.org,(866)526-7055x14377
STU00110,Brandon,Hahn,Male,16/2/2011,Grade 9,3/12/2023,Active,,Ashley Miller,jcole@example.net,(810)315-8199x56046
STU00987,Brandon,Salas,Male,2015-02-10,Grade 8,2024-01-16,Graduated,2025-05-11,John Daniels,susan40@example.net,285-688-3825x67262
STU00734,Jeremy,Campbell,Male,2008-11-13,Grade 12,2021-04-28,Active,,,ahines@example.net,(892)250-8177
STU00130,Peggy,Vaughn,Female,2014-05-09,Grade 8,2024-10-21,Active,,Elizabeth Holmes,,276.713.7918
STU00891,KAITLIN,Gilbert,Female,18/10/2008,Grade 10,23/9/2020,Active,,Leah Wheeler,barbara81@example.net,(883)818-0036
STU00798,Shelly,,Female,2012-05-02,Grade 6,2024-11-14,,,,galvanjoshua@example.org,001-664-526-1212x038
STU00843,jeffrey,Flowers,,11/4/2008,Grade 11,2022-11-08,Graduated,2025-12-31,Dawn Floyd,samantharodgers@example.net,+1-954-321-8808
STU00984,Janet,Merritt  ,Female,2008-09-14,Grade 12,2024-12-30,Withdrawn,2025-09-26,Marc Martinez,anthonyduncan@example.org,+1-784-252-4032x11535
STU00450,Kathy,Shaffer,Female,2012-11-29,Grade 8,31-Aug-2024,Active,,Christy Frank,ewilson@example.org,(876)560-5384x444
STU00857,Charles,Martin,Male,2013-04-07,Grade 12,2022-06-22,Active,,Brian Lawson,wendy58@example.net,
STU00046,,Berger,Male,2012-09-27,Grade 7,2020-05-03,Withdrawn,2025-08-25,Jeremiah Riley,christopherphillips@example.net,(323)928-5884x24745
STU00710,Andrea,Le,Female,2011-12-11,Grade 11,2021-01-23,Active,,Erica Martin,victoria50@example.org,001-900-700-1529x11371
STU00167,Kimberly,Wells,Female,2008-10-17,Grade 9,2019-10-10,  Active,,Lorraine Turner,batesjoseph@example.net,001-526-618-9141x173
STU00533,Elizabeth,Arellano,Female,2014-08-03,Grade 10,2020-03-24,Active,,Stephanie Hunter,rsimmons@example.net,(790)228-2498x3922
STU00934,Brandon,Goodwin,Male,2007-11-06,Grade 9,2020-10-03,Active,,Christopher Rodriguez,vknight@example.net,916.372.2104x5461
STU00700,Kelly,Vaughn,Female,,Grade 6,21/12/2020,Withdrawn,2022-05-08,Rebecca Francis,brownsusan@example.org,944.238.9982
STU00443,Holly,Kirk,Female,2015-03-09,Grade 10,2020-08-17,Active,,Michael Hunter  ,natalie09@example.net,
STU00394,Mary,Gray,Female,2008-01-11,Grade 8,2022-06-04,Active,,Gary Garcia,zharrell@example.net,(909)818-4357
STU00105,Alan,Bowen,Male,"November 09, 2011",Grade 11,2022-12-13,Active,,Jonathan Wolfe,ldrake@example.org,682-833-9845
STU00464,Michael,Gomez,Male,2014-04-03,Grade 12,2020-10-14,Active,,Matthew Foley,jonestroy@example.org,7376637153
STU00204,,Black,Female,25-Aug-2007,Grade 8,2020-10-02,Withdrawn,2023-02-04,Danielle Davis,charles27@example.com,(539)542-3733x343
STU00455,William,Chaney,Male,2011-06-10,Grade 8,2022-04-17,Active,,Kimberly Moore,sara39@example.org,+1-208-782-3513
STU00983,Stephanie,Peterson,Female,2015-06-17,Grade 6,2020-02-15,,,Casey Foster,warnercory@example.com,862.664.7528
STU00981,Sheri,Phillips,Female,2009-07-16,Grade 6,2020-12-17,Active,,Leslie Anderson,,+1-831-724-4129x0759
STU00152,Jacqueline,James,Female,2009-01-23,Grade 12,2020-12-08,Active,,Jeremiah Baker,anne21@example.org,+1-558-969-3806x86879
STU00727,,White,Female,2007-09-12,Grade 7,2023-12-02,Withdrawn,,Wendy Aguilar MD,,001-548-499-7184x28596
STU00892,Alisha,Watts,Female,2008-11-30,Grade 10,2022-10-01,Active,,Aaron Mayer,amberlee@example.com,510.250.5243
STU00397,Nicole,Keller  ,Female,2008-04-14,Grade 10,2023-05-18,Active,,Mike Martin,raven43@example.net,
STU00651,Michael,Hodge,Male,2008-09-24,Grade 8,2024-05-12,Graduated,2025-07-03,Karen Fritz,knightjohn@example.com,+1-853-946-0605x6035
STU00362,Gregg,Bray,Male,2012-09-10,Grade 7,2020-06-12,Active,,Barry Lopez,dneal@example.net,001-259-995-9465x217
STU00823,Manuel,Gomez,Male,2010-06-26,Grade 11,"July 29, 2020",Active,,daniel white,wheeleramber@example.com,001-851-307-4091x31117
STU00454,Brenda,Green,Female,,Grade 9,2021-01-17,Active,,Ryan Durham,peterhenry@example.org,(217)313-6657x22402
STU00163,steve,Mason,Male,41825,Grade 8,2022-06-24,Active,,EDWIN BROWN,derrickgonzalez@example.com,001-772-252-1752
STU00765,Marvin,Jackson,Male,2014-12-26,,44069,Active,,Nicole Beck,turnertimothy@example.net,001-983-309-3096x7139
STU00248,Stephanie,Herrera,Female,2010-04-02,Grade 11,"May 21, 2022",Active,,Jennifer Newton,annette58@example.net,7398551240
STU00240,Melissa,Mckee,Female,2011-04-12,Grade 8,2023-10-14,Active,,Ann Mason,kimberlypace@example.net,+1-526-965-7027
STU00252,daniel,Bell,Male,"February 12, 2010",Grade 10,2025-02-24,Active,,Michael Campbell,georgecollins@example.com,+1-270-320-7016
STU00321,,Green,Male,2011-08-07,Grade 8,5/26/2024,Active,,Sherry Anderson,jennifer62@example.com,650-627-4564
STU00181,James,Patterson,Male,2012-01-09,Grade 10,2020-03-07,Active,,Kevin Scott,steven20@example.org,390-494-7985x15832
STU00382,Tina,Greene,Female,2015-06-03,Grade 12,2024-11-17,Active,,Megan Compton,martinreid@example.net,
STU00883,Christina,Roberts,Female,2009-12-26,Grade 6,2021-05-29,Withdrawn,2026-04-10,Sandra Torres,lromero@example.com,7473020596
STU00489,Anthony,Cannon,Male,2013-02-18,Grade 9,2023-06-03,Active,,Jeffery Taylor,nwilson@example.com,(235)260-3319x036
STU00799,Nicolas,Wilkerson,Male,2010-04-22,Grade 7,2020-09-14,ACTIVE,,Michael Blair,murraymichael@example.net,(554)782-4218
STU00992,Matthew,Flores,Male,40112,Grade 10,44998,Active,,Michael Butler,wellsryan@example.org,(643)885-0095x3723
STU00820,Sharon,Jenkins,Female,2008-08-15,Grade 12,2022-01-21,Active,,Tyler Miranda,fhuff@example.net,001-282-473-4813x1045
STU00339,Peter,Keller,Male,2012-09-13,Grade 12,2020-06-04,Active  ,,Amy Welch,robert84@example.net,001-955-704-8926x7389
STU00589,Charlotte,Stone,Female,07-Oct-2010,Grade 6,2023-10-07,Graduated,2025-07-18,  Stephanie Hughes,jasmine54@example.com,(453)358-5125x389
STU00850,Monica,Griffin,Female,11/24/2014,Grade 12,2022-02-17,Active,,Emily Clark,jocelyn26@example.net,744.470.1732x086
STU00573,Karen,Goodman,Female,2014-05-21,Grade 9,2020-02-04,Active,,Daniel Anderson,jeremiahmiller@example.org,001-664-491-3342x457
STU00187,Elizabeth,Goodman,Female,19-Oct-2014,Grade 11,2020-06-28,Active,,Jason Brewer,eugenewalker@example.com,612.390.8781
STU00183,Jane,Hogan,Female,2008-06-23,Grade 10,2022-02-10,Active,,Nathaniel Johnson,willie87@example.com,2433581128
STU00159,,Hancock,Female,2015-04-22,Grade 8,2022-05-02,Active,,Kara Anderson,carolynsmith@example.com,+1-844-366-5743x748
STU00078,Eric,Martin,Male,2015-01-18,Grade 8,2022-09-28,Active,,Travis Stone,meghan43@example.net,+1-442-449-8182
STU00461,Donald,Molina,Male,2010-10-09,Grade 9,2025-04-01,Active,,Emily Salazar,devans@example.com,+1-515-491-0300x2156
STU00827,Christina,Merritt,Female,2008-07-08,Grade 11,2024-04-14,Graduated,2025-12-08,Cameron Johnson,rosshunter@example.net,001-741-718-4913x59928
STU00334,Thomas,Castaneda,Male,2013-04-16,Grade 9,2023-01-22,Active,,Stephen Sharp,rmoyer@example.net,001-957-329-3417x2232
STU00384,Mason,Hodges,Male,9/26/2011,Grade 6,2019-10-17,Active,,Maria Roberts,perezjessica@example.com,738.403.3968
STU00116,James,Ford,Male,2013-01-02,Grade 9,"March 24, 2024",Withdrawn,2026-05-02,Brittany Cuevas,agarcia@example.org,725-945-7387
STU00542,  Jacqueline,Kennedy,Female,"August 27, 2013",Grade 10,2021-01-03,Active,,Paul Osborne,walter09@example.com,(644)606-3062
STU00671,Hannah,Nguyen,Female,2010-07-07,Grade 9,2021-06-16,Active,,Laurie Stephenson,ghamilton@example.org,+1-889-681-2657x42231
STU00610,Daniel,Arnold,Male,2008-10-27,Grade 6,,  Graduated,2025-02-12,Joseph White,njohnson@example.com,001-824-792-6932
STU00247,Margaret,Vaughn,Female,2009-08-09,Grade 10,2022-12-08,  Active,,Eric Pierce,wilsonmathew@example.com,001-499-902-3557x7027
STU00644,Vanessa,Porter,Female,2010-05-20,Grade 9,,Active,,John  Salinas,hendersonbrenda@example.com,+1-970-860-7174x81131
STU00097,Danielle,Reed,Female,40096,Grade 11,2025-04-17,Active,,Molly Rodriguez,bmendez@example.org,211.890.7903
STU00145,Russell,Cochran,Male,2015-05-02,Grade 10,2021-04-16,  Active,,Casey Johnson,halljeffery@example.net,405.393.2525x0029
STU00452,Jennifer,  Flores,Female,2008-11-01,Grade 7,2023-05-25,Active,,Michael Martinez,welchkristen@example.net,
STU00217,Julie,Moody,Female,2010-03-18,Grade 10,2022-08-24,Active  ,,Tiffany Brown,ejones@example.org,246.501.3673
STU00410,Adam,Bennett,Male,2015-04-27,Grade 10,2022-11-16,Active,,Brian Frost,alishahutchinson@example.net,818.459.4849x1025
STU00356,Ryan,Johnson,Male,2015-04-30,Grade 8,1/22/2023,Graduated,45930,lisa becker,bsmith@example.net,+1-205-666-4187x75803
STU00574,Garrett,Brooks,Male,2008-09-24,Grade 11,20-Mar-2021,Active,,Sarah  Adkins,ywelch@example.org,(902)903-2650
STU00435,Christine,Walker,Female,2013-07-18,Grade 10,2024-03-09,Active,,Michael  Thomas,hortonroger@example.org,001-519-317-9202x521
STU00223,Mary,Fox,Female,41340,Grade 12,2021-03-31,Active,,Jacob Obrien,smithsamantha@example.net,317.605.8650x9480
STU00081,Brenda,Williams,Female,"February 18, 2015",Grade 12,2022-09-07,Active,,Jennifer Estes,lisapeck@example.net,532-578-7747x01687
STU00511,Jessica,Green,Female,2008-01-03,Grade 9,2025-02-13,Withdrawn,2025-10-19,Mr. Mark Williams  ,kortiz@example.org,+1-231-299-5298
STU00516,Jennifer,Hall,Female,2010-07-12,Grade 6,"January 28, 2024",Active,,Maria Cook,davisgary@example.com,001-531-226-9789
STU00815,Felicia,Matthews,Female,2011-03-01,Grade 12,2025-01-16,Active,,Sierra Gentry,jennifer54@example.org,485-245-7056
STU00028,Michael,Wang,Male,2008-11-29,Grade 12,2024-04-25,Active,,Nicole Wilson,tamirodriguez@example.org,296-763-1931x4919
STU00352,Jennifer,Martinez,Female,2008-09-08,,2024-03-01,Active,,Diana Reynolds,nicole54@example.net,943.255.3795x020
STU00936,Brenda,,Female,2015-01-23,Grade 7,44496,Active,,Lauren Torres,esalinas@example.org,(390)932-6551x3276
STU00686,Timothy  ,Simon,Male,2/12/2008,Grade 7,2024-03-12,Withdrawn,18-Jun-2025,David Martin,kharris@example.com,244-588-1121
STU00088,Dwayne,Berry,Male,12/1/2011,Grade 11,2020-09-25,Active,,Jennifer Reed,kellyroberts@example.net,657-447-3384
STU00718,David,Terry,Male,2011-09-20,Grade 7,2020-12-17,Active,,Desiree Swanson,stevendecker@example.org,+1-750-340-4333x35384
STU00049,,Barber,Female,2014-08-27,Grade 7,45615,Active,,  Sandra Gilbert,antonio53@example.com,935.315.8506x431
STU00916,Cassidy,Jones,Female,2013-07-13,Grade 9,2019-08-20,Active,,Joshua Guerrero,wilkinskevin@example.net,697.617.0598
STU00695,Laura,Blair,Female,2014-04-21,Grade 7,,Active,,David Jordan DDS,hlee@example.com,(626)996-9443x916
STU00033,Amber,Brown,Female,2009-11-27,Grade 10,1/8/2021,Active  ,,Margaret Mullins,salasaudrey@example.com,275.420.4711x6719
STU00382,Tina,Greene,Female,2015-06-03,Grade 12,2024-11-17,Active,,Megan Compton,martinreid@example.net,
STU00656,James,Love,Male,2015-01-11,Grade 10,2020-09-20,Active,,Glenn Scott,kingtammy@example.net,(501)634-7789x4896
STU00839,Stephen,Russell,Male,2010-09-26,Grade 6,2023-12-27,Active,,,sarahgonzales@example.com,(369)819-8321x029
STU00071,Robert,Thompson,Male,2013-10-20,Grade 6,2024-09-20,Active,,Michael Welch,bryanparsons@example.com,8439030548
STU00355,William,Little,Male,2008-06-16,Grade 8,2020-06-29,,,Jonathan Jackson,donnaknight@example.net,+1-692-519-2124x938
STU00197,Jacqueline,Williams,Female,2011-10-23,Grade 9,,Active,,Robert Clarke,zbell@example.net,001-591-262-4731x49864
STU00457,Robert,Mckay,Male,22-Jun-2011,Grade 8,2023-11-21,Withdrawn,2025-07-21,  Jessica Burgess,cindy96@example.com,695.851.7208
STU00923,Ashley  ,Roberts,Female,2010-09-18,,2021-01-30,,,Amanda Anderson,thomaswhite@example.org,(689)466-6053
STU00462,Brandon,Ramsey,Male,2014-01-25,Grade 7,2023-07-16,ACTIVE,,Kimberly Smith,greenkristen@example.org,4419459642
STU00055,Warren,Burke,Male,2010-05-20,Grade 8,2024-10-07,Active,,Christy Douglas,melaniebell@example.net,(614)293-6899x809
STU00505,Ariana,Mitchell,Female,2008-07-08,Grade 8,44847,Active,,Jeffrey Mcclure,sheila49@example.org,242.513.8820
STU00551,Jacob,Douglas,Male,2008-09-14,Grade 7,2025-03-25,Suspended,,  John Baker,dawn17@example.net,434.454.7574x9490
STU00037,Darryl,craig,Male,2014-06-15,Grade 8,11-Jan-2023,Active,,Alicia Hubbard,barbara27@example.net,+1-374-429-6717x5655
STU00645,Paul,Allen,Male,,Grade 8,29-Jan-2023,Active,,Eric Waters,arobinson@example.org,9296087182
STU00638,Nathan,Harris,,2009-09-16,Grade 11,2023-07-25,Active,,Tracey Lopez,ppatrick@example.org,001-768-973-0451
STU00880,Michelle,Melendez,Female,2013-05-14,Grade 10,2024-08-01,Active,,David Wright,shannonhammond@example.org,(212)511-0187
STU00173,,Miller,Female,2011-02-14,Grade 8,2022-10-03,Suspended,,Anita Jimenez,david70@example.org,(960)788-0199x4883
STU00470,Shelley,  Kennedy,Female,07-Dec-2007,Grade 10,2023-09-06,Active,,Michael Roberts,aliciajackson@example.org,001-211-745-7758x47457
STU00137,Nicholas,Payne,Male,2013-12-08,Grade 10,2019-11-19,WITHDRAWN,2020-09-05,Timothy Johnson,,001-564-813-8367x02410
STU00458,Edward,Serrano,Male,2012-09-23,Grade 12,44332,,,Heather Johnson,lisajordan@example.org,(731)535-5251x050
STU00496,Troy,Alexander,Male,2009-08-19,Grade 8,2020-01-20,Active,,Debbie Simpson,crystalthomas@example.net,+1-203-610-2879x5083
STU00760,Robert,Sandoval,Male,2012-04-01,Grade 8,2019-08-06,Active,,,peggynguyen@example.com,001-939-983-5844x617
STU00659,Christina,  Jensen,Female,42079,Grade 10,2023-12-09,Active,,Patrick Irwin,lisa11@example.org,
STU00691,Joshua,coleman,Male,2007-11-18,Grade 11,2020-08-16,Active,,Todd Ortega,heathercabrera@example.org,256-618-5174x460
STU00128,Adam,Cooper,Male,2008-07-14,Grade 7,09-Apr-2021,Active,,Melissa Woods,patrickcross@example.org,255-442-6221
STU00312,Amy,Mosley,Female,2010-01-30,Grade 6,2021-08-08,Active,,Arthur Friedman,emily16@example.net,(631)998-1898
STU00946,Matthew,Palmer,Male,,Grade 6,2021-02-17,Active,,Tracy Hernandez,htaylor@example.com,717.945.2735x36423
STU00995,Alejandro,Miller,Male,2014-05-04,Grade 10,44114,,,Krystal Thompson,blakejackson@example.net,674.744.1723
STU00879,anthony,Ward,Male,2011-11-26,Grade 11,2019-12-04,Active,,Tami Moore,vfuller@example.net,
STU00964,Alexandra,Durham,Female,2013-06-24,Grade 8,2020-02-23,Active,,Rhonda Cervantes,michele02@example.org,(716)575-8646x339
STU00862,Joseph,Holland,,2010-10-26,Grade 12,2022-10-15,Withdrawn,2025-03-17,Kelly Lewis,ronaldbarry@example.org,992-827-6075
STU00618,Tabitha,House,Female,2009-01-20,Grade 7,16/4/2020,Active,,Anna Hamilton,jasonlove@example.com,283-373-7927x49072
STU00875,Crystal,Bauer,Female,2014-04-01,Grade 7,2019-11-27,Active,,  Carla Briggs,robert52@example.com,001-752-833-2829x30202
STU00292,Andrea,Choi,Female,2013-08-14,Grade 9,2019-12-06,Active,,Jason Rocha,dthompson@example.net,001-623-626-4870
STU00790,Kristopher,Berry,Male,2011-12-11,Grade 8,2022-09-20,Active,,Joshua Solomon,clinesteven@example.net,(514)717-4681
STU00042,Cameron,Sanford,Male,2010-03-24,Grade 11,28/1/2023,Active,,Ryan Garcia,jsmith@example.com,+1-921-274-5961x5865
STU00333,Miguel,Rice,,2010-12-12,Grade 7,2024-06-19,active,,Arthur Orozco,hsmall@example.com,+1-557-760-2437x573
STU00904,JERRY,Williams,Male,2013-08-29,Grade 7,2023-07-26,Active,,Susan Valdez,pmartin@example.org,6136651034
STU00626,Loretta  ,Miller,Female,2011-07-01,Grade 8,2022-11-06,Active,,Stephanie Mullen,carl63@example.com,001-425-607-3305x597
STU00909,Christopher,Barnett,,2008-12-06,Grade 7,2021-10-29,Active,,Brenda Villarreal,sullivantiffany@example.com,359.617.1050x8054
STU00515,Brett,,Male,2012-03-06,,2024-02-16,Active,,Jeffrey Walker,ehoffman@example.com,001-588-236-0765x817
STU00759,Jim,Lewis,Male,2011-02-11,Grade 10,2023-06-19,Active,,Claudia Cunningham,suehowe@example.com,(322)899-9362
STU00949,Kathleen,Jordan,Female,2013-07-31,Grade 7,2020-11-09,,,Robert Vance,larry04@example.net,(327)763-4601
STU00132,Jeff,Morales,Male,,Grade 12,2023-11-06,Active,,Brittany Miller,dixonjames@example.org,+1-556-391-4630
STU00548,  Tony,Nguyen,Male,7/27/2009,Grade 6,2019-12-16,Active,,Kaitlyn Davis,andrew96@example.net,532.975.3273x52410
STU00548,Tony,Nguyen,Male,7/27/2009,Grade 6,2019-12-16,Active,,Kaitlyn Davis,andrew96@example.net,532.975.3273x52410
STU00433,Ashley,Simmons,Female,2013-05-20,Grade 9,2021-01-13,Active,,Frank Anderson,fgomez@example.com,569.852.3668x7887
STU00092,Cathy,Taylor,Female,27-Feb-2010,Grade 12,2022-05-13,Active,,Dean Young,stephanie49@example.net,001-404-853-0174
STU00036,Ronald,Jones,Male,2008-11-23,,2023-03-20,Active,,Paul Carroll,scott74@example.net,(248)387-7190x6594
STU00358,Danielle,Wells,Female,2015-03-29,Grade 11,2023-04-07,Active,,Samantha Stone,sherryparsons@example.net,217.991.1006x512
STU00142,James,Simmons,Male,2010-05-27,Grade 9,2019-10-19,Active,,Denise Griffin,austinharvey@example.org,+1-547-268-7014x6263
STU00231,Holly,Lee,Female,29/4/2010,,2021-03-13,Active,,Patricia Jackson,christina79@example.org,603.235.2110x392
STU00984,Janet,Merritt  ,Female,2008-09-14,Grade 12,2024-12-30,Withdrawn,2025-09-26,Marc Martinez,anthonyduncan@example.org,+1-784-252-4032x11535
STU00540,Jillian,Evans,Female,2007-11-09,Grade 9,2020-06-24,ACTIVE,,Nicholas Schmidt,fwright@example.net,522-976-4579
STU00018,Richard,Rodriguez,Male,2014-07-19,Grade 10,2021-07-01,Active,,Courtney Velasquez,ybailey@example.org,803.765.4145
STU00800,Shawn,Cox,Male,2013-08-03,Grade 8,2020-03-17,Active,,,pscott@example.com,975-323-1123x2748
STU00376,David,Yoder,Male,2013-06-08,Grade 12,26/6/2024,Active,,Thomas White,longsonya@example.org,(348)741-3768
STU00723,David,Hill,Male,2010-04-09,Grade 11,2023-12-22,,,David Johnson,david86@example.net,2503537666
STU00058,Amber,Foster,Female,2012-05-13,Grade 9,2021-12-23,Withdrawn,2022-10-19,Eric Clark,kathrynroberts@example.org,7763226838
STU00323,Jessica,Zhang,Female,2012-01-21,Grade 10,2020-03-12,Active,,Brian Cortez,daviddavis@example.com,(428)849-9390
STU00401,Ronald,Clark,Male,06-Jun-2013,Grade 6,2021-10-26,Withdrawn,2024-01-30,Melody Williams,melissaluna@example.com,+1-620-586-5675x66184
STU00795,Patricia,Oconnell,Female,2009-02-08,Grade 9,2025-01-06,Active,,Lisa Coleman,melodywood@example.com,(522)265-4016x5995
STU00264,Cynthia,Alexander,Female,"September 01, 2012",,2023-09-07,Active,,nicholas reed,karla10@example.org,867.247.8366x742
STU00425,Shawn,Gibbs,Male,2011-03-19,Grade 10,2022-10-13,Active,,Kelly Turner,kennethadams@example.org,
STU00163,Steve,Mason,Male,2014-07-05,Grade 8,2022-06-24,Active,,EDWIN BROWN,derrickgonzalez@example.com,001-772-252-1752
STU00205,Sandy,Huff,Female,2010-06-02,Grade 11,2025-02-19,Active,,Barbara Miller,waustin@example.net,4756957947
STU00945,Christina,Farmer,Female,2009-10-16,Grade 9,2020-11-17,Active  ,,Jeremy Brooks,justin46@example.com,420.410.8240x281
STU00023,Sylvia,Martinez,Female,2008-08-20,Grade 7,3/6/2025,Active,,Joseph Hansen,stephanie79@example.net,968.372.7743x48734
STU00306,Sara,Bailey,Female,2013-07-04,Grade 11,2020-12-13,Active,,Steven Peterson,pattersonvictoria@example.com,(403)233-4911x415
STU00602,Jason,Smith,Male,"February 27, 2014",Grade 10,2023-06-17,Active,,Ryan Lopez,aking@example.net,001-460-772-3111x271
STU00402,Meredith,Kelley,Female,2008-05-07,Grade 10,2024-01-18,Suspended,,Rick Glenn,hornjenna@example.com,+1-329-427-7423x3305
STU00395,Mary,Smith,Female,2012-09-03,Grade 12,2020-05-03,ACTIVE,,Erica Schultz,montesjill@example.net,639.576.9156x716
STU00120,Catherine,Steele,Female,2011-08-28,Grade 6,2022-05-17,Withdrawn,7/19/2023,Chad Reyes,tommymedina@example.net,(282)774-2257
STU00531,Kayla,Clark,Female,2009-04-25,Grade 6,2025-04-21,Active,,Thomas Holmes,thomasmcdonald@example.com,(796)790-5150x267
STU00236,Zachary,Daugherty,Male,2008-09-24,Grade 11,2022-10-21,Suspended,,Sylvia Stewart,whitemary@example.org,001-205-666-4742x3122
STU00962,James,Ramos,Male,2013-01-11,Grade 10,2024-11-04,Withdrawn,26/7/2025,Manuel Wilson,heidi21@example.com,2165426107
STU00776,Zoe,Lara,Female,2013-10-14,Grade 7,2020-08-08,Active,,Brooke Patrick,bweeks@example.com,(821)859-1832x70004
STU00199,Jacob,Peters,Male,2009-08-07,Grade 6,2022-02-23,Graduated,2025-11-12,Gregory Thornton,melissahopkins@example.net,272.413.8658
STU00025,,Silva,Female,2013-02-18,Grade 11,20-May-2024,Withdrawn,12/29/2025,Pamela James,benderkenneth@example.com,(488)993-7346x70656
STU00709,Rebecca,ALLEN,Female,2007-12-23,Grade 12,2020-12-06,Suspended,,Kimberly Jones,morganamanda@example.com,458-922-0673x231
STU00474,Douglas,Watkins,Male,2007-12-30,Grade 10,2025-05-12,Active  ,,Jeffrey Keller,williamsdevin@example.com,782.514.2369x14307
STU00301,Steven,Lang,Male,2015-01-30,Grade 8,2024-05-14,Active,,Adam Craig,sandersalexandra@example.net,712-566-9121
STU00220,Michael,Moody,Male,2008-07-29,Grade 12,2020-05-12,Active,,William Kramer,linda73@example.org,001-565-424-0778x487
STU00831,Matthew,Armstrong,Male,2013-10-20,Grade 8,2019-10-22,Active,,Daniel Rivera,jonesjo@example.org,001-806-605-3088
STU00267,Michelle,Wilson,Female,2014-06-03,Grade 6,44635,Active,,Matthew Yoder,pauladominguez@example.com,871-774-6542x1406
STU00079,Mary,Le,Female,2012-05-30,,2022-07-17,,,Kristy Bryan,millerstacy@example.net,839-669-0784x473
STU00409,Jason,Hernandez,Male,2015-07-05,,2024-05-04,Active,,Alexander Munoz,nelsonamanda@example.net,+1-561-651-5542
STU00756,Renee,Thompson,,2011-12-01,Grade 11,2022-04-20,Active,,Nancy Lee,martinezcatherine@example.net,5498106018
STU00668,Ryan,Wilson,Male,2014-10-20,Grade 12,2023-08-10,Graduated,2025-06-16,Elijah Johnson,bgonzalez@example.org,(827)992-4632x03747
STU00702,Stefanie,,Female,2014-06-07,Grade 7,44218,  Withdrawn,2023-03-31,Peter Patel,jperez@example.org,001-311-392-3603x768
STU00985,Evan,Nelson,Male,2013-04-30,Grade 11,2021-01-07,Active,,Kevin Garcia,elizabethwilliams@example.com,597.624.7925x4221
STU00859,Brittany,Beasley,Female,2008-02-22,Grade 12,2022-09-05,Active,,Carrie Guerrero,elizabeth39@example.net,
STU00096,Sheila,Knox,Female,2010-07-29,Grade 8,2022-09-15,Withdrawn,45570,Mary  Ryan,david86@example.net,(830)504-7868
STU00940,Jordan  ,Nelson,Male,2015-02-15,Grade 6,2025-02-13,Active,,Christopher Walker,bflores@example.org,(702)712-3720
STU00703,Michael,Daugherty,Male,2011-02-06,Grade 12,2022-08-27,Active,,Oscar Robinson,johnsonalexander@example.net,(514)297-3153x91149
STU00697,Marissa,Love,Female,2014-03-18,Grade 10,16-Jan-2021,Active,,Brian Clark,dylanwong@example.org,(556)568-4732x365
STU00157,Emily,Hunter,Female,2008-08-27,Grade 7,2022-08-11,  Active,,Sherry Johnson,nancygonzalez@example.org,807.305.3457
STU00791,Marcus,Ellison,Male,2012-07-31,Grade 6,2022-05-03,Active,,Kimberly Jensen,hollyperkins@example.net,+1-687-748-6941x559
STU00391,Nicole,Conrad,Female,2010-10-02,Grade 7,2020-07-16,Active,,WILLIAM VELASQUEZ,daviskim@example.com,964.562.2522x37281
STU00912,Harold,Thompson,Male,2011-12-01,Grade 8,2020-03-25,Active,,Dustin Peters,lesliebrown@example.org,274-365-3537
STU00318,Dennis,Christian,Male,2007-12-20,Grade 12,2020-02-20,Active,,lindsay hernandez,george91@example.org,001-886-477-1333x447
STU00604,Amanda,Hughes,Female,2008-03-28,Grade 12,"March 29, 2023",Active,,Andrea  Graham,samuel27@example.net,001-908-533-5090x25425
STU00746,Megan,Jackson,Female,2014-10-08,Grade 7,10-Jun-2022,Active,,Paul Phelps,john86@example.com,001-463-625-9423
STU00170,Robin,White,Female,2010-10-11,Grade 8,2024-09-01,Active,,Denise Cruz  ,pmarsh@example.org,920-421-6979
STU00130,peggy,Vaughn,Female,09-May-2014,Grade 8,2024-10-21,Active,,Elizabeth Holmes,,276.713.7918
STU00008,Mary,Arroyo,Female,2008-11-21,Grade 8,2021-04-28,Active,,Lisa Brandt  ,jenniferross@example.net,+1-557-587-1331x5098
STU00295,Randall,White,Male,2008-04-29,Grade 8,2021-03-30,Active,,Kimberly Brennan,joseph51@example.net,001-852-702-8457
STU00501,Thomas,Valdez,Male,"May 30, 2012",Grade 11,2022-03-11,Active  ,,JASON HUDSON,sarasanchez@example.com,+1-992-594-4551x16682
STU00387,Peter,Dorsey,Male,2012-05-01,Grade 9,15/9/2024,Active,,Nicholas Scott,storres@example.com,+1-597-215-2732
STU00129,Jeremiah,Bowen,Male,2012-08-05,Grade 11,2021-12-24,ACTIVE,,Jason Parks,christophergarcia@example.org,001-565-665-2341
STU00527,Matthew,Mclaughlin,Male,,Grade 10,,Active,,Stephanie Hurst,rebeccamatthews@example.com,606.560.1382x41270
STU00350,Juan,JONES,Male,2007-10-20,Grade 10,,  Active,,Susan Smith,,896-971-8325x8238
STU00871,Brittany,Carr,Female,2012-02-07,Grade 10,2020-07-31,,,Brenda Mclaughlin,daniel13@example.net,256.858.9635x957
STU00586,Emily,Crawford,Female,2009-01-22,Grade 12,,Active,,Dennis Zimmerman,matthew75@example.org,(650)413-9488
STU00388,Alexandria,Mason,Female,2013-05-16,Grade 10,2019-10-07,Active,,Timothy Bentley DVM,patrick49@example.org,(801)869-2364x58750
STU00742,Jessica,Lynch,Female,11/17/2009,Grade 11,2020-11-26,Active,,Alexis Moore,rosaleslauren@example.net,001-338-369-4842x495
STU00286,Chris,Harris,Male,2015-03-10,Grade 7,2019-09-30,Active,,Jason Fleming,thomasfisher@example.net,+1-904-931-0385x6955
STU00446,Benjamin,Sullivan,Male,2009-12-15,Grade 6,2020-02-03,Graduated,"July 21, 2023",Shelby Warren,jack01@example.com,242-535-6778x26596
STU00623,Brooke,Gallegos,Female,2014-05-26,Grade 12,2023-04-11,Active  ,,Colton Lawson,kreynolds@example.com,+1-805-911-5794x23873
STU00938,Robert,Fernandez,Male,2010-10-22,Grade 10,45711,Withdrawn,2026-04-25,  Donna Obrien,jscott@example.com,262.537.6008x84474
STU00287,  Jimmy,Bradley,Male,3/10/2014,Grade 10,2023-03-19,Active,,Richard Perez,tara02@example.com,272-792-8422x2231
STU00255,Joseph,Morales,Male,2010-11-17,Grade 11,2020-09-01,Withdrawn,,Kimberly Dickson,njones@example.net,001-966-395-8321
STU00177,James,Cooper,,"December 03, 2009",Grade 11,2025-01-31,Active,,Brenda Morrison,megan85@example.net,001-383-733-9452x2885
STU00477,Amy,,Female,2008-07-29,Grade 11,2022-12-10,Active,,Julie  Hines,fcombs@example.org,215-591-4975x019
STU00757,Deborah,Moore,Female,2013-04-23,Grade 12,2021-10-09,Active,,Alexander Martin,tpowell@example.org,+1-872-425-7754x58472
STU00755,Diane,Mitchell,Female,2011-09-23,Grade 6,2023-09-20,Active,,Janice Harvey,sthomas@example.org,(377)546-2025x82543
STU00115,RANDY,Sandoval,Male,"May 30, 2010",Grade 7,2024-11-28,Active,,Amanda Terrell,vrasmussen@example.com,
STU00313,Stacey,Young,Female,7/19/2008,Grade 8,2023-07-08,,,Erin Silva,vshaffer@example.org,
STU00853,Johnny,Martin,Male,2007-11-07,Grade 10,,Active,,James Reed,aprilmyers@example.net,7925973525
STU00367,Frank,Brooks,Male,2013-02-15,Grade 9,,Active,,Kathleen Adams,ylittle@example.net,+1-403-733-7363x4669
STU00044,Keith,Sparks,Male,2008-12-05,Grade 7,2020-04-19,active,,Seth Harvey,tyleraguilar@example.org,647.840.7482x175
STU00554,Eric,WALKER,Male,2009-10-18,Grade 9,2022-12-13,Active,,Rachel Santos,victor90@example.net,333.250.6158x14888
STU00019,,Wilson,Male,02-May-2015,Grade 7,06-Oct-2024,Active,,Victor Baker,carlsonmichael@example.com,(798)816-9340x60883
STU00931,Natasha,Bird,Female,2014-06-30,Grade 6,2022-06-01,Active,,Christine Thompson,,(240)243-2611
STU00753,,Hogan,Male,2010-02-09,Grade 9,2020-05-09,Withdrawn,2025-09-13,Lisa Thompson,kevinmendez@example.org,665-702-0002
STU00322,Kelly,Graham,Female,2008-11-21,Grade 10,2023-01-15,Active,,Katherine Dodson,jbrown@example.org,920.274.2761
STU00728,Erin,Garcia,,9/28/2007,Grade 8,2021-07-08,Active,,Emily Montgomery,stephaniezamora@example.org,
STU00233,Amy,Gonzalez,Female,2013-02-21,Grade 8,2024-01-15,Active,,John Landry,pricejoseph@example.net,(310)446-3681x579
STU00910,Joan,Parker,Female,06-May-2011,Grade 7,2023-02-16,Withdrawn,2024-02-15,Margaret Kelly,kennethrusso@example.net,001-541-271-5949x7344
STU00364,Jeremiah,Welch,Male,2014-11-14,Grade 10,2023-10-22,Active,,william gonzalez,grant42@example.com,+1-432-830-2410
STU00241,Brandon,Nguyen,Male,41186,Grade 10,2024-03-14,Active,,CARLY QUINN,wilsonshannon@example.com,286-489-2686
STU00521,Kevin,Torres,Male,2012-07-25,Grade 11,"November 27, 2020",Active,,David Weaver,chrishernandez@example.net,842.749.1289
STU00978,Jodi,Smith,Female,2014-06-11,Grade 6,2022-06-07,Active,,Robert Barnes,wchaney@example.com,2204801929
STU00336,Randy,Hawkins,Male,28-Sep-2014,Grade 10,2025-04-19,Active,,,mccarthysara@example.com,511.799.1808x121
STU00667,Joseph,Burns,Male,2013-08-08,Grade 7,2023-02-09,Active,,Molly Oneal,hhayden@example.com,+1-396-748-6287x203
STU00262,Donna,Johnson,Female,2014-12-14,Grade 12,2020-11-14,  Active,,Monica Elliott,sotobelinda@example.net,3496047128
STU00065,Jordan,Smith,Male,1/15/2010,Grade 6,2020-05-05,Active,,Gloria Miranda,jeremytaylor@example.org,418-488-0592x9622
STU00814,Julia,Bryant,Female,2013-03-21,Grade 7,2021-05-07,Active,,Brenda Phillips,kristendavis@example.net,+1-482-941-9962x6422
STU00314,Eugene,Coleman,Male,1/11/2013,Grade 10,2024-01-28,Active,,Sherry Giles,thomas54@example.org,+1-990-803-4864x5183
STU00664,,Garrison,Female,18-Oct-2009,Grade 9,2021-02-15,Active,,Crystal Collins,hallchristopher@example.org,001-524-387-6230
STU00663,Scott,Newman,Male,2012-05-12,Grade 7,2023-10-08,Active,,Sarah Werner,brandon31@example.net,(919)480-4184
STU00647,John,Smith,Male,"October 10, 2013",Grade 9,2024-08-27,Active,,Susan Barton,turnerjeffrey@example.net,001-273-971-1222
STU00775,Elizabeth,Owen,Female,2008-12-20,Grade 12,2020-01-13,active,,Allison Cunningham,michaelvillarreal@example.net,(776)569-4703x180
STU00648,Kathleen,bauer,Female,2011-01-04,Grade 6,2020-11-14,Active,,Stephanie Richardson,barnesarthur@example.com,+1-561-411-4576
STU00319,Jessica,Clark,Female,2009-04-17,Grade 9,2024-05-02,Active,,Monica Lopez,rickythomas@example.com,739-873-5971x072
STU00535,Gregory,Ruiz,,2013-01-23,Grade 11,,Active,,susan barnett,wmccarthy@example.org,(925)226-5469x6815
STU00154,Francisco,Acosta,Male,11-Jan-2014,Grade 10,2023-05-29,Active,,Justin Arnold,april09@example.net,761.862.2999x11914
STU00013,Tonya,Miller,Female,39833,Grade 10,2021-09-26,Active,,Megan Young,davidashley@example.net,+1-509-616-9985x435
STU00038,Gary,Steele,Male,2009-11-16,Grade 10,2020-06-18,Active,,Robin Pierce,qmiller@example.com,768-908-7603
STU00009,Adrienne,ZIMMERMAN,Female,2008-01-16,Grade 6,2020-08-14,Active,,Andre Rivera,joshuawashington@example.net,(399)873-7631
STU00277,Cassandra,Santiago,Female,2007-11-30,Grade 10,2023-08-09,Active  ,,Dominique Hamilton,christina70@example.org,001-708-822-0781x1379
STU00066,  Nathan,Williams,Male,2010-06-26,Grade 9,2020-12-04,Graduated,2024-08-11,Tracy Bishop,pyoung@example.com,435.697.7468x8623
STU00015,Christopher  ,Bass,Male,2013-03-13,Grade 12,2022-03-11,Withdrawn,2024-10-24,Victoria Valdez,contrerasangela@example.net,524-711-8244
STU00124,Donna,adams,Female,2014-06-08,Grade 9,27-Jun-2022,Active,,Miss Anna Estes,rsellers@example.net,(623)825-3672
STU00754,Margaret,Willis,Female,2014-08-06,Grade 12,24-Jan-2023,,,  David Day,lloydmiranda@example.org,405.357.0836
STU00975,Jennifer,Lee,Female,2014-09-01,Grade 12,2022-11-08,Active,,Grant Smith,carterjames@example.org,(872)544-6931x72947
STU00451,Aaron,stout,Male,2007-10-31,Grade 7,"July 05, 2024",Active,,Richard Randall,matthew96@example.org,+1-863-496-0962
STU00467,  Jeremy,Wood,Male,2007-12-18,Grade 8,2022-10-26,Active,,Timothy Lee,richardwheeler@example.net,+1-678-561-0313x100
STU00475,Robin,Walsh,Female,2010-12-13,Grade 7,2023-12-27,Suspended,,Annette Green,carla29@example.com,+1-959-423-4268x34414
STU00824,Lindsay,Parks,Female,2008-09-15,Grade 9,,Active,,Michele Wallace,sbrown@example.org,(406)295-3541
STU00185,Jennifer,Hayes,Female,2010-10-21,Grade 8,"April 03, 2020",Active,,,maychristine@example.net,001-301-658-1449
STU00969,Brandy,Griffin,Female,2014-09-16,Grade 6,43678,Active,,Briana Dougherty,sherryclark@example.net,(276)825-9238x6879
STU00134,Nicholas,Wilson,Male,,Grade 9,2022-01-15,Active,,Jeffrey Warren,jennifer91@example.com,385.507.9252x419
STU00328,Joseph,Phillips,Male,2007-12-14,Grade 9,"October 16, 2019",Active,,Andrew Rodriguez,dgutierrez@example.net,001-894-254-9180x1722
STU00622,William,Chen,Male,2010-10-07,Grade 8,2019-08-28,,2023-11-15,Rick Stanley,edwardshah@example.org,906-872-4530
STU00149,BRIAN,Mendoza  ,Male,2014-06-25,Grade 8,2020-10-16,Active,,Melissa Martin,,941-215-2621x81599
STU00848,Sheila,Hill,Female,2009-06-27,Grade 10,2020-04-09,Active,,Leah Wilson,,6487933261
STU00816,Ryan,Thomas,,2014-04-29,Grade 11,2023-08-01,Active,,Ronald Page,hurleybrandon@example.net,(435)764-0723x2472
STU00966,Susan,Rivera,Female,2008-05-10,Grade 12,9/8/2024,  Active,,Jacob Hart,petersonjordan@example.com,+1-609-872-3602x4465
STU00836,Kimberly,Bennett,Female,2015-02-10,Grade 7,2020-03-07,Active,,Lauren Nolan  ,martin40@example.net,582-627-2002
STU00688,Kimberly,Wright,Female,2007-09-19,,2022-05-10,Active,,regina mcguire,,(888)337-5056
STU00330,Carolyn,Woods,,2/7/2013,Grade 11,2024-04-06,Active,,Tracy Guzman,nturner@example.com,001-564-912-2031x030
STU00735,Vicki,Cunningham,,2015-01-11,Grade 10,2020-04-27,Active,,Richard Johnson,carlos33@example.org,331.925.5235x617
STU00654,George,Holt,Male,2015-05-16,Grade 9,2024-05-25,active,,Lisa Brown,sarah49@example.net,755.839.3543
STU00526,Kara,Golden,Female,2013-07-29,Grade 12,2022-01-11,Active,,amanda johnson,janicethompson@example.org,661-507-0518
STU00935,Keith,Payne,Male,2015-07-06,Grade 8,44144,Active,,Roy Gibson,john02@example.org,001-644-322-5216x02523
STU00100,Renee,Melendez,Female,2012-01-26,Grade 8,2023-02-05,Active,,Kristin Anderson,jonathanrivera@example.org,551.583.0469x901
STU00889,Deborah,Medina,Female,2010-09-08,Grade 12,45106,Active,,Nicole Hood DDS,nortongregory@example.net,378.873.5856x6464
STU00016,Christina,Walters  ,Female,2009-09-06,Grade 9,"September 03, 2023",Active,,Taylor Mathis Jr.,ccalderon@example.org,724-427-8680x11280
STU00342,Dustin,Glover,Male,2013-04-15,,2024-07-16,Active,,Michelle Stone,danielblack@example.org,001-957-312-6611x06273
STU00117,brent,Bowen,Male,11-Mar-2011,Grade 11,2023-11-20,Active,,Andrew Page,sweeneydeborah@example.net,(938)528-2586
STU00127,Matthew,wright,Male,"July 18, 2010",Grade 8,2023-05-07,Active,,Carol Sanders,,910-237-1293
STU00744,James,Miller,Male,2012-06-25,Grade 8,2020-06-11,Active,,Mary Murray,,001-568-972-2589
STU00361,Chad,Williams,Male,,Grade 8,1/12/2025,Active,,Kayla Pearson,larry82@example.org,249.854.5089x2038
STU00460,Becky,Jackson,Female,2010-03-09,Grade 9,2023-01-15,Active,,Kenneth Mitchell,buckjustin@example.com,8886050171
STU00191,Mary,Charles,Female,2014-01-08,Grade 6,3/14/2022,Withdrawn,46094,Carol Palmer,kmoore@example.net,+1-727-850-3731x45303
STU00918,Reginald,Lane,Male,2012-06-12,Grade 6,17-Aug-2019,Active,,Dr. Angela Landry  ,barbara09@example.net,001-892-517-7905x5286
STU00048,Allison,Henson,Female,2012-01-23,Grade 7,2021-01-23,Active,,Connie Brown,tblankenship@example.net,(712)800-4711x38267
STU00642,Michael,Travis,Male,2009-05-17,Grade 9,2023-10-11,Active,,Brittney Benson,jenniferbarry@example.net,372-514-3643
STU00917,Timothy,Cochran,Male,21/11/2013,Grade 11,2023-10-07,Graduated,2025-02-27,Christine Crawford,alexandramyers@example.net,812-330-3885
STU00138,Michael,Watson,Male,2015-05-14,Grade 11,2024-05-21,Active,,Brendan Anderson,kjones@example.org,(423)344-5655x74313
STU00993,Ann,Mckenzie,Female,,,2024-12-19,Active,,Megan Harris,kristinwilson@example.net,+1-644-316-4231x654
STU00385,Jeremy,Smith,Male,2014-07-12,Grade 10,2024-04-29,Active,,corey walters,shawnamartinez@example.org,001-483-538-1674
STU00372,Kevin,Bradley,Male,2007-10-30,Grade 12,2022-05-21,Active,,William Gamble,nbaird@example.com,686-337-1597
STU00944,Steve,Sharp,Male,2009-07-10,Grade 12,09-Jan-2020,Withdrawn,2024-07-21,,floreseileen@example.net,+1-354-758-2942x0340
STU00048,Allison,Henson,Female,2012-01-23,Grade 7,2021-01-23,Active,,Connie Brown,tblankenship@example.net,(712)800-4711x38267
STU00491,Todd,Deleon,Male,"November 29, 2009",Grade 8,2022-12-05,Active,,Kelsey Adams,brownrachel@example.net,+1-774-413-2834x831
STU00001,Mark,,Male,2009-10-08,Grade 6,44804,Active,,Noah Rhodes,garzaanthony@example.org,538.990.8386
STU00609,Micheal,CARROLL,Male,2015-02-26,Grade 11,2023-12-13,Active,,Rachel Cox,wkelley@example.com,(243)562-7187x496
STU00153,Edwin,Foster,Male,2014-05-27,Grade 8,20/5/2024,Active,,Kenneth Black,davidtodd@example.org,(433)620-6163
STU00786,Timothy,Patterson,Male,,Grade 12,2023-04-20,Active,,Brittany Wallace,anngarcia@example.org,(259)536-4882
STU00303,Crystal,Dunlap,Female,2007-10-22,Grade 6,2020-08-08,Active,,Sandra Jimenez,stantonpatrick@example.net,624-799-1187x73477
STU00788,Mary,Benitez,Female,2012-09-09,Grade 9,2019-11-29,Active,,Robert Harris,nrodriguez@example.com,001-760-252-3045x8816
STU00184,Christine,Soto,Female,4/10/2009,Grade 9,2024-07-18,Active,,Sara Harris,elucas@example.net,+1-520-675-0110x24819
STU00633,James,Hernandez,Male,2007-08-18,Grade 11,2022-12-23,Active,,Lisa Baker,william23@example.net,853-554-6147x079
STU00270,Joshua,Smith,Male,2015-03-16,Grade 7,2020-02-02,Graduated,2023-12-29,Karen Bradley,mathew46@example.org,+1-515-685-1743x2806
STU00419,John,Campbell,Male,2008-03-25,Grade 11,2024-08-16,Graduated,2025-08-21,Luke Daniel,johnwang@example.com,001-536-337-1892x392
STU00168,Ronald,Dudley,Male,2010-06-07,Grade 9,2022-04-23,Active,,,haleycastillo@example.org,3013197218
STU00741,Wendy,Shelton,Female,,Grade 7,2023-10-02,Active,,,mcdanielrichard@example.org,001-618-521-9259x6790
STU00538,Katelyn,Choi,Female,2010-10-13,Grade 7,2021-02-05,Active,,,munozleah@example.com,757.658.5126x86120
STU00442,Emily,Villa,Female,2008-11-10,Grade 7,2022-08-29,Active,,Jack Davis,,472-919-7054x669
STU00007,james,Martin,Male,3/14/2015,Grade 12,2021-05-15,Active,,Tamara George,,403.491.1718
STU00146,Sarah,Valencia,Female,2015-04-03,Grade 11,2020-11-11,Active,,Tom Foster,rogersmarcus@example.org,001-667-452-8953x9264
STU00584,Kenneth,Mills,Male,2015-02-03,Grade 6,2024-03-11,Active,,Lori Strickland,robinsonhenry@example.net,714-960-7455x53470
STU00780,Zachary,Griffin,Male,"September 08, 2007",Grade 6,2024-10-05,Active,,Susan Martin,,3378087821
STU00090,Matthew,Hall,Male,,Grade 12,2021-07-26,Withdrawn,2022-03-13,Amanda Dorsey,lkhan@example.org,(972)440-0499x1547
STU00887,Matthew,Hanson,Male,2007-10-15,,2022-05-30,Active,,Gina Lee,walkeramanda@example.org,4493832112
STU00679,Jason,Arias,Male,2013-12-03,Grade 9,2022-07-12,Active,,Mary Clark,jhernandez@example.org,309-612-1722
STU00532,Matthew,Garcia,Male,2014-11-16,Grade 9,2021-01-22,Active,,John Lopez,gonzaleschristina@example.net,001-966-873-4595
STU00579,Brandy,Hurley,Female,2007-07-29,Grade 7,2020-03-28,Active,,Justin Collins,brownrobert@example.org,
STU00118,Robert,Soto,Male,,Grade 7,43700,Withdrawn,44316,Jennifer Mclaughlin,shannonjordan@example.org,001-933-341-9182x553
STU00072,David,Mullins,Male,2009-02-05,Grade 6,12/21/2021,Active,,Richard Glenn,joshua56@example.com,001-876-452-7758x4161
STU00083,Jasmine,Cole,Female,2011-12-20,Grade 7,2024-07-14,Active,,Lisa Carr,theresalong@example.com,+1-252-239-8680
STU00643,Alexander,Johnson,Male,15/7/2008,Grade 8,2019-11-09,Active,,Ricardo Jones  ,shaun16@example.com,+1-260-994-5653x46997
STU00406,TRACIE,Merritt,Female,2009-01-05,Grade 9,2024-07-06,,01-Feb-2026,Catherine Peters,david29@example.org,+1-821-284-0118x4582
STU00662,Michael,Elliott,Male,2012-09-25,Grade 8,2020-11-25,Active,,Micheal Johnson,michael07@example.com,001-476-516-4534x5472
STU00632,James,Walters,Male,"September 26, 2010",Grade 12,2024-03-02,Active,,Donna Johnson,cpierce@example.org,001-703-439-7051
STU00479,Allison,Wagner,Female,2010-09-11,Grade 10,2023-01-12,Active,,Elizabeth Webb,loriskinner@example.net,597-991-6202x232
STU00369,Maria,Howard,Female,2008-03-24,Grade 12,2021-10-03,Active,,Kayla Schneider,sara11@example.org,(408)635-3544x439
STU00257,Lisa,West,Female,2009-03-19,Grade 11,2021-01-20,Active,,Elizabeth Bauer,samantha65@example.org,001-209-286-2405
STU00844,Patrick,Conrad,Male,2008-10-01,Grade 8,,Active,,Eric Hoover,barrettashley@example.com,733-585-3247x250
STU00087,Julia,Patel,Female,2011-12-10,Grade 12,2020-01-11,Withdrawn,2022-11-16,Sharon Becker,chelsea33@example.com,+1-743-644-3757
STU00614,William,Tanner,Male,2008-02-14,Grade 10,2023-03-21,  Withdrawn,2023-09-29,Eric Long,danieldonovan@example.net,854.415.9709
STU00242,Thomas,Cunningham,Male,41218,Grade 7,2021-07-18,Active,,Sean White,barneskyle@example.com,221-923-0940x7778
STU00004,Michael,Miles,Male,2013-01-14,Grade 7,2022-03-10,Active,,Mark Ferguson,frankgray@example.net,001-783-550-3056x413
STU00865,Jon,Evans,Male,2011-02-25,Grade 10,2024-02-01,Active,,ERIC EVERETT,yvelasquez@example.com,(804)650-0635x53730
STU00680,Randy,WATTS,Male,2012-03-15,Grade 9,2020-11-23,Active,,Jessica Martinez,sharon37@example.net,6528635100
STU00070,Laura,Lopez,Female,41243,Grade 9,2023-02-16,withdrawn,2026-03-30,Heather Ashley,myerstheodore@example.net,(754)705-1531x9520
STU00994,Suzanne,Gonzalez,Female,2008-12-31,Grade 11,2022-10-15,Withdrawn,2025-08-25,Steven Mills,wtapia@example.org,(334)994-2904x61755
STU00052,JONATHAN,Dougherty,Male,"December 01, 2007",Grade 11,2020-09-07,Active,,Sharon Boyd,bschneider@example.org,666.717.7115x9212
STU00571,Elizabeth,Garrett,Female,11/4/2014,Grade 10,2025-02-26,Active,,Frank Logan,anthony70@example.net,(360)286-9822
STU00517,Randall,King,Male,2010-01-23,Grade 7,2024-12-07,Active,,Chris Morris,rsavage@example.net,987.387.5357
STU00864,Laurie,Bell,Female,2007-10-04,Grade 6,2021-07-06,Active,,Robert Nelson,anna74@example.com,6008268764
STU00345,Stephen,Lewis,Male,"February 14, 2014",Grade 8,44853,active,,Bryan Bailey PhD,tolson@example.net,756.379.2287x772
STU00031,,Cortez,Female,2011-06-24,Grade 12,2023-05-25,Active,,Melissa Brewer,bwest@example.org,736-734-9578x8568
STU00594,Christina,Bell,Female,2012-09-30,Grade 11,2023-04-18,Active,,Jesse Davis,andrew90@example.net,8516208005
STU00876,Kenneth,Rodriguez,Male,2009-03-16,Grade 12,2020-03-24,Active,,Alex Gonzalez,emcdonald@example.net,001-716-775-0762x799
STU00210,Henry,Nunez,,2011-06-21,Grade 10,2023-08-21,,,Stacy James,steven22@example.net,869-696-1125x35544
STU00625,Thomas,Orr,Male,2012-08-22,Grade 9,2/7/2023,Active,,Karen Ramirez,barbara53@example.org,893-499-3379x70581
STU00549,Joe,Sutton,Male,13-Feb-2011,Grade 7,2020-01-29,Active,,Christopher Murray,laramary@example.org,371.800.6876
STU00507,Robert,Garner,Male,2009-05-07,Grade 7,45389,Withdrawn,2025-04-02,Christopher Rogers,gmccoy@example.net,001-815-506-1853x80032
STU00002,Kevin,Pacheco,Male,2007-08-15,Grade 11,2020-09-23,Active,,Melissa Peterson,jasongallagher@example.org,361-855-9407
STU00627,Tina,Washington,Female,"January 30, 2010",Grade 10,2022-04-19,Active,,Christina Cochran,susanharper@example.org,403-688-4366x0443
STU00449,Jacqueline,Tran,Female,2008-11-14,Grade 9,2022-04-30,Active,,Dustin Keller,swalters@example.net,311-910-9617
STU00555,Jeremy,Mills,Male,2009-07-11,Grade 11,2024-05-15,Active,,Catherine Mayer,jeremylove@example.org,6942841312
STU00996,jeffrey,Rogers,Male,2/20/2009,Grade 6,2020-03-19,Active,,  Laura West,,(836)626-8904x723
STU00722,Stephen,Jones,Male,2012-05-25,Grade 12,2022-12-18,Active,,Shelby Fowler,daniel43@example.org,(487)350-9263x2239
STU00228,Tammy,Cook,Female,2014-08-10,Grade 9,2021-04-15,Active,,Timothy Martinez,julieatkinson@example.org,+1-460-248-0589x2583
STU00263,David,Gilbert,Male,2009-10-09,Grade 7,2022-02-10,Withdrawn,2026-05-21,Patrick Munoz,donnawood@example.org,837-828-0512x927
STU00719,Jennifer,Walker,Female,2008-09-13,Grade 8,2024-05-24,ACTIVE,,Brandon Greene,ygriffith@example.org,+1-509-433-9137
STU00833,Carol,Williams,Female,2015-03-13,Grade 7,"June 03, 2020",,,Michael Khan,dyerdonald@example.com,(382)314-7709x207
STU00021,Dustin,Jordan,Male,2012-03-17,Grade 7,,Active,,Julie Ramos,williamleon@example.net,(514)589-5134
STU00261,  Julie,Miller,Female,"September 09, 2014",Grade 12,2022-11-21,Active,,John Harmon,suttonamber@example.net,790-658-0778x7956
STU00093,Michael,Leblanc,Male,2014-09-03,Grade 9,2020-01-06,Withdrawn,2023-01-01,Melissa Fowler,michael33@example.org,927.795.6878x3391
STU00776,Zoe,Lara,Female,2013-10-14,Grade 7,2020-08-08,Active,,Brooke Patrick,bweeks@example.com,(821)859-1832x70004
STU00216,Dillon,Dean,Male,2009-01-26,Grade 11,2021-04-22,Active,,Anthony Nichols,teresacampbell@example.org,001-970-731-2073x564
STU00620,Roger,,Male,40841,Grade 8,2022-05-27,Graduated,2026-05-26,Tracy King,calvinbrown@example.com,001-609-761-7015x9591
STU00261,Julie,Miller,Female,2014-09-09,Grade 12,2022-11-21,Active,,John Harmon,suttonamber@example.net,790-658-0778x7956
STU00194,John,Garza,Male,30-Sep-2012,Grade 12,2023-01-11,Active,,David Anderson,dennishunt@example.net,(202)642-8699
STU00926,Jon,Green,Male,2013-08-14,Grade 7,2019-10-29,Active,,Shannon Sims,hudsonglen@example.net,001-949-387-4551x35872
STU00539,Christina,Hess,Female,2013-05-23,Grade 8,2023-11-14,Active,,Anthony Campbell,parrishsteve@example.org,+1-854-265-4084x245
STU00572,Hannah  ,Walker,Female,2010-12-05,Grade 12,3/4/2023,Withdrawn,45548,Wayne Marshall,ichase@example.com,(790)347-7425
STU00732,Sarah,Nelson,Female,2014-10-05,Grade 11,2024-02-03,Active,,Sandra Martin,aaroncontreras@example.net,(796)261-0168x31139
STU00057,Nathan,Frank,Male,2012-02-10,Grade 6,26/3/2022,Active,,Anthony Moore,craigjoseph@example.net,(979)676-4381x56149
STU00141,Jacqueline,Mccoy,Female,2012-09-22,Grade 8,2024-04-22,Active,,Deanna Hess,osbornjames@example.net,
STU00740,Jennifer,Ho,Female,2008-07-09,Grade 10,,Active,,Antonio Valencia,zyoung@example.net,001-420-350-6821x22355
STU00628,Allison,Pearson,Female,2013-09-01,Grade 12,2023-12-27,Active,,John Browning,seanreyes@example.org,+1-475-714-7439x742
STU00867,Kendra,Ford,Female,2012-12-18,Grade 8,,Active,,David Miller,christina89@example.net,001-659-765-4663
STU00856,Ariel,,Female,10/3/2015,Grade 6,2024-06-18,Active,,Mrs. Tonya Byrd,janicestuart@example.com,+1-564-484-6735x74223
STU00043,Lisa,Young,Female,2013-01-16,Grade 9,2025-05-20,Active,,Darren Davis,hodgesjane@example.org,524.800.5045x562
STU00022,Brittany,Williams,Female,2015-06-11,Grade 8,2020-04-28,Active,,Patricia Gibson,jennifercruz@example.com,220.516.3287
STU00556,Daniel,Sanchez,Male,30/8/2013,Grade 8,2023-11-09,Active,,Brett Keith,florescynthia@example.org,217.817.3189x3974
STU00758,Scott,Mcmahon,Male,"March 04, 2010",Grade 7,27-Aug-2019,Graduated,2020-05-30,Kayla Rowe,qreyes@example.net,416.308.2717
STU00845,Courtney,Green,Female,,Grade 6,2023-12-05,Active,,Rhonda Allen,mccarthymichael@example.net,876.605.4576x94757
STU00670,Taylor,Melton,Female,2011-05-28,Grade 9,2025-02-04,Active,,Corey Weeks,alexgarcia@example.net,001-784-900-8385x076
STU00681,Cody,Jimenez,Male,2012-11-01,Grade 7,2023-07-07,Withdrawn,45918,Michael Morris,lisamcgee@example.net,(559)920-2461x75202
STU00846,Mindy,Bender,Female,2014-11-25,Grade 8,2021-09-03,Active,,Curtis Rasmussen,ewood@example.com,(669)786-1634x2125
STU00133,Tammy,Wilson,Female,2012-06-20,Grade 8,2023-12-15,Withdrawn,2025-08-15,Maxwell Barrett,davidzimmerman@example.net,4276588425
STU00014,James,Powers,Male,2009-12-20,,2022-02-19,Active,,Paul Jones,khowell@example.org,783-684-2513
STU00188,David,Gonzalez,Male,2012-03-19,Grade 10,2020-06-03,Active,,Heather Lambert,craigharvey@example.org,277-759-4929x95562
STU00911,Gavin,Freeman,Male,2011-11-05,Grade 9,2023-04-24,Active,,Calvin Robinson,russocasey@example.org,489.326.0878
STU00671,Hannah,Nguyen,Female,2010-07-07,Grade 9,2021-06-16,Active,,Laurie Stephenson,ghamilton@example.org,+1-889-681-2657x42231
STU00335,Ricky,Hahn,Male,2011-07-09,Grade 8,6/19/2021,Active,,Justin Kidd,nicole52@example.org,701.256.1931x83745
STU00583,Ashley,Norman,Female,2013-03-28,Grade 6,2024-12-31,Active,,Sara Bennett,gwilliams@example.net,+1-919-911-3599x6605
STU00808,Tanya,Santos,Female,"September 12, 2012",Grade 6,20/4/2023,Withdrawn,"May 10, 2024",Jordan Williams,yhill@example.net,+1-923-854-6951x0030
STU00207,Chelsea,Baker,Female,2009-09-22,Grade 8,2023-03-17,Active,,Grace White,sclark@example.com,(864)872-9293x143
STU00707,Jason,Hamilton,Male,2013-03-02,Grade 7,2024-12-05,Active,,Miguel Reeves,olivia29@example.net,+1-593-876-2974x54930
STU00842,Elizabeth,Johnson,Female,2015-04-17,Grade 7,"September 01, 2020",Active,,Craig Torres,jenniferbradley@example.com,8494627322
STU00234,Christina,Rasmussen,Female,2012-01-21,Grade 12,2023-11-04,Graduated,2026-02-02,Amanda Nielsen,matthew62@example.org,(655)543-8404x608
STU00045,Michael,Bryant,Male,26-Dec-2009,Grade 10,2022-01-19,Active,,Dr. Ashley James MD,victoria40@example.net,(640)490-9743x9533
STU00371,Jessica,mcmahon,Female,11/29/2010,Grade 7,44495,Active,,Samuel Johnson,barbaraanderson@example.net,6757536668
STU00989,Monica  ,Alvarado,Female,2012-08-27,Grade 12,2023-02-06,Active,,Stephen Evans,andrealopez@example.com,(401)222-3414
STU00730,Ronald,Merritt,Male,"April 02, 2015",Grade 6,2020-04-04,Graduated,2025-03-19,Autumn Thomas,jpeterson@example.org,(895)382-6418x6965
STU00599,Kathleen,Hartman,Female,2009-11-13,Grade 6,2022-12-08,Active,,Amy Guerra,staceyparker@example.net,001-298-825-0800x4635
STU00616,Eric,Gonzalez,Male,2011-05-01,Grade 10,2021-06-25,Active,,Michael Nelson,zrogers@example.net,(765)325-4837x44171
STU00530,Sophia,Thompson,Female,2009-12-05,Grade 6,2021-11-19,Active,,Deborah Burns,michael87@example.net,+1-620-396-2893x65435
STU00150,Jessica,Valdez,Female,05-Jun-2012,Grade 10,2023-10-16,Active,,Anthony Rivera,robertspencer@example.net,+1-944-443-1069
STU00772,Tina,Elliott,Female,2013-09-19,Grade 8,2024-02-21,Active,,Jay Buchanan,woodbrittany@example.com,(246)323-4712x476
STU00537,Jeffery,Mitchell,Male,2010-08-31,Grade 6,2024-11-15,Active,,Amanda Mullen,zwhite@example.net,917.215.1602x52986
STU00375,Donald,Smith,Male,2008-09-16,Grade 12,2021-05-18,Active,,James Aguirre,renee77@example.com,001-401-847-5469
STU00821,Guy,Hoffman,Male,2012-06-15,,2021-02-27,Active,,Clifford Mcdonald  ,jason57@example.com,535.526.8064x86067
STU00412,Victoria,Lindsey,Female,2011-08-03,Grade 7,2024-07-23,Active,,Jeffrey David,kevinhodge@example.com,(251)811-3129x01487
STU00731,Tammy,robinson,Female,2012-01-24,Grade 11,14/3/2025,Active,,Annette  Rivas,katieaguirre@example.com,001-551-643-4682
STU00743,Drew,Hayes,Male,2011-12-08,Grade 8,2024-05-24,Active,,Robert Durham,ldavis@example.org,+1-967-667-3820
STU00553,Lauren,Green,Female,2013-05-04,Grade 7,19/12/2022,Withdrawn,2026-05-19,Whitney Sullivan,teresaschneider@example.net,758.556.7287x27601
STU00349,James,Flores,Male,2010-11-15,Grade 12,2023-06-07,Suspended,,James Carey,williamsjohn@example.net,001-737-988-6140
STU00109,Alyssa,Nelson,Female,2015-07-06,Grade 9,2019-08-02,Active,,Henry Pugh MD,,711.342.6265
STU00943,Elizabeth,Zhang,Female,3/6/2015,Grade 8,2024-10-14,Active,,Sharon Kelley,ycooke@example.org,8003998433
STU00032,Michele,Nelson,Female,2009-07-31,Grade 7,2024-09-01,Active,,Corey Wilson,jamesrodgers@example.com,001-498-694-1343x5240
STU00060,Kelly,Foster,Female,2010-01-19,Grade 12,2024-09-06,Active,,Gary Jackson,schmidtjames@example.com,(923)912-4329x212
STU00227,Stacy,Wright,Female,2009-08-14,Grade 6,2023-02-24,Active,,Kelly Carroll  ,jessicacummings@example.com,(379)219-4096
STU00519,Elizabeth,Graham,Female,03-Dec-2009,Grade 12,2022-07-29,GRADUATED,2024-10-04,Megan Mills,anne22@example.com,939.258.9477x35228
STU00536,Daniel,Franklin,Male,2013-09-17,Grade 9,2023-06-12,Active,,Gerald Morrow,pmelendez@example.org,(873)403-4615
STU00961,Maureen,Carter,Female,2013-12-15,Grade 7,2020-03-11,Active,,Shawn Maynard,taramartinez@example.net,9692685746
STU00437,Melanie,Liu,Female,"January 02, 2012",Grade 9,,  Active,,Tamara Shaw,,962.736.9036x28917
STU00368,,Miller,Female,1/8/2013,Grade 7,4/6/2022,Active,,Joseph Hall,marshallchristine@example.com,576.665.7546x027
STU00283,Michael,Salazar,,2012-03-03,Grade 8,2021-03-27,Active,,Michael Oliver,jill08@example.net,(301)565-7905x528
STU00478,Jose,Hart,Male,,Grade 8,2023-04-18,Active,,Steven Bowman,kevincollins@example.org,393.911.0291x8133
STU00067,Anthony,Castillo,Male,2010-07-16,Grade 10,2020-01-10,Active,,,mitchellkathryn@example.com,
STU00499,Kayla,Norman,Female,,Grade 10,2022-08-17,Active,,Hailey Lewis,sandovaledward@example.net,313-298-9868
STU00144,Derek,Velasquez,Male,2014-11-28,Grade 12,12/6/2019,Graduated,8/28/2022,Zachary Robinson,lkelly@example.org,495.559.0599
STU00373,carolyn,Leonard,Female,2008-12-28,Grade 12,2023-09-29,Active,,Lindsey Johnson,chadmccarty@example.com,234.481.7058
STU00881,Melissa,Haas,Female,2011-12-29,Grade 10,2023-07-03,Active,,Natalie Williams,gibsonbrandon@example.com,703-392-5199x9452
STU00003,Blake,Carter,Male,2012-08-06,Grade 10,"April 24, 2024",Active,,Heidi Lee,williamsjeremy@example.com,731-564-7525
STU00590,William,Mueller,Male,2011-08-18,Grade 11,2022-02-11,Active,,Erik Aguirre,jenniferrobbins@example.net,+1-937-849-0797
STU00666,chad,Williams,Male,2008-10-25,Grade 10,2021-06-14,Active,,Scott Flowers,steven72@example.net,632-990-1620
STU00509,Mark,Washington,,2012-10-28,Grade 11,2022-10-29,Withdrawn,2023-05-15,Eric Hall,elizabeth76@example.net,
STU00180,Tina,Daugherty,Female,1/26/2010,Grade 6,2020-04-24,Active,,Alexandria King,ogreer@example.net,001-459-389-3347x212
STU00331,Mariah,Santos,Female,2011-01-21,Grade 6,2023-03-23,Active,,Rachel Lee,kayla27@example.com,5125277707
STU00172,Mary,wright,Female,3/5/2010,Grade 6,2021-08-28,Active,,Janice Combs,smithsarah@example.net,872.817.5354x0838
STU00346,Robert,Beck,Male,2010-11-05,Grade 10,2025-04-07,Active,,James Weaver  ,pfitzgerald@example.org,(209)548-1813
STU00847,Alison,wolfe,Female,2007-08-20,Grade 9,2024-10-17,Active,,Ryan Montgomery,william52@example.com,+1-225-959-6647x213
STU00260,Janice,Perez,Female,2010-12-20,Grade 12,2021-06-04,Active,,Jonathan Simon,robert89@example.com,4096751971
STU00417,Ashley,Gonzales,Female,14-Apr-2014,Grade 6,2020-12-30,Active,,Hector Hamilton,,902-966-5023x7416
STU00069,Paula,Young,Female,2008-07-18,Grade 7,23/7/2022,Active,,Mark Dean,rodriguezrebecca@example.net,+1-708-593-2460
STU00901,Erin,Jackson,,4/3/2014,Grade 10,12/12/2022,Active,,Mrs. Brenda Ellis,jross@example.net,3085248458
STU00190,Samuel,Welch,Male,2014-01-26,Grade 8,2022-10-02,Active,,Patricia Lewis,arnoldamy@example.net,725.263.9427x8816
STU00444,Daniel,Sawyer,Male,2012-12-03,Grade 10,2021-04-23,active,,John Nichols,lrodriguez@example.net,966-536-5155
STU00872,Wesley  ,Miller,Male,2012-02-28,Grade 12,23-Feb-2024,Active,,benjamin mccarthy,jaime56@example.com,611.438.8503
STU00053,Jane,Harper  ,Female,2009-12-05,Grade 12,2020-10-21,Active,,Jessica Mcguire,farrelldebra@example.net,001-736-673-6576x6156
STU00340,Stacy,,Female,2010-10-21,Grade 9,2024-08-12,Active,,Eric Johnson,peter28@example.net,631-588-4852x0089
STU00803,Kathy,Palmer,Female,2008-02-08,Grade 10,2019-11-24,,,William Ramirez,sabrina54@example.com,(208)738-5179x93781
STU00344,Andrew,Moore,Male,2012-01-16,Grade 8,2024-10-04,Active,,Barbara Phelps,martinezashley@example.org,221.654.5447x02296
STU00085,Michael,Whitney,Male,2012-03-28,Grade 10,2019-12-26,Active,,Molly Watts,carlsonjoseph@example.net,001-399-530-9728x96230
STU00244,Gary,Miller,Male,2008-06-10,Grade 7,2024-10-01,Active,,Candace Mitchell DDS  ,tammycurry@example.com,3146556168
STU00078,Eric,Martin,Male,2015-01-18,Grade 8,2022-09-28,Active,,Travis Stone,meghan43@example.net,+1-442-449-8182
STU00050,Matthew,May,Male,2012-05-06,Grade 6,2020-09-01,Active,,Richard Sanchez,kristinharris@example.net,493.435.2904
STU00291,James,Smith,Male,2010-04-30,Grade 10,2020-01-25,Active,,Jeremy Hoffman,jessicawallace@example.com,942.766.2991x234
STU00357,Thomas,Patel,Male,2010-02-06,Grade 10,2020-07-13,Active,,George Beard,mooneyjeremiah@example.net,(713)632-5411x07609
STU00747,Richard,Greer,Male,39940,Grade 7,45762,Active,,Kimberly Valenzuela,petersonfrank@example.org,+1-552-585-7256x29269
STU00156,,Cohen,Female,8/5/2015,Grade 11,2024-09-26,Active,,Eric Manning,joseph69@example.net,437-336-7850
STU00905,Tiffany,King,Female,19-May-2012,Grade 9,,active,,Jennifer Hill,stephanie86@example.com,(840)962-2155
STU00745,Wendy,,Female,18/9/2012,Grade 6,45724,Withdrawn,2025-11-28,Joseph Ross,faithsparks@example.com,2402566957
STU00873,Cheryl,Russell,Female,2015-01-12,Grade 12,2020-03-18,Active,,Amanda Wright,stephen24@example.com,810.243.7968
STU00812,  Kendra,Fleming,Female,2012-09-11,Grade 6,2023-10-09,Active,,Angel Johnson,dwhite@example.org,001-476-809-3201
STU00818,Amy,Bell,Female,2012-01-26,Grade 7,2021-07-28,Active,,Tiffany Davis,theresa92@example.com,915-226-1053
STU00933,Benjamin  ,Ward,Male,04-Nov-2010,Grade 11,45809,Active,,Amanda Morgan,bjacobs@example.org,573-925-9007
STU00309,Hannah,Jones,Female,2014-02-27,Grade 7,2020-10-17,Active,,elizabeth alvarado,james64@example.net,878.220.8297x37489
STU00512,rebekah,Davis,Female,2013-03-17,Grade 8,28-Sep-2021,Active,,Pamela Tran,stonemichael@example.org,(586)534-2556
STU00680,Randy,WATTS,Male,2012-03-15,Grade 9,2020-11-23,Active,,Jessica Martinez,sharon37@example.net,6528635100
STU00621,Joanne,Harmon,Female,,Grade 10,2021-10-09,Active,,Dr. Erik Duarte Jr.,bradgomez@example.com,
STU00861,Robert,  Smith,Male,12/2/2008,Grade 7,"September 14, 2020",  Withdrawn,2024-05-08,Mary Jones,udavis@example.net,824-913-9369
STU00245,Kaitlin,Martinez,Female,2014-06-12,Grade 8,2019-09-08,Withdrawn,2025-05-24,Jason Clark,cherylrodriguez@example.net,+1-781-479-4695x4899
STU00074,SARAH,Gregory,Female,2011-01-28,Grade 7,2024-06-29,Active,,David Brewer,patrick90@example.net,(775)857-1928
STU00193,Jose,  Gomez,Male,2014-07-06,Grade 8,2021-03-05,Active,,Mr. Larry Shaw,scotthall@example.net,+1-943-922-2591x3651
STU00439,David,Miller  ,Male,2/17/2012,Grade 12,2020-12-21,  Active,,William Webb,edwardssherry@example.org,(346)483-5652x156
STU00302,Gina,Larson,Female,,Grade 8,2021-04-17,Active,,Ryan  Hardy,kathy99@example.com,001-965-979-6784x27114
STU00390,Michael,mccann,Male,2008-03-18,Grade 10,16/7/2023,Active,,Sherri Martin,tking@example.net,+1-469-646-1195
STU00503,George,Summers,Male,2010-04-06,Grade 6,2021-05-08,Active,,Ashley Bowen,rodgersmichael@example.com,(776)947-2298x12099
STU00378,Andrea,Kelley,Female,4/7/2009,Grade 6,2024-01-10,Active,,Brenda Hoover,georgesmith@example.org,
STU00523,Chad,Aguirre,Male,2010-12-22,,2022-11-21,Active,,Eric Wolf,annbennett@example.com,001-475-848-5819x324
STU00701,brittany,Smith,Female,2013-09-19,Grade 9,2019-08-03,Suspended,,Jennifer Peterson,glee@example.net,964-549-3699x9516
STU00447,Blake,Contreras,Male,2012-07-02,Grade 12,2024-04-02,Active,,William Mcmillan,alexis72@example.com,816-448-0727x91033
STU00219,,Jackson,Male,,Grade 9,2021-09-19,Withdrawn,2025-01-21,Richard Smith,perkinshannah@example.net,+1-725-413-2719x500
STU00634,Cody,Williams,Male,2014-01-03,Grade 11,2024-04-29,active,,Shelly Gonzalez,marissa39@example.com,(470)739-4380x403
STU00497,William,Smith,Male,2014-04-30,Grade 8,2024-07-16,Active,,Kimberly Williams,michaeljones@example.com,381-833-5956
STU00140,Jennifer,Williams,Female,2009-12-17,Grade 7,45540,ACTIVE,,Carrie Crane,jhawkins@example.org,571-821-0032
STU00325,,Williams,Female,2012-09-19,Grade 8,2020-12-04,Active,,Anthony Jones,qdavis@example.org,461.303.2664
STU00307,Kimberly,,Female,2012-10-30,Grade 12,2020-02-27,Graduated,2024-02-25,Jose Fisher,dominguezbrianna@example.com,(496)659-1713x5785
STU00471,,Cook,Male,2011-09-18,Grade 10,16/4/2025,Active  ,,Sharon Anthony,rrodriguez@example.net,001-502-363-2570x3965
STU00694,Kimberly,Baker,Female,2012-04-18,Grade 11,2023-08-07,Withdrawn,46139,Rebecca Miller,jacobhull@example.net,207-632-2836
STU00136,Kathryn,Winters,Female,2009-01-02,Grade 11,2021-06-07,Active,,Vicki Finley,wileymichelle@example.com,918-570-5349x49375
STU00123,Sharon,,Female,2014-01-24,Grade 12,2024-07-31,Withdrawn,"February 11, 2026",Oscar Norris,imartin@example.org,709.658.4982
STU00977,Christopher,,Male,2014-02-23,Grade 9,2021-02-26,Active,,Matthew Evans,bbrown@example.net,(776)252-7284x53974
STU00903,Brittany,Choi,Female,16-Nov-2013,Grade 11,2021-08-19,Graduated,2024-01-03,Amber Lewis,jennifer61@example.net,001-695-830-5641x84937
STU01000,William,Cox,Male,2013-08-04,Grade 11,12/10/2023,Active,,George Johnson,seanmelendez@example.net,433.406.7730x67182
STU00569,John,Hicks,Male,2015-02-16,Grade 10,2023-03-10,Active,,James Fisher,gomezsonya@example.org,(243)416-7045x02329
STU00534,Tracy,Parker,Female,2013-09-11,Grade 11,29-Oct-2019,Active,,Judy Martin,hopkinsjames@example.org,941-423-3613x2850
STU00665,Andrea,Garcia,Female,,Grade 7,2025-01-14,Active,,Caleb Ford,jennifer28@example.org,205.824.8088
STU00811,Jacob,Hoffman,Male,2009-02-15,Grade 12,2020-10-28,Active,,Dale Spencer,kferguson@example.net,+1-362-969-7083x868
STU00476,Jamie,Liu,Female,2011-01-24,Grade 10,2023-05-09,Active,,Jeremy Edwards,,(470)680-6129x43985
STU00311,Brittany,Johnson,Female,11-Dec-2013,Grade 12,2019-11-16,Active,,John Esparza,clucas@example.org,(942)204-4820
STU00906,Breanna,Randolph,Female,18/9/2013,Grade 9,2020-11-25,Active,,Scott Martinez,riverajason@example.net,+1-747-504-7476x4845
STU00017,Jessica,Williams,Female,2010-06-27,Grade 7,2022-07-29,Active,,Valerie Williams,jason31@example.com,001-686-492-3226x02563
STU00317,Rebecca,Flores,Female,40688,Grade 12,44025,Withdrawn,2021-11-23,Debbie Mcdaniel,lauren31@example.com,(926)569-3008x931
STU00597,Timothy,Kelley,Male,2010-09-06,Grade 7,2023-02-09,Active,,Bruce Spencer,john23@example.com,360.750.7918
STU00101,John,Booth,Male,2010-03-26,Grade 9,2021-09-17,ACTIVE,,Alexis Giles,burgesskaren@example.org,001-693-663-8546x785
STU00139,BRITTNEY,Martin  ,Female,2011-04-19,Grade 7,2020-02-22,Active,,Joshua Oconnell,shannonford@example.org,524-790-3521
STU00209,Anthony,Cervantes,Male,2011-05-20,Grade 11,2024-10-05,Active,,JOANNA COOK,michael84@example.com,4616593998
STU00119,Deborah,Huffman,Female,2011-10-16,Grade 7,2021-07-21,Active,,Linda Carr,baileymegan@example.net,(649)391-2513
STU00508,Michael,Baker,Male,2008-10-12,Grade 12,2024-01-13,Active,,Morgan Campbell,cynthiadavis@example.net,001-830-561-7893x2064
STU00089,Ashley,Yang,Female,2009-06-26,Grade 10,25/4/2021,Withdrawn,2023-02-18,Taylor Perez,,212.308.2677x3454
STU00102,Heather,Andrade,Female,2011-04-19,Grade 6,2025-05-30,Withdrawn,2026-04-12,Miranda Gill,robin55@example.com,8936204899
STU00493,Courtney,Gray,Female,2012-11-06,Grade 8,,Active,,Mary Johnson,sharon95@example.com,001-993-805-9660x18648
STU00782,Steven,Miller,Male,15/2/2011,Grade 7,20-Oct-2021,Active,,Russell Gordon,sarah80@example.org,+1-764-548-2217
STU00751,Amanda,Gomez,Female,2011-03-23,Grade 8,15/6/2020,Active,,Theresa Martinez,mhoffman@example.net,(770)845-2388
STU00817,Stephen,mcclure,Male,2009-10-23,Grade 9,2023-01-08,Active,,John Pearson,eugenegreen@example.com,912.361.6850
STU00392,Charlene,Brown,Female,11-Jan-2009,Grade 6,2025-04-09,Active,,Deanna Barrera,nalexander@example.org,+1-921-941-6141x5093
STU00557,Shannon,,Female,2014-08-30,Grade 11,2024-04-01,Active,,Chloe Shaffer,qgay@example.com,+1-547-725-8784x448
STU00696,April,Wilson,Female,2012-04-18,Grade 8,2023-03-15,Active,,Melissa Ray,coffeyjohn@example.net,3332016234
STU00693,Robin,Dunn,Female,2012-03-10,Grade 8,2019-08-11,Withdrawn,2021-02-22,Elizabeth Tran,craig60@example.com,(715)840-2119x01707
STU00606,Jennifer,Ferguson,Female,8/7/2012,Grade 10,16/10/2023,Active,,Timothy Wood,rachelsutton@example.org,(909)806-9130x9810
STU00498,Sherri,Thomas,Female,2010-03-08,Grade 7,2021-11-05,Active,,Frances Russell,thomas49@example.org,(550)742-9019
STU00840,Melanie,hess,Female,25/5/2015,Grade 7,43901,Active,,Edwin Grimes,valenciaerik@example.net,331.504.3841x96622
STU00854,Theodore,Hernandez,Male,2008-10-10,Grade 6,13-Aug-2024,Active,,Robin Perez,patriciamorrison@example.org,8458735323
STU00490,Shelley,Wright,Female,2008-01-10,Grade 10,2025-01-04,Active,,Jeffrey Campbell,michael34@example.org,+1-967-611-1483x753
STU00953,Chris,Rogers  ,Male,2012-08-31,Grade 12,2021-05-14,Active,,Lindsey Potter,michaelandrews@example.org,5643411197
STU00436,Adam,Guerra,Male,"November 25, 2010",Grade 7,2023-02-19,Active,,Julie Taylor,theodore57@example.net,001-804-812-0092x820
STU00077,Ana,Sanders,Female,2013-04-21,Grade 6,2020-10-12,Active,,Jason Ortiz,martinezlogan@example.org,378.452.8922x680
STU00203,Kathy,Morgan,Female,2008-07-03,Grade 6,"November 07, 2024",Active,,DEANNA MEDINA,heather69@example.com,001-735-877-9071x41633
STU00327,Brandon,Palmer,Male,2015-05-10,Grade 10,7/21/2023,Active,,Maria Reeves,prose@example.net,647-561-7422
STU00215,,Martin,Male,2013-06-19,Grade 7,2020-11-07,Active,,James Baker,hgarrett@example.net,
STU00062,Joel,Johnson,Male,2010-07-09,Grade 10,4/6/2020,Active,,Matthew Madden,gilbertwilliam@example.com,001-480-279-3597
STU00160,,Key,Male,2015-04-21,Grade 8,2024-08-20,Active,,Kristina Wheeler,kenneth17@example.org,445-244-4328x30965
STU00268,Whitney,Scott,Female,"January 27, 2014",Grade 10,2022-01-23,ACTIVE,,Benjamin Krause,chelseywhite@example.com,328-263-9174
STU00567,Penny,Fernandez,,3/17/2015,Grade 6,2021-12-15,Graduated,2023-02-08,Ethan Hall,jamesmartin@example.com,935.502.7160
STU00310,Kelly,Diaz,Female,2008-10-01,Grade 6,2022-09-15,  Active,,Michael Evans,ejenkins@example.net,564.342.4936
STU00338,Mark,Sanchez,,2013-08-05,Grade 8,2021-10-17,active,,  Rachel Taylor,agutierrez@example.com,250.872.0811x55626
STU00514,Billy,Wagner,,2013-03-13,Grade 6,"May 12, 2023",,,Alicia Newton,codychapman@example.com,994.556.8044
STU00265,Donna,,Female,40407,Grade 6,2022-07-19,Active,,Joseph Blanchard,hardindana@example.com,+1-545-744-1496x739
STU00206,Jennifer,Christensen,Female,2008-08-05,Grade 12,2019-12-29,Active,,Jenny Ayers,shawphillip@example.net,001-727-618-7500x36915
STU00125,Jaime,Jones,Female,2013-12-04,Grade 12,2025-01-05,Active,,Jennifer Brady,shawn75@example.net,5179518636
STU00779,Janet,Hawkins,Female,2009-11-29,Grade 12,2024-08-26,ACTIVE,,James Garcia,toddcisneros@example.com,694.333.2562x3899
STU00299,Robert,Hines,Male,2011-10-20,Grade 9,2024-08-23,Withdrawn,2025-09-18,Tracey Jackson,beltrancorey@example.org,875.392.7125x66383
STU00714,Lance,Mendez,Male,2011-04-02,Grade 11,2021-03-08,Active,,Zachary Barton,davidbrown@example.org,664-481-8804
STU00041,Diane,  Evans,Female,7/4/2012,Grade 10,2024-04-29,Graduated,2026-05-01,Mrs. Brittany Ryan MD,ugibson@example.org,001-939-263-6057x662
STU00828,Olivia,Sanchez,Female,2010-07-24,Grade 9,2023-07-09,Active,,Brianna Ward,johnsonrick@example.com,001-390-806-9680
STU00738,John,Rodriguez,Male,2008-09-14,Grade 8,2021-07-20,Active,,Richard Contreras,rosejones@example.org,+1-717-998-2134x8629
STU00075,,Ramirez,Female,2015-04-03,Grade 10,2019-09-02,Active,,Cody Holmes,greenjorge@example.com,494.973.1217
STU00724,Bruce,Anderson,Male,2013-10-24,Grade 12,2022-04-07,Active,,Andrew Lee,meyerjames@example.com,(691)706-2715x3123
STU00677,Cassandra,Anderson,Female,2015-06-10,Grade 10,2022-01-12,Suspended,,Michael Serrano,elizabeth10@example.org,351-609-1090x3267
STU00972,Ryan,Woods,Male,2014-06-14,Grade 12,2024-09-04,Active,,Bianca Chandler,brianthompson@example.net,(371)911-7576
STU00122,PHYLLIS,Cunningham,Female,2013-10-01,Grade 12,2024-07-17,  Active,,Jorge Armstrong III,amber07@example.net,361.934.0745
STU00660,Daniel,Garcia,Male,2008-03-23,Grade 8,2023-07-12,Active,,Jessica Stevenson,wjefferson@example.com,2849376855
STU00428,Jacob  ,Barrera,Male,2008-04-26,Grade 12,2023-03-02,Active,,Cody Huffman,ashleyharding@example.org,+1-540-942-2693x1216
STU00576,Michael,Peterson,Male,,Grade 9,2022-05-03,Active,,Jacob May,codyhester@example.org,384-425-4768
STU00543,Joel,Tyler,Male,25/8/2012,Grade 12,15-Aug-2019,Active,,Danny Fletcher,bryceroberts@example.net,+1-779-769-5867x805
STU00895,Stephanie,Love,Female,2008-10-15,Grade 7,2021-04-06,Active,,Sarah Simon,michaellopez@example.net,+1-818-775-0677x610
STU00040,Travis,Holland,Male,19-Oct-2008,Grade 7,2024-11-28,Graduated  ,2025-08-19,Dorothy Thornton,edavenport@example.org,682.263.9821x465
STU00166,Crystal,Acosta,Female,2008-08-14,Grade 10,"April 11, 2022",Active,,Leah Jackson,jennifer06@example.net,889-309-0100x167
STU00320,Melissa,,Female,41361,Grade 9,44796,Active,,Dawn Davis,williamssarah@example.com,(499)200-4896x465
STU00049,,Barber,Female,2014-08-27,Grade 7,45615,Active,,  Sandra Gilbert,antonio53@example.com,935.315.8506x431
STU00026,Tamara,Hooper,Female,2011-11-04,Grade 7,2021-02-17,Active,,Leslie Alvarado,dayderek@example.com,(804)665-3755
STU00835,Kathy,Lewis,Female,"July 17, 2010",Grade 11,2021-06-06,Active,,Angela Chapman,ashley77@example.org,001-516-388-0053x789
STU00852,Andrew,Mccall,Male,2011-06-10,Grade 9,2022-12-07,Active,,Monica  Jones,luisbates@example.org,860-394-3913
STU00777,Jessica,Collins,Female,,Grade 9,2025-05-04,Active,,Nicole Pope,griffintodd@example.com,340-604-9388
STU00290,Amy,Davidson,Female,2012-03-27,Grade 10,2020-10-20,Active,,Timothy Ramirez,millermelissa@example.net,+1-818-763-7599x80562
STU00011,Shannon,Jones,Male,2014-01-13,Grade 11,2024-09-24,Active,,Annette Pearson,novaksara@example.org,(267)873-6026
STU00884,Logan,Golden,Male,31/1/2009,Grade 12,"January 23, 2022",Active,,Kathleen Hanson,raywalters@example.org,(995)763-4277
STU00107,Ryan,Newman,Male,40258,Grade 7,2024-04-18,Active,,Valerie Jacobson,hallrachel@example.net,001-474-701-4890
STU00094,Blake,Elliott,Male,24-Jan-2008,Grade 12,2024-09-28,Active,,Kathy Armstrong,franklinbond@example.com,439-871-8707
STU00558,Denise,Hoffman,Female,2010-01-15,Grade 9,2021-08-23,  Active,,William Bautista,gsmith@example.com,522.516.4175x8231
STU00258,Michele,Hoover,Female,2010-06-11,Grade 8,2024-03-28,Active,,Sharon Young,tgarrett@example.com,(466)683-2723x8656
STU00076,Yolanda,Cochran,Female,2015-04-24,Grade 11,28/9/2020,Graduated,2021-12-27,Miss Michelle Pierce,patricia22@example.com,431.332.3705x89578
STU00039,Lori,Wolf,Female,2009-03-13,Grade 12,2020-05-10,Graduated,2023-11-01,Tanya Kim,omartinez@example.net,324.980.8613
STU00222,  Nathan,Barrett,Male,2011-11-18,Grade 8,2022-12-05,Active,,Joseph Jimenez,chloemorris@example.net,
STU00726,riley,Galloway,Male,2013-10-23,Grade 10,2019-09-19,Suspended  ,,David Roy,ricklewis@example.net,(391)601-5709x085
STU00897,Gregory,Jimenez,Male,2013-06-11,Grade 11,2019-11-13,Active,,Mike Dennis,sbennett@example.com,+1-962-595-9125
STU00997,Arthur,Smith,Male,2015-03-25,Grade 8,2022-05-23,Active,,,timothy42@example.org,(643)859-9009x3781
STU00073,Joshua,Morris,Male,2008-03-17,Grade 8,2020-05-08,Withdrawn,2022-11-30,ELIZABETH MORRISON,cjackson@example.com,205.496.4016x582
STU00064,Justin,Hughes,Male,02-Aug-2009,Grade 6,2025-04-11,Active,,Tracey Morrison,mathewaguilar@example.org,(346)829-1486x528
STU00739,Richard,,Male,"January 27, 2011",Grade 11,2019-09-16,Active,,Sharon Hall,nancycharles@example.org,+1-956-805-3970
STU00272,Andrew,Brown,Male,2013-11-14,Grade 9,"September 01, 2024",Active,,Bruce Roman,ibentley@example.org,001-293-410-2707x9032
STU00559,Elizabeth,Torres,Female,2013-09-13,Grade 7,2022-02-09,Active,,Michael Pennington,ashleymoore@example.org,862.629.2587
STU00968,Stacy,Phillips,Female,2008-02-26,Grade 11,2019-10-12,Active,,ryan thornton,patrickmartin@example.org,846-686-2728x84076
STU00047,Tonya,TAYLOR,Female,2015-04-21,Grade 6,06-May-2025,Active  ,,Misty Whitney,christopher60@example.com,+1-517-954-9651
STU00289,Wayne,Payne,Male,2011-08-18,Grade 11,17/4/2020,Active,,Elizabeth Kemp,laurenchandler@example.com,317-702-8140x69375
STU00103,Christian,Rivera,Male,2010-08-10,,6/1/2024,Active,,Kathryn Pena,jonathan77@example.com,(252)328-7280
STU00547,Donna,Middleton,Female,2008-10-28,Grade 10,2019-10-04,Active,,Jennifer Smith,kathryn21@example.com,001-366-863-0932
STU00809,,Smith  ,Male,2014-02-09,Grade 8,2021-07-27,Withdrawn,2023-11-16,Gary Harmon,ekim@example.com,2068666411
STU00967,Patricia,Mcdonald,Female,2007-11-12,Grade 9,2023-02-15,Active,,Brian Murray,serranosteven@example.com,(247)483-7031x7543
STU00673,colleen,Herman,Female,2008-11-22,Grade 7,2022-10-26,Active,,Ashley Caldwell,christina57@example.com,
STU00805,Michael,King,Male,06-Jun-2009,Grade 12,2025-02-06,Active,,Shannon Downs,lpage@example.com,(538)339-7283
STU00430,John,Hart,Male,"February 15, 2011",Grade 12,2023-08-20,Active,,Gary Moore,stephensjoseph@example.net,400-218-4186
STU00682,Tina,SOLOMON,Female,2013-05-03,Grade 7,2021-02-21,Active,,Randy Welch,,878-533-2584
STU00488,Linda,Salazar,Female,,Grade 10,2023-10-22,,,Theresa Nelson,garciatyler@example.org,+1-256-974-3000x3896
STU00757,Deborah,Moore,Female,2013-04-23,Grade 12,2021-10-09,Active,,Alexander Martin,tpowell@example.org,+1-872-425-7754x58472
STU00704,Karen  ,Hill,Female,2008-11-27,Grade 8,2020-07-03,active,,Monica Howe,nmontoya@example.com,411-289-3940x65578
STU00711,Anthony,Mccoy,Male,2015-04-27,Grade 9,2020-07-31,Active,,Chase Gomez,ychambers@example.net,+1-944-342-1829x9874
STU00982,Susan,Carr,Female,2012-06-27,Grade 9,2025-03-27,Active,,Bailey Sanchez,emorales@example.com,349.554.2106x294
STU00232,Greg,Brock,Male,2010-01-04,Grade 6,2024-11-05,Active,,Gary Singh,jamesmills@example.com,+1-679-420-6980
STU00200,James,Fields,Male,2014-01-02,Grade 12,2022-08-08,Active,,Kaitlyn Burke,brownjeffrey@example.org,+1-206-569-8490x277
STU00890,,Robinson,Male,11/2/2012,Grade 9,2022-12-20,Active,,Charles Conrad,haroldlee@example.org,310-342-9483x1478
STU00035,Christopher,Jones,Male,8/4/2007,Grade 7,10-Oct-2023,Active,,Kirk Carter,keithcampbell@example.com,434-693-6183
STU00762,Gary,Estrada,Male,03-May-2012,Grade 9,2025-02-05,Graduated,,Susan Higgins,tracywoodard@example.com,(498)783-2201
STU00279,Jasmine,Taylor,Female,2013-04-30,Grade 6,2021-12-16,ACTIVE,,Vanessa Harris,antoniocarroll@example.com,(417)476-2534
STU00617,Alexander,Anderson,Male,8/31/2013,Grade 7,2022-08-06,Active,,Christopher Brown,kimberlyshields@example.org,001-405-591-2975x1910
STU00582,Sean,Ramirez,Male,2013-05-12,Grade 6,44573,Active,,David Romero,qestrada@example.com,
STU00866,Krystal,Jensen,Female,2015-04-10,Grade 11,2022-03-31,Active,,Brian Reid,derrick63@example.com,305.497.0255
STU00411,Gregory,Figueroa,Male,2015-04-25,Grade 8,44888,Active,,Linda Atkinson,qvargas@example.org,+1-482-922-6940x53967
STU00117,Brent,Bowen,Male,2011-03-11,Grade 11,2023-11-20,Active,,Andrew Page,sweeneydeborah@example.net,(938)528-2586
STU00029,Kim,Stanley,Female,2008-02-14,Grade 9,2024-10-30,Active,,Alexandria Fisher,xgarcia@example.net,626.728.4987x769
STU00585,Melissa,walters,Female,41536,Grade 10,10/18/2022,Active,,Justin Boyer,joy52@example.com,355-898-3541
STU00359,,Bishop,Male,2011-01-09,Grade 11,2024-04-30,Active,,Anthony Williams,nmorales@example.com,399.707.6769
STU00174,Jack,Brown  ,Male,2009-05-09,Grade 8,17-Feb-2022,active,,justin harvey,,211.430.5548x851
STU00111,Misty,Hansen,Female,2015-07-06,Grade 11,2021-12-23,Active,,Joseph Jennings,dominicturner@example.com,(712)664-6471
STU00399,Sarah,Finley,Female,,Grade 11,2021-08-16,Active,,Antonio Nichols,uwhitney@example.com,+1-528-999-3160x87524
STU00947,Alan,Phillips,Male,2008-11-04,Grade 8,2023-08-04,Withdrawn,,Raymond Clements,daniel16@example.org,+1-425-559-0461x0079
STU00034,Chase,Hart,Male,2009-12-31,Grade 12,2022-12-05,Active,,Bailey Duran DDS,kimberlyjames@example.com,496-549-9091x3341
STU00114,Michael,Taylor,Male,2009-12-28,Grade 12,24-Oct-2021,Active,,Christian Henderson,mjones@example.com,001-368-386-8058
STU00615,Holly,King,Female,05-Sep-2011,Grade 9,2023-12-06,Active,,Dr. Allison Flores,brettallen@example.com,276-250-4715x802
STU00226,Nicholas,Bird,Male,5/2/2012,Grade 10,2023-11-16,Active,,Wendy Turner,tracey35@example.org,001-648-788-9921x07522
STU00951,Jennifer,Hatfield,Female,2011-08-24,,2024-04-23,Active,,Michele Hughes,sarah62@example.org,919-376-8784x947
STU00224,Angela,Lewis,Female,40808,Grade 8,2023-04-23,Active,,David Cruz,aliciawright@example.net,(388)461-9576
STU00838,Amanda,Clark,Female,2007-12-23,Grade 11,2022-09-27,Active,,Melissa Robinson,davidgonzales@example.com,(813)753-0281
STU00990,Richard,Jacobs,Male,2012-10-23,Grade 7,2021-12-06,Active,,Ronald Ramos,robertsmith@example.com,2952632174
STU00699,mathew,Cole,Male,2013-01-28,Grade 6,2020-09-11,Active,,John Myers,timothykim@example.org,6377638821
STU00422,Michael,TOWNSEND,Male,2008-08-11,Grade 6,2019-11-15,Active,,Robert  Paul,john43@example.net,(711)629-1093x3711
STU00863,Heather,Pittman,Female,2015-01-21,Grade 8,2023-11-16,Active,,Melinda Mccullough,james91@example.net,001-465-343-0895x23120
STU00689,Renee,Parsons  ,Female,10/15/2010,Grade 9,2021-03-05,Active,,Marc Webb,cherryjulie@example.net,001-778-276-5530x07309
STU00463,Barbara,Flores,Female,"October 02, 2008",Grade 9,"November 09, 2024",Active  ,,Sarah Woodard,hbarnett@example.net,697.674.5731
STU00420,Brandi,Johnson,Female,2015-06-29,Grade 12,2020-06-10,Active,,Jessica Jensen,,733-656-7086x0414
STU00636,Monica,Ali,Female,2008-05-07,Grade 10,2019-12-29,ACTIVE,,Matthew Maddox,charles60@example.com,001-301-542-4731x07201
STU00826,Douglas,Blanchard,Male,2011-07-05,Grade 11,2019-08-06,Active,,Michele Richard,dlarson@example.com,001-695-203-1006x493
STU00098,Jessica,Fernandez,Female,2013-08-09,Grade 6,"November 15, 2020",Withdrawn,2022-10-30,Brenda Holder,lisadennis@example.com,001-695-634-2836
STU00581,Sheri,Herring,Female,2007-11-24,Grade 7,2022-03-05,Active,,Dawn Sims,trichards@example.net,243.381.1995x3766
STU00300,  Pam,Edwards,Female,2011-04-19,Grade 12,2024-08-31,Active,,Kathleen Ward,angela01@example.com,
STU00736,Alexandra,Atkinson,Female,2014-10-06,Grade 11,2022-04-04,Active,,Brian Morrison,jamesjeffery@example.com,885.327.7895
STU00973,Ashley,Martin,Female,2013-10-21,Grade 11,45166,Active,,Stephen Watson,joseph86@example.net,+1-530-452-1690
STU00773,Amanda,Brown,Female,2008-07-08,Grade 12,2021-11-28,Active,,Barbara Clark,gspencer@example.com,(941)372-6808x0815
STU00424,Amber  ,Knight,Female,2013-12-04,Grade 12,2022-07-02,Active,,Natalie Sanders,martinkaren@example.com,+1-566-294-3202
STU00913,Kayla,Boyer  ,Female,2010-06-02,Grade 7,"June 21, 2021",Active,,Chelsea Ramirez,,662.896.9143x362
STU00186,Preston,Kim,Male,2010-09-24,Grade 12,29-Nov-2021,Active,,Kara Ferguson,julierobles@example.net,824-350-8821x0099
STU00113,  Tracy,Carter,Female,2013-02-16,,20/3/2022,Active,,Kenneth Sanchez MD,kdiaz@example.org,001-382-880-7374
STU00684,Ruth,Barnett,Female,2012-03-16,Grade 10,2021-06-20,active,,Aaron Perez,stephaniecole@example.com,6602148860
STU00082,Lauren,Williams,Female,2009-10-27,Grade 12,2021-01-17,Active,,Sarah Chambers,amanda16@example.org,656-350-6098x358
STU00681,Cody,Jimenez,Male,2012-11-01,Grade 7,2023-07-07,Withdrawn,45918,Michael Morris,lisamcgee@example.net,(559)920-2461x75202
STU00518,Thomas,Simmons,Male,2008-03-10,Grade 6,2022-07-04,Active,,Adam Meyer,martinsamuel@example.org,8672287286
STU00269,Angel,Duncan,,2009-07-29,Grade 11,2022-12-20,Active,,Steven  Hernandez,fitzpatrickelizabeth@example.com,(856)390-8776
STU00991,Michelle,mendez,Female,,Grade 11,2023-06-15,Withdrawn,2024-04-25,Laura Sanchez,amberthompson@example.org,971-919-3600x6082
STU00405,Melissa,Davis,Female,24/4/2012,Grade 8,2020-12-22,Active,,Zachary Park,ashley15@example.org,001-382-560-6888x718
STU00221,Kimberly,Morris,Female,2011-04-26,Grade 8,2025-04-10,Active,,Linda Valencia,caseymoore@example.com,585-770-8620x959
STU00012,Deborah,Bowers,Female,"March 18, 2011",Grade 6,2022-11-13,Active,,Tyler Cowan,smoore@example.org,4982050097
STU00948,Amy,Simmons,Female,2007-10-04,Grade 11,2020-08-15,Active,,Justin Boyd,fmiller@example.net,001-723-229-6151x2048
STU00646,Michael,Price,Male,20/12/2014,Grade 10,30-Dec-2024,active,,Amber Richards,cthompson@example.com,(504)995-6121
STU00603,Carol,Singh,Female,2015-03-19,Grade 7,2020-06-07,Active,,Melissa Mitchell,justin94@example.org,001-316-531-8732x80771
STU00600,Parker,Warren,Male,2008-12-29,Grade 10,2023-12-11,Active,,Michael Lozano,bryantjacob@example.org,001-351-637-3990x063
STU00143,William,Casey,Male,2010-06-11,Grade 8,2022-02-04,Active,,Kari Durham,paul20@example.com,+1-530-540-7859x321
STU00472,Cory,Blevins,Male,5/9/2012,Grade 6,2020-01-07,Active  ,,Sherry Shelton,harcher@example.org,755-369-6443x098
STU00112,tony,Le,Male,2011-07-15,Grade 11,2020-07-13,Active,,Judith Taylor,rushmartin@example.net,(457)856-9245x9375
STU00613,Melissa,Mckee,Female,2015-05-19,Grade 6,2019-11-16,Active,,Bridget Wallace,taylorparker@example.com,720.795.7992x7079
STU00196,Alice,MILLS,Female,2014-11-05,Grade 11,2024-02-04,Graduated,"December 27, 2025",Samantha Jacobs,thomasmendez@example.org,+1-881-817-2980
STU00211,Stacy,Norman,Female,"January 30, 2015",Grade 11,"July 15, 2024",Active,,KELLY COLE,ivanjohnson@example.net,941.232.6111
STU00416,Steve,Lopez,Male,"May 28, 2010",Grade 6,2021-03-07,Active,,Johnathan Miller,,(443)676-5456
STU00189,DANIELLE,Walker,Female,2013-06-27,Grade 9,2024-11-06,Active,,Ryan Taylor,natalie77@example.com,001-347-281-2914x28341
STU00353,Steven,Chambers,Male,2010-11-16,,2023-05-02,Active,,Michele Farmer,cobbdebra@example.org,+1-407-215-6956
STU00979,Cody,Jones,Male,2010-07-17,Grade 6,2023-12-27,ACTIVE,,Elizabeth Cervantes,ramirezamy@example.org,001-232-425-3332
STU00720,Jared,Morris,Male,,Grade 7,2022-09-08,active,,Sarah Cummings,hullcheryl@example.net,256.217.8688x0023
STU00898,Elizabeth,Hunter,Female,2012-02-04,Grade 8,2024-04-10,Active,,Gwendolyn Walker,emily07@example.net,629-390-7472x9669
STU00169,Summer,Newman,Female,2011-03-23,Grade 9,2023-06-09,Active,,Deborah Williams,morganphelps@example.com,
STU00649,Barbara,Martin,Female,2012-02-18,,2020-10-21,Active,,Jill Barajas,,(696)418-0332
STU00593,Matthew,Simpson,Male,2008-07-11,Grade 11,2021-07-02,Active,,Tracy Berry,yballard@example.net,625.821.4526x4712
STU00767,Thomas,,Male,2012-07-05,Grade 7,2022-11-07,Active,,Chad Cooper,mrandolph@example.net,001-930-649-3665x3802
STU00148,Mark,Mccarty,Male,2014-02-21,Grade 10,12/11/2020,Active,,Monica Rogers,bakerjohn@example.org,
STU00285,Michelle,Gregory,Female,2011-11-01,Grade 12,2021-07-15,Active,,Marc Marsh,lopeznicole@example.org,462-941-1241
STU00658,Andrew,Keller,Male,2008-01-18,Grade 8,,  Active,,William Ball,russell33@example.net,+1-494-885-3208x953
STU00198,michelle,Clarke,Female,"March 11, 2012",Grade 11,2023-03-13,Active,,Adam Pena,robert12@example.com,+1-994-448-6959x4636
STU00189,DANIELLE,Walker,Female,2013-06-27,Grade 9,2024-11-06,Active,,Ryan Taylor,natalie77@example.com,001-347-281-2914x28341
STU00407,Danielle,Williams,Female,2015-02-19,Grade 7,22/2/2025,Active,,Elaine Ferguson,barbaraneal@example.net,(598)483-1030x324
STU00932,  Corey,Reyes,Male,2011-01-09,Grade 7,2019-09-08,ACTIVE,,Cindy Wells,amywest@example.net,(802)400-9536
STU00956,Charles,Reeves,Male,14/9/2012,Grade 9,2025-01-20,Active,,Amy Brown,bryanhale@example.org,+1-578-699-9011x400
STU00787,Deborah,Ross,Female,21/2/2013,Grade 6,6/19/2021,Withdrawn,2024-05-21,Andrew Graham,randall28@example.com,+1-591-760-9114x131
STU00896,,Jackson,Male,2012-08-24,Grade 6,2/11/2024,Active,,Kelly Chase,john19@example.org,597.661.7815x969
STU00829,Mitchell  ,Woods,Male,2007-12-03,Grade 12,2024-12-15,Active,,Dana Mendoza,heather23@example.net,894.949.5300
STU00408,,Robinson,Female,"June 11, 2010",Grade 12,2025-05-27,Active,,Marcus Jones,jorge26@example.com,746-428-3143
STU00293,Kathleen,Singh,Female,2009-05-14,Grade 12,2024-02-01,Active,,Brittany Evans,qmartinez@example.com,(827)630-1471x95979
STU00126,Debra,Clayton,Female,2010-04-09,Grade 9,2020-06-13,Active,,Kylie Washington,patricia00@example.org,+1-670-312-7706x3242
STU00135,Natalie,Smith,Female,2014-06-10,Grade 6,2023-12-10,Active,,Angel Cox,haroldhorne@example.org,+1-763-353-6541
STU00121,Tiffany  ,Washington,Female,2009-02-17,,,Active,,Justin Delgado,acohen@example.net,672.419.0340x438
STU00213,Brandy,Fry,Female,11/19/2011,Grade 6,2019-11-27,Graduated,2023-01-30,Joyce Curry,omills@example.net,257-283-1745x6424
STU00588,Kimberly,Contreras,Female,2009-10-05,Grade 12,7/22/2023,Active,,  Roy Lucero II,scottcain@example.org,5438097768
STU00282,Edward,Holland,Male,2008-04-18,Grade 10,2022-01-01,Active,,Eric Warner,braysteven@example.org,001-862-657-0165x804
STU00750,Jennifer,Davis,Female,02-Dec-2009,Grade 7,2023-03-11,Active,,ronald harris,jessicadiaz@example.org,(678)313-6750x09421
STU00396,Michael,Kane,Male,2014-07-31,Grade 12,2023-04-23,Active,,Michelle Johnson,trobles@example.net,+1-572-471-7833
STU00144,Derek,Velasquez,Male,2014-11-28,Grade 12,12/6/2019,Graduated,8/28/2022,Zachary Robinson,lkelly@example.org,495.559.0599
STU00570,Kelly,Taylor,Female,2011-04-30,Grade 9,2023-08-11,Active,,Kyle Clark,nathan62@example.com,(928)522-5120
STU00020,Benjamin,Beck,Male,2010-03-18,Grade 11,2023-03-21,Active,,Ryan Cortez,william65@example.com,001-248-623-6629x946
STU00729,William,Kennedy,Male,"October 02, 2010",Grade 6,2020-05-03,Active,,Phillip Compton,maygordon@example.org,283-689-3595x3828
STU00568,Jamie,Griffin,Female,6/10/2010,Grade 7,2021-11-15,Active,,James Olsen,costawilliam@example.net,001-381-723-1795x5633
STU00494,Laura,Carroll,Female,"September 21, 2011",Grade 8,2020-12-12,Active,,James Reese,davidsmith@example.net,613-684-5960x945
STU00434,Bradley,Espinoza,Male,14-Oct-2011,Grade 6,"January 18, 2023",Active,,Roberta Robinson,youngaaron@example.org,(887)521-0552x472
STU00629,Tyler,Martinez,Male,41826,Grade 10,2021-08-06,Active,,Jackie Stewart,opierce@example.com,+1-256-425-9045x9908
STU00550,TYLER,WARE,Male,2011-11-14,Grade 10,2022-01-06,Active,,Lisa Hays,gonzalesmaria@example.org,360-456-8761x1249
STU00281,  Jason,Williams,Male,42187,Grade 12,18-Nov-2021,Active,,Kathy Simmons,zmendoza@example.net,477-731-8063
STU00098,Jessica,Fernandez,Female,2013-08-09,Grade 6,"November 15, 2020",Withdrawn,2022-10-30,Brenda Holder,lisadennis@example.com,001-695-634-2836
STU00005,MATTHEW,Foster,Male,2014-11-20,Grade 10,"October 23, 2021",Active,,Derek Wright,julie69@example.com,(332)887-1012x269
STU00792,Regina,Williams,Female,39653,Grade 9,12/14/2024,Active,,Kyle White,pvang@example.net,(805)511-7160x3988
STU00794,Anthony,  Knapp,Male,24-Jul-2015,Grade 11,10/19/2019,Suspended,,Denise Leach,areynolds@example.org,964-620-4565x77580
STU00171,Lisa,Maxwell,Female,2012-06-17,Grade 7,"December 07, 2020",  Active,,Sheryl Acosta,timothyfreeman@example.com,301.845.0899x358
STU00708,Edward,Barton,Male,40649,Grade 10,7/27/2024,Active,,Kevin Hogan,rachelhall@example.net,+1-418-576-9208
STU00483,Allen,Quinn,Male,4/6/2009,Grade 6,2020-10-24,Active,,kathryn shelton,kathleen31@example.org,001-266-410-9410x1759
STU00061,Nicole,Wolf,Female,2011-02-28,Grade 7,2021-09-16,active,,Kristy Reid,michelle52@example.com,377-644-9058
STU00389,NOAH,Allen,Male,2007-11-05,Grade 11,2021-03-11,ACTIVE,,Lynn Rhodes,josegibson@example.net,(843)899-2011
STU00134,Nicholas,Wilson,Male,,Grade 9,2022-01-15,Active,,Jeffrey Warren,jennifer91@example.com,385.507.9252x419
STU00486,  Rachel,  Evans,Female,2008-07-06,Grade 12,12/4/2020,Active,,Kyle Rivera,loriroberts@example.com,(851)224-1893x8984
STU00921,Antonio,Taylor,Male,7/4/2009,,2020-02-04,Active,,James Bullock,wharris@example.com,(571)535-8969
STU00510,Casey,Huber,Female,2012-11-08,Grade 10,2020-10-13,Withdrawn,26-Feb-2023,,flarsen@example.net,(830)944-8360x85456
STU00024,michelle,Young,Female,4/4/2010,Grade 7,2022-07-20,Active  ,,ANGELA HERNANDEZ,,866-858-7603
STU00251,Ashley,Miranda,Female,7/14/2013,Grade 6,1/8/2024,Active,,Peter Fowler,manuellee@example.com,+1-257-314-2241
STU00030,Samuel,Rivas,Male,2008-04-06,Grade 11,2020-11-12,Active,,DANA MARSHALL,frogers@example.com,(273)554-5494
STU00091,Samuel,Mcdonald,Male,2009-02-10,Grade 11,2023-04-22,Active,,Christopher Stevens,jennifer05@example.com,001-832-396-6851
STU00473,Jessica,Gibson,Female,2015-04-25,Grade 12,2024-11-22,Active,,Donna Montes,jho@example.com,+1-228-549-8247x41407
STU00712,Chris,Holloway,Male,2009-11-18,Grade 6,2023-02-04,Active,,Amanda Gray,huntertanner@example.org,+1-400-843-6551x584
STU00882,Kathleen,  Thompson,Female,2008-09-15,Grade 11,5/8/2020,,,James Scott II,bwhite@example.com,222-516-2654x9633
STU00672,James,Williams,Male,2009-12-29,Grade 12,2022-01-20,Active,,Cheyenne Hudson,jlloyd@example.com,+1-994-330-1204
STU00528,Melissa,Ortiz,Female,2012-08-26,Grade 6,2020-11-02,Active,,Teresa Collins,david79@example.net,797-211-1212
STU00801,Jerry,Santana,Male,40454,Grade 10,2023-12-08,Active,,Matthew Newman,tracyjohnson@example.net,+1-362-817-5080
STU00928,Vernon,Walker,Male,"June 10, 2009",Grade 9,2022-06-13,Active,,Philip Cole,clinton09@example.org,+1-715-638-6028x262
STU00860,Jacob,Patterson,Male,2013-05-01,Grade 12,2024-04-14,Active,,Keith Hull,,+1-919-269-3957x87520
STU00086,Albert,Edwards,,2008-10-12,Grade 9,2021-01-04,Active,,Jennifer Hampton,vsalas@example.net,7284385786
STU00869,Dennis,Fox,Male,2012-12-23,Grade 12,"February 19, 2022",Active,,Kristina Thomas,watkinsvincent@example.org,+1-273-998-8941x321
STU00690,Victoria,Peck,Female,2012-10-04,Grade 11,"March 23, 2024",Active,,ryan montes,gmiller@example.net,581.692.7788x51905
STU00878,Ann,Robbins,Female,2015-03-26,Grade 8,2024-10-14,Active,,Brandi Williams,,+1-471-677-5461
STU00363,Daniel,Smith,Male,2009-05-09,Grade 10,2020-01-02,Active,,Marcus Allen,lindsay63@example.com,(405)601-5081
STU00099,Antonio,Fry,Male,"August 10, 2014",Grade 10,2022-07-23,Active,,Lori Simmons,wwilliams@example.net,+1-668-456-6246x28733
STU00426,Shelley,Williams,Female,42154,Grade 7,2020-12-15,,,Christine Wilson DDS,mark84@example.net,(669)445-0053
STU00080,Jody,Barker,Female,2008-10-31,Grade 12,2020-02-25,Active,,John Peterson,larryhiggins@example.net,(962)558-8153x714
STU00674,Courtney,Johnson,Female,2011-06-09,Grade 10,2025-02-18,Active,,Jordan Porter,lwilliams@example.com,712-883-3372x188
STU00958,Sarah,Fields,Female,2014-02-21,Grade 6,2022-02-03,Graduated,2026-05-04,Jacob Smith,jonessusan@example.com,958.221.0728
STU00560,,Baker,Male,2015-01-17,Grade 12,2024-10-09,Withdrawn,2026-01-19,Jacqueline Torres,maria57@example.com,(596)660-6065x27403
STU00778,Laura,Edwards,Female,2012-11-29,Grade 8,2021-07-13,Active,,,cheryl80@example.net,397-869-8731x3797
STU00771,Antonio,George,Male,2008-01-23,Grade 7,06-Oct-2020,Active,,Tracey Reynolds,gutierrezdavid@example.com,715.854.2034x03010
STU00624,Alexandria,Parker,Female,2008-11-02,Grade 12,2021-02-08,Active,,Melinda Patterson,georgealyssa@example.com,001-752-559-7107x5633
STU00631,,Kelley,Female,"April 14, 2008",Grade 12,2022-11-06,Active,,Christopher Farmer,jeremy08@example.org,
STU00243,Cynthia,Chapman,Female,2011-05-18,Grade 10,2022-04-13,Active,,Bobby Greene,nicoleramirez@example.net,+1-230-622-0502
STU00955,Sharon,Smith,Female,5/6/2014,Grade 12,2023-08-08,Active,,Wendy White,lisawatson@example.org,
STU00605,Stephanie,Brown,Female,2010-08-11,Grade 12,2024-08-19,Active,,Kathy Perez,matthewgriffith@example.org,313.398.4822x850
STU00482,Mike,Buchanan,Male,18-Oct-2009,Grade 10,2023-11-05,,,Elizabeth Long,ebennett@example.net,+1-329-288-4259x95996
STU00580,Steven,Martinez,Male,2013-06-27,,43876,Active,,BRITTANY RAMOS,kathleen01@example.net,381-797-3741x8972
STU00304,Robert,Fernandez,Male,2007-09-17,Grade 9,44073,Active,,Wanda Beard,reyesleonard@example.com,870.902.8427x624
STU00151,Anthony,Smith,Male,2008-04-09,Grade 6,21-Apr-2022,Active,,,johnsongeorge@example.com,871-446-7741
STU00552,Joseph,  Johnson,Male,2014-08-11,Grade 12,44984,Active,,Michelle Parker,ashleytorres@example.net,642.422.9464x303
STU00749,Patricia,Mitchell,Female,2009-08-30,Grade 7,2021-08-03,Graduated,12/4/2022,Eric Hanson,housedaniel@example.com,+1-772-503-8593x401
STU00403,Jamie,Mcgrath,Female,2013-01-02,Grade 8,12/28/2019,Active,,Anthony Kelly,dwhite@example.org,459.862.6301x36749
STU00104,Theresa,Barnett,Female,2013-09-07,Grade 10,2023-02-06,Active,,Ryan Hall,albertwagner@example.com,8992770088
STU00804,Daisy,Larson,Female,2008-09-29,Grade 10,2021-03-05,Active,,JONATHAN GUERRERO,klara@example.net,(698)982-9045x79271
STU00423,Molly,  Mayo,Female,"March 09, 2009",Grade 10,2023-12-03,Withdrawn,2024-09-28,Amanda Lee,patricia85@example.com,416.617.6880x294
STU00027,PAUL,Decker,Male,2009-08-03,Grade 12,2020-02-09,Withdrawn,2022-04-25,Alec Ryan,jeffrey10@example.org,530.992.3271
STU00592,Erin,Hudson,Female,2014-07-30,Grade 9,2024-12-01,Active,,Brianna Ryan,michelle90@example.net,001-459-211-9186x23392
STU00685,Kathleen,Carpenter,Female,2011-11-04,Grade 8,2022-07-31,Graduated,2025-12-15,,vcastro@example.org,+1-330-461-5370
STU00957,Tamara,Wells,Female,2008-07-03,Grade 9,2020-02-05,Active,,Michael Adkins,jgill@example.com,3166259084
STU00629,Tyler,Martinez,Male,41826,Grade 10,2021-08-06,Active,,Jackie Stewart,opierce@example.com,+1-256-425-9045x9908
STU00768,Paula,Garcia,Female,2013-09-07,Grade 12,2023-12-27,Active,,Brian Mitchell,,2955229462
STU00513,Teresa,Johnson,Female,2007-09-24,Grade 7,2024-09-22,Active,,Ashley Sanders,swilliams@example.com,6333041662
STU00337,Brooke,Carter,Female,"February 07, 2011",Grade 8,3/27/2021,Active,,Morgan Garcia,matthew21@example.org,860.737.5482x145
STU00562,Victoria,Willis,Female,17/1/2008,Grade 7,2023-04-14,,,Grant Medina,hmclean@example.com,(515)362-2949
STU00421,Terri,Dawson,Female,2009-07-18,Grade 9,2023-02-08,Active,,Catherine Smith,,362-247-5541
STU00294,,,Male,,Grade 9,2024-07-21,Active,,Jose Johnston,francisco02@example.com,325.520.4565x044
STU00676,Jennifer,Atkinson,Female,2009-11-11,Grade 10,18/1/2020,Active  ,,Carmen Moore,brittney11@example.org,202-986-7120
STU00218,Julia,Wise,Female,2011-09-27,Grade 9,2022-04-25,Active,,Mrs. Melanie Collins,eric08@example.net,547-843-5031
STU00930,Karl,Moore,Male,2010-07-16,Grade 6,2020-11-17,Active,,Sara Day,howelljennifer@example.com,922-448-7098
STU00332,Elizabeth,Gallegos,,"September 14, 2010",Grade 12,,Active,,Brian Abbott  ,fpetty@example.net,001-998-540-7678
STU00230,Jonathan,Ayala,Male,2008-08-11,Grade 12,2024-07-08,Active,,Justin Freeman,annshea@example.net,831.846.5911
STU00561,Elizabeth,Brooks,Female,2010-02-22,Grade 9,2021-01-31,Active,,Erika Castro,laurenwilliamson@example.com,511-632-5797x067
STU00988,Jennifer,Martinez,Female,2012-03-30,Grade 12,2021-01-28,Active,,Eric Robinson,jillian19@example.com,(482)722-5018
STU00763,Jennifer,Gibbs,Female,2014-06-22,Grade 6,2020-01-27,Withdrawn,2026-05-23,Carrie Ware,kathleen79@example.net,588.889.7535x852
STU00202,Nancy,Jones,Female,39554,Grade 7,"June 20, 2024",Active,,Ronald Herman,michael43@example.net,376.390.4268
STU00429,Terry,Waller,Male,2008-05-15,Grade 10,2022-11-02,Withdrawn,2024-03-18,Monica Morton,grayandrew@example.org,001-502-431-4290x01851
STU00937,,Evans,Male,2012-01-11,Grade 8,2024-03-05,Active,,Megan Nelson,margaret59@example.net,(316)402-1191x589
STU00661,Jordan,Hughes,Male,40583,Grade 12,01-Dec-2022,Withdrawn,2023-11-19,Charles Jones,zjackson@example.org,955.264.3436
STU00885,Robert,Moore,Male,"June 10, 2010",Grade 8,2024-03-04,Active,,,amy29@example.org,7598229411
STU00469,Samuel,Watts,Male,2008-12-06,Grade 7,2020-08-31,Active,,Carol Cook,athomas@example.net,265.902.4120x9579
STU00657,Anthony,Patterson,Male,2015-06-04,Grade 8,2023-03-28,Active,,Karen Hughes,taylordavid@example.org,8145188421
STU00161,Mary,Bright,Female,2009-08-24,Grade 10,2023-10-31,Active,,James Johnson,matthewreeves@example.net,+1-375-984-2824
STU00084,Breanna,Cook,Female,2011-05-12,Grade 10,"September 09, 2019",Active,,Larry Robertson,sarah52@example.com,+1-749-758-8879x470
STU00487,Joshua,,Male,25-Mar-2012,Grade 10,2023-03-24,Suspended,,Victoria Delgado,morganjose@example.com,001-302-838-5037x19905
STU00922,Heather,Lindsey,Female,39467,Grade 9,2025-06-01,Active  ,,Gene Morris,odavis@example.com,731.356.6397x925
STU00106,Angela,Chung,Female,2011-03-30,Grade 8,2024-02-04,Active,,Michael Evans,valdezmichele@example.org,366-968-7002
STU00305,Pamela,Carroll,Female,2011-06-30,Grade 12,2021-01-14,Active,,Kimberly Harrison,williammyers@example.com,001-269-454-5009
STU00155,Deborah,Pena,Female,2012-02-23,Grade 12,2025-01-28,,,Christopher Powell,,607.945.0544
STU00607,diane,Jensen,Female,2011-03-02,Grade 6,2022-11-22,Active,,Melanie Salazar,tina77@example.org,885.632.4264x250
STU00506,Aaron,Wall,Male,2007-10-11,Grade 11,2022-03-09,Active,,Tom Duncan,dmeyer@example.com,317-767-4124
STU00398,Thomas,Paul,Male,5/15/2013,Grade 12,2024-10-16,,,Rachel Burch,ostokes@example.com,741-411-5931
STU00774,Brittany,Johnson,Female,2013-04-30,Grade 8,2020-12-04,Active,,Michele Ford,williamortiz@example.org,607.935.1045
STU00725,Henry,Roth,Male,2011-08-23,Grade 7,2025-03-08,  Active,,Kenneth Washington,jcoleman@example.net,(693)284-4013
STU00899,Phillip,andrews,Male,9/28/2010,Grade 10,2021-09-16,Active,,Aaron Casey,rparker@example.com,685-399-4641x839
STU00208,Christina,Marsh,Female,2013-06-24,Grade 12,2025-05-08,Active,,Adam Fisher,wendyatkinson@example.net,+1-357-444-8906
STU00297,Michelle,Johnson,Female,2014-02-01,Grade 9,2025-04-01,Active,,Scott Thomas,kyleclark@example.org,(311)607-6031x08907
STU00158,Melanie,allen,Female,2011-06-25,Grade 9,2024-06-19,Active,,Tyler Wells,max41@example.com,6608293333
STU00941,Aaron,Clark,Male,4/24/2009,Grade 12,2025-04-26,Active,,Albert Stone,lauramanning@example.com,339.619.0088x991
STU00766,Lisa,Wilson,Female,2010-10-02,Grade 6,2020-04-12,Active,,Monique Wilson,davidmcdaniel@example.net,367.420.1911x166
STU00348,Catherine,Johnson  ,Female,2011-10-17,Grade 10,2021-04-09,Graduated,45397,Brandon Petty,justinwhite@example.org,(246)620-9520
STU00565,William,Norman,Male,2011-10-28,Grade 12,2020-05-25,Active,,Sarah Miller,mbishop@example.org,001-264-877-2512x95786
STU00591,Austin,Forbes,Male,2007-09-30,Grade 11,2019-12-08,Active,,Matthew Huang,jdillon@example.org,+1-651-649-4097x62637
STU00785,,Arnold,Male,21-Jul-2009,Grade 7,2024-07-21,Active,,Mr. Robert Tran,mathewbennett@example.org,001-579-662-4096x49668
STU00902,Aaron,Wiley,Male,2012-02-26,Grade 8,2020-09-03,Active,,Max Williams,itorres@example.net,599.274.1856
STU00650,Paul,Myers,Male,2010-07-18,Grade 11,2022-04-26,Active,,Alexandria Warren,brenda04@example.org,337-433-7773x12688
STU00781,Anthony,Moore,Male,"November 22, 2012",Grade 6,18/9/2019,Active,,Robert Burton,atkinsonrachel@example.net,935-499-8989
STU00131,Timothy,Anderson,Male,2014-06-16,,"April 16, 2024",Active,,Holly Vega,xbest@example.org,6918043006
STU00418,Rebecca,Klein,Female,2010-03-03,Grade 8,45246,Graduated,2024-06-16,Sierra Shaw,ganderson@example.org,(225)880-3056
STU00717,Chelsea,Kramer,Female,2013-05-04,Grade 12,"January 06, 2022",Active,,Joshua Lopez,,+1-317-764-6448x98803
STU00706,Bruce,Barr,Male,2009-03-15,Grade 9,2020-08-08,Active,,Shirley Evans,emoore@example.org,
STU00716,Edward,Smith,Male,2014-08-09,Grade 11,12/4/2021,Withdrawn,,Bianca Bowen,tlewis@example.com,670-264-6255
STU00595,Alexander,  Stein,Male,"January 29, 2012",Grade 10,22-Jan-2020,Active,,Tina Lopez,nwhite@example.com,
STU00575,Shannon,Lopez,Female,2014-07-11,Grade 8,2021-04-16,Active,,Jennifer Haney,ihowell@example.com,948-355-2457
STU00214,Joseph,Chang,Male,39689,Grade 8,2019-09-26,Active,,Joseph Watts,earroyo@example.com,8648930853
STU00347,Paul,Shaw,Male,2007-09-20,Grade 9,2021-09-10,Active,,Kim Rivers,kristin39@example.com,789-856-9070
STU00239,Jesse,Wilcox,Male,2007-11-28,Grade 6,2023-03-21,Active,,Kelly Foster PhD,oblack@example.org,
STU00683,Jeffrey,Dodson,Male,12/21/2013,Grade 12,2020-03-31,Active,,Nathan Payne,vwilliams@example.org,(691)276-7993x59374
STU00326,elizabeth,Owen,Female,2013-06-16,Grade 7,2021-01-11,Active  ,,Stephanie Munoz,elizabeth58@example.org,876.874.9961x6592
STU00737,Connor,West,Male,2014-09-13,Grade 9,2020-11-18,Active,,Elizabeth Watkins,michellemorris@example.org,(348)801-6440x3734
STU00445,Michaela,Alvarez,Female,2009-10-18,Grade 12,2020-01-16,Active,,Christopher Harrison,lukejohnson@example.net,001-360-456-7303x06442
STU00404,Ricardo,Esparza,Male,2012-12-07,Grade 8,,Withdrawn,2024-03-17,John Meyers,phill@example.com,(901)611-1783x099
STU00784,Rebecca,Greene,Female,2010-12-16,Grade 12,2020-06-03,  Active,,Brittany Barber,qlane@example.com,+1-804-209-5314x19615
STU00278,Christina,Rhodes,Female,"March 05, 2010",Grade 7,2020-12-13,Graduated,2026-01-23,Erika Garcia,ykane@example.org,979-470-6239
STU00797,Anna,Bartlett,Female,5/20/2014,Grade 10,2022-01-14,Active,,Danielle Robles,aholder@example.net,4175986778
STU00453,Laura,Johnson,Female,2013-06-11,Grade 12,2023-02-28,Active,,Miss Paula Lopez,kennethnichols@example.org,001-364-304-1209x1179
STU00900,Jason,Sanchez,Male,2014-04-13,Grade 11,2024-11-30,,46149,Lori Clark,osbornkelly@example.net,+1-804-245-0928
STU00296,Tammie,Martin,Female,2009-04-24,Grade 10,24/3/2023,Active,,Sandra Pope,butlersabrina@example.org,(707)454-5279
STU00164,Abigail,Hill,Female,2013-08-29,Grade 10,2019-09-11,Active,,Phillip Burns,andersonryan@example.com,(267)260-0835x0583
STU00971,Jessica,Scott,Female,22-Aug-2007,Grade 8,2023-08-28,Active,,Matthew Morris,ebrown@example.net,+1-677-455-4261x903
STU00715,  Joshua,Wells,Male,2014-08-12,Grade 10,,Active,,Cory Robbins,allisonbrown@example.com,621.826.9428
STU00596,Amanda,Williams,Female,2011-11-14,Grade 8,2020-02-07,Withdrawn,2023-09-27,Teresa Aguirre,savannah15@example.net,(798)921-7392
STU00870,Betty,Vazquez,Female,2008-06-28,Grade 12,44992,Active,,Andrew Murphy,james65@example.com,892.320.3004x4964
STU00980,David,Jones,Male,2008-10-19,Grade 11,2023-05-16,Active,,Matthew Rivera,wilsonnicole@example.org,
STU00256,Kevin,Ford,Male,2012-01-04,Grade 8,45483,Active,,Casey Blanchard,georgegina@example.net,001-665-870-1329x02278
STU00225,Rebecca,Pierce,Female,2011-08-10,Grade 9,2023-03-11,Withdrawn,"August 21, 2025",Kimberly Greene,rachel85@example.com,(865)293-9836x84577
STU00959,Kaitlyn,Chan,Female,2012-05-11,Grade 10,2020-08-25,Active,,Darrell Rodriguez,brodriguez@example.net,001-981-997-2239x964
STU00802,Victor,Serrano,Male,2009-08-10,Grade 7,2022-03-26,Active,,Cheyenne Hughes,markgardner@example.org,993-953-4001x816
STU00999,Jacob,Phillips,Male,,Grade 8,2024-08-27,Active,,Rose Francis,maysedward@example.com,
STU00273,Mackenzie,Conway,Female,2014-02-19,Grade 10,2021-04-24,Withdrawn,2025-06-23,Logan Conley,meyersdaniel@example.com,+1-493-713-6565x198
STU00108,Alexis,Clark,Female,2008-09-21,Grade 11,2021-07-13,Active,,Samantha Hickman,francisco39@example.com,+1-885-762-1850x16315
STU00308,Heidi,Graham,Female,40743,Grade 6,2025-04-09,Active,,Rachel Pittman,karlwilliams@example.net,(839)519-1954x1987
STU00950,Cynthia,Diaz,Female,2013-04-28,Grade 8,2023-11-27,Active,,Victoria Maynard,travis24@example.org,(986)417-6822x512
STU00427,David,Smith,Male,2012-10-29,Grade 9,,withdrawn,2024-07-03,Teresa Aguilar,qbautista@example.net,+1-598-837-3543x9627
STU00939,Jessica,  Sandoval,Female,2015-05-20,Grade 7,2019-08-12,Active,,,christine92@example.org,(640)606-9836x92353
STU00635,Daniel,Arroyo,Male,2010-09-05,Grade 9,2024-12-14,Active,,William Guzman,samanthacastillo@example.net,931-891-0090x0404
STU00063,Jerry,Shepherd,Male,2014-04-08,Grade 6,2024-12-04,Active,,Mrs. Maria Williams,hritter@example.net,+1-725-354-6659x051
STU00524,Justin,Henry,Male,18/11/2013,Grade 7,2021-01-29,Active,,Kristin Graham,gregory57@example.net,(763)598-3652x037
STU00655,Donald,Harper,Male,2012-12-04,Grade 7,2022-09-14,,,Louis Buchanan,james58@example.net,737-598-2143x39527
STU00894,Stephanie,Miller,Female,2010-04-05,Grade 11,2023-03-24,Withdrawn,2024-06-13,Mark Daniels,dthompson@example.org,468.541.0132
STU00253,Jessica,White,Female,2012-05-03,Grade 12,28/2/2022,Active,,Sara Lyons  ,larry38@example.org,001-679-721-7174x77332
STU00807,Alan,Holt,Male,2010-08-28,Grade 10,13-Jan-2022,Active,,Brian Kent,hespinoza@example.org,+1-514-635-6140
STU00379,Hunter,Robinson,Male,05-Nov-2007,Grade 9,2020-06-30,Active,,Cindy Horton,myerskyle@example.org,+1-200-263-3533x106
STU00162,Bethany,Green,Female,2014-01-13,Grade 12,2023-03-24,Active,,Catherine Frazier,destiny35@example.org,001-346-955-4947x1709
STU00400,Michael,Hernandez,Male,2009-11-02,Grade 11,9/17/2024,Active,,  Sarah Carey,georgekyle@example.net,749-473-7460
STU00919,Daniel,Mccormick,Male,2008-04-14,Grade 7,2023-06-11,Active,,Emily Wagner,,5533260119
STU00783,Laura,Alexander,Female,"August 17, 2011",Grade 11,2020-07-10,Active,,Adam Thompson,greenbrandon@example.com,
STU00500,Lawrence,Hopkins,Male,2011-09-25,Grade 7,2020-02-24,Active,,Cory Johnston,marklloyd@example.com,775.313.7651
STU00274,Russell,Mcguire,Male,2013-09-07,Grade 12,2025-01-25,Active,,Gabriela Martinez,katherinejackson@example.com,+1-827-439-0219
STU00068,Jasmin,Miller,Female,2009-05-14,Grade 11,2023-02-16,Graduated,2024-03-11,Brett Espinoza,lacey20@example.com,827.379.0104x3289
STU00868,Nicole,Baxter,Female,2015-02-08,Grade 8,2022-09-22,Active,,Daniel Fletcher,connerkevin@example.org,(699)893-9344x9743
STU00577,  Jennifer,Pugh,Female,2015-07-23,Grade 8,2025-01-22,Graduated  ,29-Mar-2026,Ryan Walker,gonzalezjulie@example.net,+1-729-488-0858x382
STU00341,Sandra,Torres,Female,2010-12-14,Grade 12,2023-02-15,Active,,Monique Skinner,courtney51@example.org,001-717-649-0753x99893
STU00834,Robert,Wilkinson,Male,17/5/2009,Grade 8,2024-12-29,Active,,Abigail Lopez,coreypope@example.net,+1-321-358-1897x05916
STU00380,George,Lee,Male,2012-12-02,Grade 8,2020-09-09,Active,,Stephen Robles,jenniferwilliams@example.net,855-383-9386
STU00414,Megan,Macias,Female,2011-10-04,Grade 8,2020-03-22,Active,,Benjamin Franco,stephanie67@example.com,(951)653-8144
STU00393,Michael,Garcia,Male,22/1/2008,Grade 9,45603,Active,,Adrienne Aguilar,davisalexa@example.org,(598)747-7596x5555
STU00986,Lori,Leonard,Female,2013-03-04,,2023-11-23,Active,,Ashley White,turneramy@example.com,8677693332
STU00705,Patrick,Hooper,Male,2012-02-22,Grade 6,2024-01-10,Active,,  Cheryl Short,joanoconnor@example.org,432.247.0739
STU00343,Jaclyn,Fox,Female,2012-04-10,Grade 10,2020-03-18,Active,,Jennifer Baker,cfields@example.net,962.928.2772x8813
STU00095,Jesus,Brown,Male,40642,Grade 7,2019-11-05,Active,,Miranda Foster,reesebeth@example.org,(851)980-1704x62265
STU00793,Jennifer,  Wright,Female,2015-05-18,Grade 9,2021-02-13,Active,,,nathan06@example.com,6004994248
STU00855,Brandon,Bell,Male,2007-11-06,Grade 7,"September 28, 2021",Active,,Terry Arnold,lwilliams@example.com,+1-471-882-3601x071
STU00415,Deborah,Smith,Female,41135,Grade 8,2/5/2025,Active,,Thomas Hickman,wallspatricia@example.com,2507975451
STU00365,Matthew,Dyer,Male,2010-04-11,Grade 12,2021-06-09,Active,,Jesus Wood,donna89@example.com,001-811-522-3386x559
STU00238,Travis,Walker,Male,2012-12-09,Grade 9,2021-06-12,Active,,Daniel Thompson,fcamacho@example.net,273-366-0965x69998
STU00851,Courtney,Wallace,Female,2011-03-12,Grade 12,4/10/2024,Graduated,,Jennifer Nguyen,jamessmith@example.com,7052278105
STU00484,Erica,Hale,Female,,Grade 8,2024-04-11,Active,,Laura Gonzalez MD,oshelton@example.org,001-726-883-1901x3020
STU00637,Jordan,Tanner,,2013-02-16,Grade 11,,,,Alexander Hart,simoneric@example.org,(660)607-6762x0901
STU00182,Jennifer,Herrera,Female,,Grade 6,2022-05-13,Active,,Daniel Rivera,,+1-201-757-3993
STU00370,Alexa,Evans,Female,41693,Grade 9,44832,Active,,Jennifer Sullivan,kennedywilliam@example.org,(733)537-3898x7751
STU00998,Anthony,Burns,Male,2012-10-01,Grade 11,2022-11-21,Active,,Brandon Walker,joshua70@example.com,001-861-387-5646x7263
STU00653,Andrea,Miller,Female,2014-09-14,Grade 9,2019-11-28,Active,,Martin Wood,pcampbell@example.com,489-954-7876x9899
STU00564,David,Adkins,Male,2007-10-03,Grade 6,2022-08-04,Active,,Jason Foster,hyates@example.org,350.396.0858x74951
STU00587,James,dominguez,Male,2009-02-27,Grade 10,2021-04-01,Active,,Kyle Mcdowell,jphelps@example.net,285-562-6149x91537
STU00678,Kevin,Gilbert,Male,2011-10-12,Grade 11,2022-05-10,Active,,Diane Brown,eric81@example.com,+1-634-806-5277x584
STU00284,Charles,Rogers,Male,2011-11-20,Grade 8,2021-03-15,SUSPENDED,,Nancy Goodwin,karenhodges@example.com,(348)964-0155x778
STU00249,Lori,Kirby,Female,2012-02-20,Grade 7,2023-11-23,Withdrawn,2024-09-07,Kurt Hancock,janet50@example.com,(517)335-7438x42150
STU00841,Teresa,Barnes,Female,2007-09-06,Grade 6,2022-11-19,Active,,Jared Dyer,zskinner@example.com,001-606-636-2198x65504
STU00888,Tiffany,,Female,2008-03-06,Grade 11,2022-09-01,Active,,,dawsonamanda@example.com,+1-368-776-4019
STU00927,Jesse,Beasley,Male,2007-09-28,Grade 6,2023-09-10,Active,,Renee Moyer,mccormickkatherine@example.com,001-903-743-9881x87387
STU00641,Roger,Sanders,Male,2014-02-27,Grade 10,2025-05-25,Active,,Wanda Stephens,johnstonjonathan@example.net,+1-723-857-1558x68639
STU00485,Keith,Lin,Male,2010-04-18,Grade 9,2025-03-17,Active,,Tina Chandler,nlee@example.net,385.459.8217x6619
STU00687,Austin,Townsend,Male,2013-08-21,Grade 11,1/25/2021,Active,,Christopher Hubbard,david87@example.net,879-541-5152
STU00652,Lisa,Camacho,Female,23/7/2013,Grade 11,2021-08-25,Active,,Lucas Tyler,wlucas@example.net,(239)884-7169
STU00465,Michelle,Rios,Female,2014-05-09,Grade 11,07-Sep-2023,Active,,Carlos Rangel,nhester@example.net,363.414.6249
STU00769,MERCEDES,Richardson,Female,2015-04-24,Grade 8,2024-08-28,Active,,Sara Jones,trujillojason@example.net,001-995-329-7013
STU00448,Kyle,Robinson,Male,2009-03-31,Grade 9,44864,Active,,Michael Friedman,lisa04@example.com,917.876.6558x68512
STU00254,Jenna,Lyons,Female,2012-11-21,Grade 7,2021-09-17,Active,,Sonya Chavez,jonesdaniel@example.com,324.659.9281x615
STU00366,Thomas,Hines,Male,2012-04-08,Grade 9,1/9/2023,Active,,Elizabeth Hernandez,brianflynn@example.org,997.431.7912x86857
STU00974,Cody,Roach,Male,2013-07-18,Grade 6,2022-01-25,Active,,Victoria Norton MD,jack64@example.com,506-380-1770
STU00871,Brittany,Carr,Female,2012-02-07,Grade 10,2020-07-31,,,Brenda Mclaughlin,daniel13@example.net,256.858.9635x957
STU00830,Jimmy,Blake,Male,2014-05-05,Grade 7,2024-08-22,Active,,ADAM MARTIN,maria17@example.org,(254)426-2417x8429
STU00748,Greg,Franklin,Male,2013-01-22,Grade 7,2020-02-05,Active,,SCOTT AYERS,castropeter@example.com,7789468509
STU00056,Christopher,Park  ,Male,2010-01-15,Grade 9,2020-09-05,Active,,Aaron Kane,vjones@example.net,7186366752
STU00764,Tammy,Lindsey,Female,2014-12-13,Grade 11,2023-10-04,,,Robin Williams,ramirezkevin@example.com,+1-219-495-1715x2391
STU00179,Brianna,Brown,,2013-11-04,Grade 8,2021-08-25,Graduated,2023-07-23,Joshua Howard,rgarcia@example.net,+1-838-863-8406
STU00275,Alexis,Tucker,Female,2007-08-15,Grade 6,2023-09-26,Active,,Brandon Pearson,robert72@example.org,(448)976-3290
STU00198,Michelle,Clarke,Female,"March 11, 2012",Grade 11,2023-03-13,Active,,Adam Pena,robert12@example.com,+1-994-448-6959x4636
STU00440,Allison,Flynn,Female,2011-05-21,Grade 7,2021-05-25,Active,,Amanda Martin,omiller@example.org,001-733-622-8898x572
STU00441,Isaac,Chase,Male,2011-01-07,Grade 8,2025-05-26,Withdrawn,2025-12-12,Patricia Hughes,wendylawson@example.org,001-371-902-4817
STU00525,Abigail,COLLINS,Female,2008-04-27,Grade 11,2023-10-09,Active,,David Dorsey,arthur47@example.com,9444090797
STU00598,Thomas,Hart,Male,2013-03-09,Grade 10,2021-03-13,Active,,Nicole Day,luke73@example.com,+1-866-666-1707x1587
STU00271,Melissa,Mosley,Female,2012-08-12,Grade 6,2020-09-02,Active,,Bradley Chen,donaldlee@example.net,001-937-261-8478
STU00178,Justin,Aguilar,Male,10-Feb-2015,Grade 10,2022-10-08,Active,,Megan English,natalie60@example.net,606-620-0342
STU00006,Jane,Ferrell,Female,2011-10-21,Grade 7,2024-08-13,Active,,Shannon Smith,maldonadoamanda@example.com,001-551-446-2704x82814
STU00813,Sierra,Gallagher,Female,2010-06-09,Grade 10,17-Sep-2020,Active,,Lynn Ray,omarturner@example.org,+1-709-352-1755
STU00877,Danielle,Goodman,Female,2008-12-16,Grade 6,2023-08-16,Active,,Christine Miller,reneenavarro@example.net,001-347-223-0342x02847
STU00907,Kyle,Nguyen,Male,,Grade 9,2021-10-05,Active,,Crystal Perez,burnschristopher@example.org,355-331-2900x3622
STU00611,  Julie,Parrish,Female,2008-08-12,Grade 12,2022-08-09,,,Emily Fitzpatrick,lowekristin@example.org,5006515532
STU00612,Ryan,Cox,Male,2014-11-04,Grade 7,2024-05-31,Active,,Sandra Alvarez,keithgarcia@example.net,(922)661-8962
STU00819,Samantha,Taylor,Female,2007-12-03,Grade 12,11-Dec-2019,Active,,Robert Wheeler,smithtimothy@example.net,+1-818-594-8543x2987
STU00388,ALEXANDRIA,Mason,Female,16/5/2013,Grade 10,2019-10-07,Active,,Timothy Bentley DVM,patrick49@example.org,(801)869-2364x58750
STU00381,Crystal,Rodriguez,,2/26/2010,Grade 12,2021-03-21,Active,,Matthew Smith,stephenjones@example.com,+1-495-601-3649x7189
